allocation_id,venue_name,purpose,student_count,faculty_id,department,start_time,end_time,date,status,utilization_rate,satisfaction_score,is_peak_hour
BKG100000,ME002,Meeting,5,FAC5106,CSE,09:00,11:00,2026-06-22,Approved,0.62,3,1
BKG100001,ME002,Training,4,FAC5051,AIML,15:00,16:00,2026-05-25,Approved,0.5,4,0
BKG100002,ME002,Meeting,8,FAC5109,AIML,14:00,17:00,2026-05-23,Approved,1.0,4,0
BKG100003,ME004,Meeting,14,FAC5064,CIVIL,11:00,12:00,2026-07-09,Approved,0.78,4,1
BKG100004,ME004,Training,12,FAC5013,EEE,10:00,12:00,2026-06-06,Approved,0.67,3,1
BKG100005,ME004,Meeting,12,FAC5025,ECE,15:00,17:00,2026-04-28,Approved,0.67,5,0
BKG100006,ME005,Meeting,8,FAC5101,AIML,11:00,14:00,2026-05-25,Approved,1.0,3,1
BKG100007,ME005,Class,6,FAC5011,ECE,11:00,14:00,2026-06-01,Approved,0.75,4,1
BKG100008,ME005,Meeting,4,FAC5123,EEE,10:00,12:00,2026-04-28,Approved,0.5,3,1
BKG100009,ME101,Training,78,FAC5124,AIDS,15:00,16:00,2026-07-22,Approved,0.87,3,0
BKG100010,ME101,Meeting,80,FAC5069,AIML,11:00,13:00,2026-07-03,Approved,0.89,4,1
BKG100011,ME101,Training,75,FAC5028,CIVIL,14:00,17:00,2026-05-26,Approved,0.83,3,0
BKG100012,ME102,Meeting,75,FAC5059,TEXTILE,10:00,12:00,2026-06-17,Approved,0.83,5,1
BKG100013,ME102,Meeting,77,FAC5010,AIML,15:00,18:00,2026-06-08,Approved,0.86,4,0
BKG100014,ME102,Training,77,FAC5040,ECE,11:00,12:00,2026-06-21,Approved,0.86,4,1
BKG100015,ME107,Training,86,FAC5072,ECE,11:00,14:00,2026-07-08,Approved,0.96,4,1
BKG100016,ME107,Class,70,FAC5010,CSE,12:00,14:00,2026-06-01,Approved,0.78,4,0
BKG100017,ME107,Training,82,FAC5020,EEE,09:00,10:00,2026-06-09,Approved,0.91,3,1
BKG100018,ME108,Class,73,FAC5011,AIDS,14:00,17:00,2026-05-19,Approved,0.81,4,0
BKG100019,ME108,Meeting,76,FAC5019,IT,14:00,16:00,2026-06-11,Approved,0.84,4,0
BKG100020,ME108,Meeting,90,FAC5120,CSE,10:00,11:00,2026-05-06,Approved,1.0,3,1
BKG100021,ME201,Training,78,FAC5106,TEXTILE,09:00,12:00,2026-06-26,Approved,0.87,4,1
BKG100022,ME201,Training,75,FAC5133,IT,11:00,13:00,2026-06-30,Approved,0.83,4,1
BKG100023,ME201,Class,87,FAC5025,AIML,12:00,15:00,2026-05-17,Approved,0.97,5,0
BKG100024,ME202,Class,77,FAC5073,IT,11:00,14:00,2026-05-01,Approved,0.86,5,1
BKG100025,ME202,Class,70,FAC5101,TEXTILE,10:00,11:00,2026-05-06,Approved,0.78,4,1
BKG100026,ME202,Training,71,FAC5004,AIML,15:00,16:00,2026-06-24,Approved,0.79,5,0
BKG100027,ME203,Meeting,88,FAC5114,MECH,10:00,11:00,2026-07-18,Approved,0.98,4,1
BKG100028,ME203,Meeting,70,FAC5123,AIDS,11:00,12:00,2026-05-14,Approved,0.78,4,1
BKG100029,ME203,Class,78,FAC5087,ECE,11:00,12:00,2026-06-27,Approved,0.87,3,1
BKG100030,ME204,Meeting,73,FAC5089,MECH,09:00,12:00,2026-05-15,Approved,0.81,3,1
BKG100031,ME204,Meeting,71,FAC5054,TEXTILE,15:00,16:00,2026-06-28,Approved,0.79,3,0
BKG100032,ME204,Training,84,FAC5122,EEE,09:00,11:00,2026-06-25,Approved,0.93,5,1
BKG100033,ME205,Class,88,FAC5079,IT,14:00,15:00,2026-05-11,Approved,0.98,5,0
BKG100034,ME205,Training,73,FAC5023,AIDS,14:00,16:00,2026-06-10,Approved,0.81,4,0
BKG100035,ME205,Class,90,FAC5018,AIML,11:00,14:00,2026-07-18,Approved,1.0,5,1
BKG100036,ME206,Class,78,FAC5040,IT,09:00,10:00,2026-06-19,Approved,0.87,5,1
BKG100037,ME206,Meeting,84,FAC5044,EEE,09:00,11:00,2026-05-01,Approved,0.93,3,1
BKG100038,ME206,Training,85,FAC5103,ECE,14:00,15:00,2026-05-18,Approved,0.94,4,0
BKG100039,ME301,Class,79,FAC5131,AIML,14:00,16:00,2026-05-16,Approved,0.88,4,0
BKG100040,ME301,Training,79,FAC5031,AIML,12:00,14:00,2026-07-07,Approved,0.88,3,0
BKG100041,ME301,Training,88,FAC5016,ECE,14:00,16:00,2026-06-07,Approved,0.98,4,0
BKG100042,ME302,Meeting,73,FAC5033,TEXTILE,10:00,11:00,2026-07-10,Approved,0.81,5,1
BKG100043,ME302,Training,80,FAC5034,ECE,15:00,17:00,2026-06-29,Approved,0.89,4,0
BKG100044,ME302,Training,83,FAC5039,EEE,15:00,18:00,2026-06-09,Approved,0.92,4,0
BKG100045,ME303,Meeting,88,FAC5132,ECE,09:00,11:00,2026-05-26,Approved,0.98,4,1
BKG100046,ME303,Meeting,88,FAC5040,TEXTILE,09:00,10:00,2026-07-21,Approved,0.98,4,1
BKG100047,ME303,Class,74,FAC5009,AIML,11:00,12:00,2026-04-28,Approved,0.82,3,1
BKG100048,ME304,Training,84,FAC5021,EEE,12:00,15:00,2026-06-03,Approved,0.93,4,0
BKG100049,ME304,Meeting,71,FAC5008,AIML,15:00,18:00,2026-05-02,Approved,0.79,5,0
BKG100050,ME304,Training,71,FAC5025,ECE,15:00,18:00,2026-07-12,Approved,0.79,5,0
BKG100051,ME305,Training,86,FAC5011,EEE,11:00,14:00,2026-07-03,Approved,0.96,3,1
BKG100052,ME305,Class,82,FAC5045,IT,14:00,15:00,2026-05-09,Approved,0.91,5,0
BKG100053,ME305,Meeting,74,FAC5020,MECH,12:00,15:00,2026-05-04,Approved,0.82,4,0
BKG100054,ME306,Training,89,FAC5029,MECH,10:00,12:00,2026-07-17,Approved,0.99,4,1
BKG100055,ME306,Training,79,FAC5078,AIML,14:00,16:00,2026-06-18,Approved,0.88,3,0
BKG100056,ME306,Training,84,FAC5041,AIML,09:00,10:00,2026-06-10,Approved,0.93,3,1
BKG100057,ME103,Class,23,FAC5021,ECE,12:00,13:00,2026-07-22,Approved,0.57,5,0
BKG100058,ME103,Meeting,35,FAC5006,AIML,09:00,10:00,2026-06-17,Approved,0.88,3,1
BKG100059,ME103,Class,36,FAC5080,ECE,14:00,15:00,2026-05-24,Approved,0.9,3,0
BKG100060,ME104,Meeting,28,FAC5015,MECH,12:00,15:00,2026-05-24,Approved,0.7,5,0
BKG100061,ME104,Meeting,22,FAC5135,EEE,10:00,12:00,2026-05-01,Approved,0.55,5,1
BKG100062,ME104,Training,29,FAC5103,CIVIL,14:00,15:00,2026-07-08,Approved,0.72,5,0
BKG100063,ME105,Meeting,5,FAC5074,CSE,12:00,14:00,2026-06-22,Approved,0.42,3,0
BKG100064,ME105,Meeting,9,FAC5029,ECE,12:00,14:00,2026-06-06,Approved,0.75,4,0
BKG100065,ME105,Class,2,FAC5059,AIDS,15:00,16:00,2026-07-15,Approved,0.17,4,0
BKG100066,ME106,Meeting,12,FAC5044,CSE,14:00,17:00,2026-05-20,Approved,0.67,3,0
BKG100067,ME106,Class,1,FAC5117,CIVIL,12:00,15:00,2026-06-17,Approved,0.06,4,0
BKG100068,ME106,Meeting,12,FAC5063,ECE,14:00,16:00,2026-07-05,Approved,0.67,4,0
BKG100069,Mech Smart class,Class,18,FAC5059,CIVIL,12:00,14:00,2026-05-07,Approved,0.56,5,0
BKG100070,Mech Smart class,Training,19,FAC5037,CIVIL,14:00,15:00,2026-05-20,Approved,0.59,5,0
BKG100071,Mech Smart class,Training,32,FAC5016,ECE,11:00,14:00,2026-05-25,Approved,1.0,4,1
BKG100072,Mech library,Meeting,32,FAC5076,TEXTILE,09:00,11:00,2026-07-04,Approved,0.8,3,1
BKG100073,Mech library,Training,37,FAC5011,ECE,14:00,15:00,2026-07-04,Approved,0.93,5,0
BKG100074,Mech library,Meeting,27,FAC5064,TEXTILE,10:00,11:00,2026-05-11,Approved,0.68,5,1
BKG100075,Mech Conferencee Room,Conference,4,FAC5117,TEXTILE,10:00,13:00,2026-07-10,Approved,0.4,5,1
BKG100076,Mech Conferencee Room,Conference,8,FAC5083,TEXTILE,12:00,14:00,2026-05-01,Approved,0.8,5,0
BKG100077,Mech Conferencee Room,Workshop,10,FAC5052,CIVIL,14:00,16:00,2026-05-24,Approved,1.0,3,0
BKG100078,Cyber security Lab,Lab,58,FAC5067,AIML,14:00,16:00,2026-07-03,Approved,0.97,4,0
BKG100079,Cyber security Lab,Lab,50,FAC5032,CSE,15:00,18:00,2026-06-16,Approved,0.83,5,0
BKG100080,Cyber security Lab,Lab,49,FAC5052,IT,11:00,13:00,2026-06-23,Approved,0.82,4,1
BKG100081,Thermal engineering lab,Lab,10,FAC5076,EEE,12:00,14:00,2026-05-12,Approved,0.42,3,0
BKG100082,Thermal engineering lab,Lab,9,FAC5018,AIML,12:00,15:00,2026-07-07,Approved,0.38,4,0
BKG100083,Thermal engineering lab,Lab,20,FAC5081,CSE,14:00,15:00,2026-06-30,Approved,0.83,4,0
BKG100084,Fluid Mechanics and Machinery lab,Lab,14,FAC5124,IT,09:00,12:00,2026-05-23,Approved,0.44,3,1
BKG100085,Fluid Mechanics and Machinery lab,Lab,20,FAC5081,MECH,09:00,12:00,2026-05-01,Approved,0.62,5,1
BKG100086,Fluid Mechanics and Machinery lab,Lab,19,FAC5118,TEXTILE,11:00,12:00,2026-06-11,Approved,0.59,3,1
BKG100087,Strength of materials,Lab,30,FAC5098,TEXTILE,14:00,17:00,2026-07-20,Approved,0.62,4,0
BKG100088,Strength of materials,Lab,48,FAC5080,TEXTILE,15:00,18:00,2026-05-16,Approved,1.0,5,0
BKG100089,Strength of materials,Lab,31,FAC5024,CIVIL,12:00,15:00,2026-06-20,Approved,0.65,3,0
BKG100090,Kinematics and Dynamics Lab,Lab,14,FAC5062,ECE,11:00,13:00,2026-06-12,Approved,0.41,5,1
BKG100091,Kinematics and Dynamics Lab,Lab,26,FAC5118,AIDS,11:00,12:00,2026-05-05,Approved,0.76,5,1
BKG100092,Kinematics and Dynamics Lab,Lab,21,FAC5127,AIML,14:00,17:00,2026-04-28,Approved,0.62,3,0
BKG100093,Metallargy Lab,Lab,12,FAC5012,IT,11:00,14:00,2026-06-16,Approved,0.5,4,1
BKG100094,Metallargy Lab,Lab,21,FAC5005,CIVIL,09:00,11:00,2026-06-30,Approved,0.88,5,1
BKG100095,Metallargy Lab,Lab,18,FAC5043,CIVIL,09:00,10:00,2026-04-30,Approved,0.75,4,1
BKG100096,Computer lab - (18),Lab,69,FAC5059,AIDS,09:00,10:00,2026-06-07,Approved,0.78,4,1
BKG100097,Computer lab - (18),Lab,79,FAC5054,MECH,12:00,15:00,2026-06-10,Approved,0.89,3,0
BKG100098,Computer lab - (18),Lab,83,FAC5099,ECE,10:00,13:00,2026-06-15,Approved,0.93,3,1
BKG100099,Computer Lab  (19) - Harita Lab,Lab,39,FAC5034,IT,12:00,14:00,2026-04-29,Approved,1.0,4,0
BKG100100,Computer Lab  (19) - Harita Lab,Lab,20,FAC5122,AIDS,11:00,14:00,2026-07-09,Approved,0.51,4,1
BKG100101,Computer Lab  (19) - Harita Lab,Lab,34,FAC5033,ECE,09:00,10:00,2026-07-08,Approved,0.87,5,1
BKG100102,Computer Lab (20),Lab,59,FAC5103,EEE,14:00,15:00,2026-07-22,Approved,1.0,4,0
BKG100103,Computer Lab (20),Lab,40,FAC5063,ECE,15:00,16:00,2026-05-26,Approved,0.68,3,0
BKG100104,Computer Lab (20),Lab,49,FAC5099,CSE,12:00,13:00,2026-05-01,Approved,0.83,5,0
BKG100105,Computer Lab (21),Lab,59,FAC5021,CSE,10:00,11:00,2026-07-12,Approved,1.0,3,1
BKG100106,Computer Lab (21),Lab,59,FAC5117,MECH,15:00,17:00,2026-05-28,Approved,1.0,5,0
BKG100107,Computer Lab (21),Lab,51,FAC5059,MECH,11:00,14:00,2026-07-06,Approved,0.86,4,1
BKG100108,Computer Lab (22),Lab,43,FAC5131,CIVIL,15:00,18:00,2026-07-20,Approved,0.73,5,0
BKG100109,Computer Lab (22),Lab,47,FAC5102,IT,11:00,14:00,2026-05-04,Approved,0.8,5,1
BKG100110,Computer Lab (22),Lab,44,FAC5082,AIML,09:00,11:00,2026-07-19,Approved,0.75,3,1
BKG100111,Computer Lab (23),Lab,47,FAC5018,AIDS,09:00,10:00,2026-07-08,Approved,0.8,3,1
BKG100112,Computer Lab (23),Lab,41,FAC5100,MECH,09:00,10:00,2026-06-12,Approved,0.69,4,1
BKG100113,Computer Lab (23),Lab,54,FAC5087,IT,12:00,14:00,2026-06-24,Approved,0.92,5,0
BKG100114,Computer Lab  (24) - CAD Lab,Lab,78,FAC5111,TEXTILE,09:00,12:00,2026-05-14,Approved,0.99,4,1
BKG100115,Computer Lab  (24) - CAD Lab,Lab,73,FAC5074,AIML,14:00,17:00,2026-05-19,Approved,0.92,5,0
BKG100116,Computer Lab  (24) - CAD Lab,Lab,59,FAC5131,CIVIL,15:00,17:00,2026-04-29,Approved,0.75,3,0
BKG100117,Computer Lab (25),Lab,43,FAC5055,IT,14:00,16:00,2026-05-11,Approved,0.73,3,0
BKG100118,Computer Lab (25),Lab,45,FAC5015,MECH,10:00,12:00,2026-06-16,Approved,0.76,4,1
BKG100119,Computer Lab (25),Lab,55,FAC5096,MECH,15:00,17:00,2026-07-07,Approved,0.93,4,0
BKG100120,Computer Lab (26),Lab,56,FAC5003,IT,12:00,15:00,2026-05-04,Approved,0.81,3,0
BKG100121,Computer Lab (26),Lab,67,FAC5029,CSE,12:00,15:00,2026-07-06,Approved,0.97,3,0
BKG100122,Computer Lab (26),Lab,66,FAC5072,TEXTILE,11:00,13:00,2026-06-14,Approved,0.96,3,1
BKG100123,Mech Drawing Hall,Class,139,FAC5115,CIVIL,11:00,13:00,2026-06-06,Approved,0.93,5,1
BKG100124,Mech Drawing Hall,Meeting,133,FAC5004,EEE,15:00,18:00,2026-06-02,Approved,0.89,4,0
BKG100125,Mech Drawing Hall,Training,131,FAC5128,ECE,09:00,10:00,2026-06-26,Approved,0.87,5,1
BKG100126,Agri Lab,Lab,40,FAC5009,AIDS,12:00,13:00,2026-05-22,Approved,0.89,3,0
BKG100127,Agri Lab,Lab,40,FAC5020,TEXTILE,14:00,15:00,2026-06-19,Approved,0.89,5,0
BKG100128,Agri Lab,Lab,26,FAC5029,AIDS,09:00,12:00,2026-07-03,Approved,0.58,4,1
BKG100129,Godrej lab,Lab,37,FAC5042,EEE,11:00,12:00,2026-06-11,Approved,0.66,4,1
BKG100130,Godrej lab,Lab,45,FAC5056,IT,15:00,17:00,2026-07-09,Approved,0.8,3,0
BKG100131,Godrej lab,Lab,56,FAC5125,ECE,15:00,16:00,2026-06-03,Approved,1.0,4,0
BKG100132,Industrial Safety lab,Lab,7,FAC5087,CIVIL,15:00,17:00,2026-04-28,Approved,0.39,3,0
BKG100133,Industrial Safety lab,Lab,5,FAC5036,CIVIL,11:00,12:00,2026-07-12,Approved,0.28,5,1
BKG100134,Industrial Safety lab,Lab,4,FAC5127,TEXTILE,10:00,11:00,2026-05-13,Approved,0.22,3,1
BKG100135,Heat and Mass Transfer lab,Lab,37,FAC5126,IT,10:00,11:00,2026-06-03,Approved,0.74,5,1
BKG100136,Heat and Mass Transfer lab,Lab,34,FAC5059,EEE,10:00,11:00,2026-07-06,Approved,0.68,4,1
BKG100137,Heat and Mass Transfer lab,Lab,44,FAC5053,IT,15:00,16:00,2026-06-24,Approved,0.88,5,0
BKG100138,Basic work shop,Lab,38,FAC5002,ECE,09:00,11:00,2026-06-12,Approved,0.95,3,1
BKG100139,Basic work shop,Lab,36,FAC5089,MECH,09:00,10:00,2026-05-09,Approved,0.9,3,1
BKG100140,Basic work shop,Lab,30,FAC5113,AIML,09:00,11:00,2026-06-24,Approved,0.75,4,1
BKG100141,Metrology Lab,Lab,1,FAC5077,ECE,09:00,11:00,2026-07-14,Approved,0.25,4,1
BKG100142,Metrology Lab,Lab,1,FAC5078,CSE,12:00,14:00,2026-05-28,Approved,0.25,4,0
BKG100143,Metrology Lab,Lab,2,FAC5042,IT,10:00,13:00,2026-05-24,Approved,0.5,4,1
BKG100144,SF B01,Class,61,FAC5067,IT,11:00,14:00,2026-06-16,Approved,0.76,3,1
BKG100145,SF B01,Training,67,FAC5001,EEE,09:00,11:00,2026-06-07,Approved,0.84,3,1
BKG100146,SF B01,Class,62,FAC5046,EEE,11:00,13:00,2026-05-15,Approved,0.78,3,1
BKG100147,SF B02,Class,66,FAC5085,CIVIL,11:00,14:00,2026-06-15,Approved,0.82,4,1
BKG100148,SF B02,Training,61,FAC5105,AIDS,10:00,11:00,2026-07-09,Approved,0.76,5,1
BKG100149,SF B02,Meeting,69,FAC5126,TEXTILE,14:00,16:00,2026-05-05,Approved,0.86,4,0
BKG100150,SF B03,Class,80,FAC5024,IT,11:00,13:00,2026-07-07,Approved,1.0,3,1
BKG100151,SF B03,Training,61,FAC5041,ECE,11:00,13:00,2026-05-03,Approved,0.76,3,1
BKG100152,SF B03,Training,78,FAC5040,EEE,09:00,12:00,2026-07-17,Approved,0.97,3,1
BKG100153,SF 001,Class,60,FAC5037,AIDS,14:00,17:00,2026-07-21,Approved,0.75,5,0
BKG100154,SF 001,Training,78,FAC5095,AIDS,09:00,10:00,2026-06-04,Approved,0.97,5,1
BKG100155,SF 001,Class,77,FAC5042,CIVIL,11:00,14:00,2026-07-01,Approved,0.96,5,1
BKG100156,SF 002,Training,71,FAC5051,MECH,11:00,13:00,2026-06-09,Approved,0.89,4,1
BKG100157,SF 002,Training,77,FAC5093,EEE,12:00,15:00,2026-06-21,Approved,0.96,5,0
BKG100158,SF 002,Training,75,FAC5118,ECE,15:00,18:00,2026-05-07,Approved,0.94,3,0
BKG100159,SF 101,Class,78,FAC5089,TEXTILE,10:00,13:00,2026-06-06,Approved,0.97,3,1
BKG100160,SF 101,Class,65,FAC5063,AIDS,09:00,12:00,2026-05-28,Approved,0.81,4,1
BKG100161,SF 101,Meeting,70,FAC5056,EEE,12:00,15:00,2026-06-07,Approved,0.88,3,0
BKG100162,SF 102,Training,73,FAC5080,IT,10:00,13:00,2026-05-20,Approved,0.91,3,1
BKG100163,SF 102,Meeting,66,FAC5046,CSE,14:00,15:00,2026-05-20,Approved,0.82,3,0
BKG100164,SF 102,Meeting,72,FAC5075,CIVIL,12:00,15:00,2026-05-17,Approved,0.9,4,0
BKG100165,SF 103,Training,64,FAC5109,IT,11:00,13:00,2026-07-07,Approved,0.8,4,1
BKG100166,SF 103,Class,62,FAC5063,ECE,14:00,15:00,2026-05-09,Approved,0.78,3,0
BKG100167,SF 103,Training,74,FAC5044,EEE,14:00,15:00,2026-05-06,Approved,0.93,5,0
BKG100168,SF 201,Class,60,FAC5135,EEE,12:00,14:00,2026-05-06,Approved,0.75,4,0
BKG100169,SF 201,Class,66,FAC5071,IT,12:00,14:00,2026-06-06,Approved,0.82,3,0
BKG100170,SF 201,Training,61,FAC5058,AIDS,09:00,12:00,2026-05-07,Approved,0.76,4,1
BKG100171,SF 202,Meeting,65,FAC5077,EEE,10:00,13:00,2026-07-09,Approved,0.81,3,1
BKG100172,SF 202,Meeting,71,FAC5131,MECH,10:00,13:00,2026-06-23,Approved,0.89,5,1
BKG100173,SF 202,Class,65,FAC5066,CIVIL,14:00,15:00,2026-05-19,Approved,0.81,5,0
BKG100174,SF 203,Class,61,FAC5120,MECH,15:00,16:00,2026-05-10,Approved,0.76,3,0
BKG100175,SF 203,Meeting,61,FAC5001,TEXTILE,15:00,17:00,2026-07-18,Approved,0.76,4,0
BKG100176,SF 203,Training,74,FAC5133,AIML,11:00,13:00,2026-05-04,Approved,0.93,5,1
BKG100177,SUN FLOWER BLOCK - SEMINAR HALL I,Conference,302,FAC5032,AIDS,09:00,10:00,2026-07-05,Approved,0.99,4,1
BKG100178,SUN FLOWER BLOCK - SEMINAR HALL I,Conference,299,FAC5019,AIML,10:00,12:00,2026-07-11,Approved,0.98,4,1
BKG100179,SUN FLOWER BLOCK - SEMINAR HALL I,Workshop,298,FAC5022,EEE,09:00,11:00,2026-06-13,Approved,0.98,3,1
BKG100180,SUN FLOWER BLOCK - SEMINAR HALL II,Conference,178,FAC5029,IT,10:00,13:00,2026-07-10,Approved,0.99,4,1
BKG100181,SUN FLOWER BLOCK - SEMINAR HALL II,Workshop,180,FAC5048,EEE,15:00,17:00,2026-06-18,Approved,1.0,3,0
BKG100182,SUN FLOWER BLOCK - SEMINAR HALL II,Workshop,177,FAC5010,EEE,12:00,14:00,2026-06-19,Approved,0.98,4,0
BKG100183,SUN FLOWER BLOCK - SEMINAR HALL III,Seminar,187,FAC5013,TEXTILE,10:00,11:00,2026-05-12,Approved,0.96,3,1
BKG100184,SUN FLOWER BLOCK - SEMINAR HALL III,Seminar,176,FAC5122,AIML,14:00,15:00,2026-06-15,Approved,0.9,3,0
BKG100185,SUN FLOWER BLOCK - SEMINAR HALL III,Conference,186,FAC5013,AIML,09:00,12:00,2026-05-23,Approved,0.95,4,1
BKG100186,MBA SYNDICATE ROOM,Meeting,1,FAC5077,CIVIL,10:00,11:00,2026-07-21,Approved,0.08,3,1
BKG100187,MBA SYNDICATE ROOM,Training,7,FAC5031,TEXTILE,12:00,15:00,2026-06-27,Approved,0.54,3,0
BKG100188,MBA SYNDICATE ROOM,Training,11,FAC5074,MECH,14:00,15:00,2026-06-22,Approved,0.85,5,0
BKG100189,Class Room 1,Meeting,60,FAC5130,EEE,11:00,14:00,2026-05-29,Approved,1.0,5,1
BKG100190,Class Room 1,Training,60,FAC5116,MECH,12:00,15:00,2026-06-24,Approved,1.0,4,0
BKG100191,Class Room 1,Training,45,FAC5033,AIDS,15:00,18:00,2026-05-29,Approved,0.75,3,0
BKG100192,Class Room 2,Meeting,44,FAC5011,TEXTILE,11:00,13:00,2026-07-02,Approved,0.73,4,1
BKG100193,Class Room 2,Class,54,FAC5088,MECH,12:00,15:00,2026-06-13,Approved,0.9,4,0
BKG100194,Class Room 2,Class,49,FAC5125,CSE,09:00,11:00,2026-04-29,Approved,0.82,3,1
BKG100195,Tutorial Hall,Training,15,FAC5048,IT,12:00,15:00,2026-07-04,Approved,0.54,3,0
BKG100196,Tutorial Hall,Training,21,FAC5008,AIML,12:00,13:00,2026-05-22,Approved,0.75,3,0
BKG100197,Tutorial Hall,Class,20,FAC5035,AIDS,15:00,17:00,2026-05-12,Approved,0.71,5,0
BKG100198,BAS Lab(Computer Lab 1),Lab,21,FAC5049,AIDS,11:00,12:00,2026-07-08,Approved,0.53,3,1
BKG100199,BAS Lab(Computer Lab 1),Lab,24,FAC5064,TEXTILE,15:00,16:00,2026-05-06,Approved,0.6,4,0
BKG100200,BAS Lab(Computer Lab 1),Lab,33,FAC5009,CSE,11:00,13:00,2026-07-22,Approved,0.82,5,1
BKG100201,BOARD ROOM,Meeting,7,FAC5046,EEE,11:00,13:00,2026-06-09,Approved,0.58,5,1
BKG100202,BOARD ROOM,Meeting,9,FAC5042,CSE,14:00,17:00,2026-07-13,Approved,0.75,3,0
BKG100203,BOARD ROOM,Meeting,6,FAC5011,AIDS,12:00,13:00,2026-05-11,Approved,0.5,3,0
BKG100204,IT DISCUSSION ROOM,Meeting,3,FAC5129,TEXTILE,10:00,12:00,2026-05-31,Approved,0.3,3,1
BKG100205,IT DISCUSSION ROOM,Class,9,FAC5019,AIML,11:00,13:00,2026-06-09,Approved,0.9,4,1
BKG100206,IT DISCUSSION ROOM,Class,7,FAC5092,TEXTILE,09:00,11:00,2026-07-17,Approved,0.7,4,1
BKG100207,CSE DISCUSSION ROOM,Training,3,FAC5135,MECH,10:00,12:00,2026-06-02,Approved,0.2,3,1
BKG100208,CSE DISCUSSION ROOM,Training,7,FAC5051,TEXTILE,10:00,11:00,2026-05-23,Approved,0.47,5,1
BKG100209,CSE DISCUSSION ROOM,Meeting,8,FAC5118,TEXTILE,15:00,16:00,2026-06-10,Approved,0.53,3,0
BKG100210,Artificial Intelligence Lab(COMPUTER LAB 2),Lab,70,FAC5050,IT,14:00,17:00,2026-06-18,Approved,0.99,5,0
BKG100211,Artificial Intelligence Lab(COMPUTER LAB 2),Lab,61,FAC5027,CIVIL,15:00,17:00,2026-07-01,Approved,0.86,3,0
BKG100212,Artificial Intelligence Lab(COMPUTER LAB 2),Lab,51,FAC5058,IT,12:00,14:00,2026-05-29,Approved,0.72,3,0
BKG100213,Data Mining Lab(COMPUTER LAB 3),Lab,49,FAC5094,IT,10:00,11:00,2026-05-06,Approved,0.83,5,1
BKG100214,Data Mining Lab(COMPUTER LAB 3),Lab,44,FAC5080,EEE,10:00,13:00,2026-07-09,Approved,0.75,3,1
BKG100215,Data Mining Lab(COMPUTER LAB 3),Lab,40,FAC5056,TEXTILE,15:00,16:00,2026-05-29,Approved,0.68,3,0
BKG100216,Cloud Computing(COMPUTER LAB 4),Lab,44,FAC5033,ECE,09:00,12:00,2026-06-02,Approved,0.75,3,1
BKG100217,Cloud Computing(COMPUTER LAB 4),Lab,59,FAC5106,AIDS,12:00,13:00,2026-07-16,Approved,1.0,3,0
BKG100218,Cloud Computing(COMPUTER LAB 4),Lab,51,FAC5024,EEE,11:00,14:00,2026-05-23,Approved,0.86,4,1
BKG100219,Database management system(computer lab 5),Lab,44,FAC5088,ECE,14:00,17:00,2026-07-03,Approved,0.75,5,0
BKG100220,Database management system(computer lab 5),Lab,40,FAC5097,AIML,14:00,16:00,2026-07-04,Approved,0.68,4,0
BKG100221,Database management system(computer lab 5),Lab,41,FAC5046,CSE,09:00,10:00,2026-05-23,Approved,0.69,3,1
BKG100222,Programming Lab(COMPUTER LAB 6),Lab,51,FAC5027,AIDS,11:00,14:00,2026-06-27,Approved,0.86,3,1
BKG100223,Programming Lab(COMPUTER LAB 6),Lab,48,FAC5119,TEXTILE,09:00,12:00,2026-07-10,Approved,0.81,4,1
BKG100224,Programming Lab(COMPUTER LAB 6),Lab,52,FAC5042,AIDS,15:00,17:00,2026-07-18,Approved,0.88,4,0
BKG100225,COMPUTER LAB - 7,Lab,67,FAC5037,IT,11:00,12:00,2026-07-09,Approved,0.94,3,1
BKG100226,COMPUTER LAB - 7,Lab,61,FAC5041,AIML,12:00,15:00,2026-06-17,Approved,0.86,4,0
BKG100227,COMPUTER LAB - 7,Lab,60,FAC5094,AIDS,11:00,12:00,2026-07-14,Approved,0.85,4,1
BKG100228,COMPUTER LAB - 8,Lab,46,FAC5022,TEXTILE,11:00,13:00,2026-06-19,Approved,0.78,3,1
BKG100229,COMPUTER LAB - 8,Lab,47,FAC5124,CSE,09:00,10:00,2026-05-25,Approved,0.8,4,1
BKG100230,COMPUTER LAB - 8,Lab,50,FAC5007,TEXTILE,12:00,15:00,2026-07-11,Approved,0.85,5,0
BKG100231,COMPUTER LAB - 9,Lab,52,FAC5124,EEE,15:00,17:00,2026-07-12,Approved,0.88,4,0
BKG100232,COMPUTER LAB - 9,Lab,48,FAC5093,AIDS,10:00,11:00,2026-06-19,Approved,0.81,3,1
BKG100233,COMPUTER LAB - 9,Lab,51,FAC5053,EEE,12:00,15:00,2026-06-26,Approved,0.86,5,0
BKG100234,COMPUTER LAB - 10,Lab,46,FAC5089,TEXTILE,12:00,15:00,2026-05-02,Approved,0.78,5,0
BKG100235,COMPUTER LAB - 10,Lab,42,FAC5033,IT,09:00,10:00,2026-05-14,Approved,0.71,5,1
BKG100236,COMPUTER LAB - 10,Lab,54,FAC5133,AIDS,14:00,17:00,2026-06-10,Approved,0.92,4,0
BKG100237,COMPUTER LAB - 11,Lab,55,FAC5068,CIVIL,09:00,11:00,2026-05-14,Approved,0.93,3,1
BKG100238,COMPUTER LAB - 11,Lab,41,FAC5109,MECH,15:00,17:00,2026-06-29,Approved,0.69,5,0
BKG100239,COMPUTER LAB - 11,Lab,57,FAC5088,MECH,14:00,16:00,2026-07-01,Approved,0.97,4,0
BKG100240,COMPUTER LAB - 12,Lab,54,FAC5121,TEXTILE,09:00,10:00,2026-05-22,Approved,0.92,3,1
BKG100241,COMPUTER LAB - 12,Lab,58,FAC5038,EEE,12:00,13:00,2026-05-24,Approved,0.98,5,0
BKG100242,COMPUTER LAB - 12,Lab,56,FAC5069,ECE,14:00,17:00,2026-06-23,Approved,0.95,3,0
BKG100243,Data Structure Lab (Computer  Lab-13),Lab,57,FAC5079,CSE,10:00,13:00,2026-07-12,Approved,0.97,5,1
BKG100244,Data Structure Lab (Computer  Lab-13),Lab,42,FAC5054,CIVIL,09:00,11:00,2026-05-17,Approved,0.71,4,1
BKG100245,Data Structure Lab (Computer  Lab-13),Lab,54,FAC5093,CSE,11:00,14:00,2026-07-04,Approved,0.92,3,1
BKG100246,Artificial Intellicence Lab (Computer  Lab-14),Lab,10,FAC5109,TEXTILE,09:00,12:00,2026-07-05,Approved,0.34,4,1
BKG100247,Artificial Intellicence Lab (Computer  Lab-14),Lab,9,FAC5126,TEXTILE,15:00,16:00,2026-07-10,Approved,0.31,5,0
BKG100248,Artificial Intellicence Lab (Computer  Lab-14),Lab,20,FAC5128,EEE,10:00,12:00,2026-05-04,Approved,0.69,3,1
BKG100249,Machine Learning  Lab (Computer  Lab-15),Lab,9,FAC5064,CSE,10:00,12:00,2026-07-02,Approved,0.31,3,1
BKG100250,Machine Learning  Lab (Computer  Lab-15),Lab,19,FAC5006,CIVIL,14:00,16:00,2026-06-27,Approved,0.66,4,0
BKG100251,Machine Learning  Lab (Computer  Lab-15),Lab,21,FAC5135,CIVIL,14:00,15:00,2026-06-17,Approved,0.72,4,0
BKG100252,Programming  Lab (Computer  Lab-16),Lab,11,FAC5131,CIVIL,12:00,15:00,2026-05-04,Approved,0.38,5,0
BKG100253,Programming  Lab (Computer  Lab-16),Lab,28,FAC5117,CIVIL,10:00,11:00,2026-05-15,Approved,0.97,4,1
BKG100254,Programming  Lab (Computer  Lab-16),Lab,22,FAC5127,TEXTILE,12:00,15:00,2026-07-01,Approved,0.76,4,0
BKG100255,Programming Lab (Computer  Lab-17),Lab,14,FAC5010,TEXTILE,09:00,10:00,2026-05-12,Approved,0.48,5,1
BKG100256,Programming Lab (Computer  Lab-17),Lab,25,FAC5002,IT,15:00,18:00,2026-05-10,Approved,0.86,3,0
BKG100257,Programming Lab (Computer  Lab-17),Lab,17,FAC5001,CSE,11:00,14:00,2026-06-08,Approved,0.59,5,1
BKG100258,FESEM LAB,Lab,39,FAC5055,CSE,10:00,12:00,2026-06-19,Approved,0.97,5,1
BKG100259,FESEM LAB,Lab,26,FAC5087,AIML,11:00,13:00,2026-06-14,Approved,0.65,5,1
BKG100260,FESEM LAB,Lab,20,FAC5067,MECH,15:00,18:00,2026-06-11,Approved,0.5,4,0
BKG100261,WW 101,Meeting,49,FAC5040,CIVIL,10:00,11:00,2026-07-08,Approved,0.98,3,1
BKG100262,WW 101,Class,40,FAC5124,ECE,14:00,16:00,2026-06-03,Approved,0.8,4,0
BKG100263,WW 101,Meeting,39,FAC5040,CIVIL,10:00,12:00,2026-07-17,Approved,0.78,3,1
BKG100264,WW 102,Training,39,FAC5004,AIDS,12:00,14:00,2026-07-21,Approved,0.78,5,0
BKG100265,WW 102,Class,45,FAC5020,CSE,14:00,15:00,2026-06-17,Approved,0.9,5,0
BKG100266,WW 102,Meeting,43,FAC5129,ECE,12:00,15:00,2026-06-07,Approved,0.86,5,0
BKG100267,WW 103,Class,49,FAC5097,AIML,15:00,16:00,2026-07-20,Approved,0.98,4,0
BKG100268,WW 103,Class,33,FAC5065,MECH,15:00,17:00,2026-05-15,Approved,0.66,3,0
BKG100269,WW 103,Training,31,FAC5038,AIDS,09:00,12:00,2026-07-10,Approved,0.62,3,1
BKG100270,WW 104,Meeting,37,FAC5062,CSE,09:00,10:00,2026-07-19,Approved,0.74,3,1
BKG100271,WW 104,Class,45,FAC5091,ECE,12:00,14:00,2026-07-07,Approved,0.9,5,0
BKG100272,WW 104,Meeting,49,FAC5134,CSE,15:00,17:00,2026-07-20,Approved,0.98,4,0
BKG100273,WW 105,Training,39,FAC5023,MECH,15:00,16:00,2026-05-07,Approved,0.78,3,0
BKG100274,WW 105,Meeting,42,FAC5047,AIDS,10:00,11:00,2026-07-07,Approved,0.84,5,1
BKG100275,WW 105,Class,38,FAC5121,CIVIL,11:00,12:00,2026-06-25,Approved,0.76,3,1
BKG100276,WW 106,Meeting,39,FAC5051,MECH,09:00,12:00,2026-07-20,Approved,0.78,5,1
BKG100277,WW 106,Training,50,FAC5018,MECH,09:00,12:00,2026-05-06,Approved,1.0,4,1
BKG100278,WW 106,Meeting,41,FAC5063,CIVIL,09:00,11:00,2026-05-25,Approved,0.82,4,1
BKG100279,WW 201,Class,40,FAC5035,EEE,09:00,12:00,2026-07-21,Approved,0.8,5,1
BKG100280,WW 201,Training,47,FAC5054,ECE,14:00,16:00,2026-07-07,Approved,0.94,4,0
BKG100281,WW 201,Class,48,FAC5058,TEXTILE,12:00,13:00,2026-06-23,Approved,0.96,4,0
BKG100282,WW 202,Meeting,30,FAC5108,CSE,10:00,13:00,2026-06-15,Approved,0.6,3,1
BKG100283,WW 202,Training,35,FAC5028,AIDS,10:00,12:00,2026-05-30,Approved,0.7,5,1
BKG100284,WW 202,Meeting,46,FAC5098,CIVIL,09:00,12:00,2026-05-26,Approved,0.92,5,1
BKG100285,WW 203,Class,48,FAC5067,CIVIL,14:00,15:00,2026-07-14,Approved,0.75,5,0
BKG100286,WW 203,Meeting,54,FAC5111,AIML,11:00,13:00,2026-05-28,Approved,0.84,4,1
BKG100287,WW 203,Meeting,64,FAC5092,IT,14:00,16:00,2026-06-17,Approved,1.0,4,0
BKG100288,WW 204,Class,65,FAC5068,IT,14:00,15:00,2026-05-08,Approved,0.86,5,0
BKG100289,WW 204,Meeting,67,FAC5088,AIDS,09:00,10:00,2026-05-31,Approved,0.88,4,1
BKG100290,WW 204,Training,74,FAC5060,EEE,09:00,11:00,2026-07-02,Approved,0.97,3,1
BKG100291,WW 205,Meeting,24,FAC5040,CIVIL,14:00,16:00,2026-05-10,Approved,0.6,4,0
BKG100292,WW 205,Training,39,FAC5026,AIDS,09:00,11:00,2026-05-06,Approved,0.97,4,1
BKG100293,WW 205,Meeting,31,FAC5115,AIDS,11:00,13:00,2026-05-23,Approved,0.78,5,1
BKG100294,WW 107,Class,36,FAC5087,EEE,11:00,12:00,2026-07-02,Approved,0.72,3,1
BKG100295,WW 107,Meeting,40,FAC5011,MECH,09:00,10:00,2026-06-12,Approved,0.8,4,1
BKG100296,WW 107,Meeting,31,FAC5059,AIML,12:00,15:00,2026-05-02,Approved,0.62,3,0
BKG100297,WW 108,Meeting,48,FAC5029,MECH,10:00,11:00,2026-06-19,Approved,0.96,3,1
BKG100298,WW 108,Meeting,32,FAC5108,IT,12:00,13:00,2026-05-30,Approved,0.64,3,0
BKG100299,WW 108,Training,41,FAC5005,AIDS,12:00,13:00,2026-07-09,Approved,0.82,5,0
BKG100300,WW 109,Meeting,31,FAC5103,AIML,11:00,12:00,2026-07-16,Approved,0.62,5,1
BKG100301,WW 109,Training,33,FAC5135,CIVIL,15:00,18:00,2026-06-10,Approved,0.66,5,0
BKG100302,WW 109,Meeting,36,FAC5039,AIDS,12:00,14:00,2026-07-03,Approved,0.72,3,0
BKG100303,WW 110,Class,34,FAC5095,EEE,12:00,13:00,2026-05-08,Approved,0.68,3,0
BKG100304,WW 110,Meeting,39,FAC5065,ECE,11:00,14:00,2026-05-22,Approved,0.78,4,1
BKG100305,WW 110,Meeting,33,FAC5135,CSE,09:00,12:00,2026-07-04,Approved,0.66,3,1
BKG100306,WW 111,Class,40,FAC5069,CSE,09:00,11:00,2026-06-17,Approved,0.8,4,1
BKG100307,WW 111,Meeting,32,FAC5055,TEXTILE,09:00,11:00,2026-04-30,Approved,0.64,4,1
BKG100308,WW 111,Training,40,FAC5121,MECH,14:00,16:00,2026-07-18,Approved,0.8,5,0
BKG100309,WW 112,Meeting,34,FAC5003,CIVIL,15:00,18:00,2026-06-13,Approved,0.68,4,0
BKG100310,WW 112,Class,35,FAC5037,AIML,11:00,12:00,2026-04-28,Approved,0.7,4,1
BKG100311,WW 112,Meeting,37,FAC5022,CSE,11:00,13:00,2026-05-09,Approved,0.74,3,1
BKG100312,WW 206,Meeting,86,FAC5068,TEXTILE,11:00,12:00,2026-05-05,Approved,0.86,4,1
BKG100313,WW 206,Class,83,FAC5102,ECE,10:00,11:00,2026-05-14,Approved,0.83,5,1
BKG100314,WW 206,Class,95,FAC5115,AIML,14:00,16:00,2026-07-19,Approved,0.95,4,0
BKG100315,WW 207,Class,84,FAC5056,CSE,12:00,14:00,2026-07-06,Approved,0.84,3,0
BKG100316,WW 207,Training,86,FAC5075,TEXTILE,11:00,14:00,2026-05-29,Approved,0.86,5,1
BKG100317,WW 207,Class,81,FAC5127,EEE,10:00,12:00,2026-05-27,Approved,0.81,4,1
BKG100318,WW 208,Class,49,FAC5045,IT,14:00,16:00,2026-05-16,Approved,0.82,3,0
BKG100319,WW 208,Meeting,51,FAC5017,TEXTILE,11:00,13:00,2026-07-17,Approved,0.85,5,1
BKG100320,WW 208,Meeting,57,FAC5126,ECE,14:00,16:00,2026-07-18,Approved,0.95,4,0
BKG100321,WW 209,Training,43,FAC5133,AIDS,09:00,11:00,2026-05-28,Approved,0.72,4,1
BKG100322,WW 209,Meeting,51,FAC5006,CSE,15:00,16:00,2026-06-09,Approved,0.85,3,0
BKG100323,WW 209,Meeting,45,FAC5112,AIDS,12:00,14:00,2026-05-15,Approved,0.75,5,0
BKG100324,WW 210,Class,46,FAC5130,AIDS,11:00,12:00,2026-04-30,Approved,0.77,4,1
BKG100325,WW 210,Class,48,FAC5070,TEXTILE,09:00,11:00,2026-07-01,Approved,0.8,5,1
BKG100326,WW 210,Meeting,60,FAC5086,EEE,11:00,12:00,2026-05-04,Approved,1.0,3,1
BKG100327,WW 113,Training,47,FAC5064,AIDS,09:00,10:00,2026-07-07,Approved,0.78,5,1
BKG100328,WW 113,Training,40,FAC5100,MECH,14:00,17:00,2026-05-31,Approved,0.67,4,0
BKG100329,WW 113,Training,41,FAC5073,AIDS,11:00,13:00,2026-05-23,Approved,0.68,4,1
BKG100330,WW 114,Class,44,FAC5125,TEXTILE,14:00,16:00,2026-05-30,Approved,0.73,3,0
BKG100331,WW 114,Meeting,52,FAC5027,CIVIL,10:00,13:00,2026-05-03,Approved,0.87,5,1
BKG100332,WW 114,Class,48,FAC5132,AIDS,10:00,12:00,2026-05-10,Approved,0.8,4,1
BKG100333,WW 115,Class,55,FAC5019,AIDS,12:00,15:00,2026-07-19,Approved,0.92,4,0
BKG100334,WW 115,Training,42,FAC5127,CIVIL,15:00,18:00,2026-07-18,Approved,0.7,5,0
BKG100335,WW 115,Meeting,42,FAC5040,EEE,15:00,18:00,2026-06-12,Approved,0.7,3,0
BKG100336,WW 117,Meeting,55,FAC5056,MECH,09:00,12:00,2026-06-25,Approved,0.92,5,1
BKG100337,WW 117,Class,56,FAC5109,TEXTILE,12:00,14:00,2026-05-31,Approved,0.93,4,0
BKG100338,WW 117,Training,53,FAC5107,CSE,12:00,14:00,2026-06-23,Approved,0.88,4,0
BKG100339,WW 118,Class,48,FAC5066,AIML,15:00,17:00,2026-07-12,Approved,0.8,5,0
BKG100340,WW 118,Class,56,FAC5097,IT,12:00,15:00,2026-07-10,Approved,0.93,4,0
BKG100341,WW 118,Class,52,FAC5015,AIDS,12:00,15:00,2026-06-21,Approved,0.87,3,0
BKG100342,WW 211,Class,59,FAC5086,MECH,11:00,13:00,2026-05-31,Approved,0.98,5,1
BKG100343,WW 211,Class,55,FAC5058,ECE,15:00,18:00,2026-05-13,Approved,0.92,3,0
BKG100344,WW 211,Meeting,43,FAC5024,EEE,12:00,15:00,2026-07-16,Approved,0.72,5,0
BKG100345,WW 212,Meeting,85,FAC5012,MECH,09:00,10:00,2026-07-22,Approved,0.85,5,1
BKG100346,WW 212,Training,87,FAC5013,MECH,10:00,11:00,2026-05-25,Approved,0.87,3,1
BKG100347,WW 212,Class,97,FAC5032,AIML,10:00,11:00,2026-07-08,Approved,0.97,3,1
BKG100348,WW 213,Meeting,55,FAC5081,TEXTILE,15:00,18:00,2026-07-07,Approved,0.92,4,0
BKG100349,WW 213,Class,57,FAC5121,IT,10:00,13:00,2026-06-05,Approved,0.95,5,1
BKG100350,WW 213,Training,54,FAC5122,EEE,11:00,13:00,2026-05-09,Approved,0.9,4,1
BKG100351,WW 214,Training,55,FAC5130,EEE,15:00,16:00,2026-05-14,Approved,0.92,3,0
BKG100352,WW 214,Class,40,FAC5030,IT,14:00,15:00,2026-07-13,Approved,0.67,4,0
BKG100353,WW 214,Class,58,FAC5019,TEXTILE,15:00,16:00,2026-07-14,Approved,0.97,4,0
BKG100354,WW 215,Training,49,FAC5035,AIML,10:00,11:00,2026-06-11,Approved,0.82,5,1
BKG100355,WW 215,Training,57,FAC5134,EEE,15:00,18:00,2026-04-29,Approved,0.95,4,0
BKG100356,WW 215,Training,44,FAC5129,TEXTILE,14:00,16:00,2026-05-04,Approved,0.73,4,0
BKG100357,WW 002,Class,26,FAC5053,EEE,12:00,14:00,2026-05-03,Approved,0.65,3,0
BKG100358,WW 002,Class,29,FAC5080,EEE,12:00,13:00,2026-06-10,Approved,0.72,4,0
BKG100359,WW 002,Training,39,FAC5091,IT,09:00,12:00,2026-06-30,Approved,0.97,5,1
BKG100360,WW 003,Class,21,FAC5098,MECH,15:00,16:00,2026-05-19,Approved,0.53,4,0
BKG100361,WW 003,Meeting,36,FAC5105,CIVIL,12:00,15:00,2026-07-11,Approved,0.9,5,0
BKG100362,WW 003,Training,31,FAC5021,ECE,09:00,11:00,2026-06-25,Approved,0.78,5,1
BKG100363,WW 004,Meeting,29,FAC5085,AIML,11:00,13:00,2026-05-21,Approved,0.72,3,1
BKG100364,WW 004,Class,24,FAC5027,IT,11:00,13:00,2026-06-30,Approved,0.6,5,1
BKG100365,WW 004,Training,32,FAC5031,AIML,10:00,11:00,2026-05-05,Approved,0.8,4,1
BKG100366,WW 005,Class,31,FAC5018,AIDS,09:00,10:00,2026-05-22,Approved,0.62,5,1
BKG100367,WW 005,Training,33,FAC5116,TEXTILE,14:00,17:00,2026-07-16,Approved,0.66,3,0
BKG100368,WW 005,Meeting,38,FAC5092,CSE,12:00,15:00,2026-05-01,Approved,0.76,4,0
BKG100369,WW 006,Meeting,46,FAC5104,MECH,09:00,11:00,2026-07-01,Approved,0.77,5,1
BKG100370,WW 006,Class,56,FAC5046,CIVIL,14:00,16:00,2026-06-09,Approved,0.93,4,0
BKG100371,WW 006,Class,56,FAC5105,CIVIL,15:00,17:00,2026-05-22,Approved,0.93,3,0
BKG100372,WW 007,Class,54,FAC5133,CSE,15:00,18:00,2026-06-28,Approved,0.9,3,0
BKG100373,WW 007,Training,40,FAC5060,EEE,15:00,18:00,2026-05-18,Approved,0.67,5,0
BKG100374,WW 007,Class,51,FAC5042,CSE,14:00,15:00,2026-05-31,Approved,0.85,3,0
BKG100375,WW 008,Training,55,FAC5051,IT,14:00,17:00,2026-05-29,Approved,0.92,3,0
BKG100376,WW 008,Meeting,57,FAC5124,EEE,15:00,17:00,2026-04-28,Approved,0.95,3,0
BKG100377,WW 008,Class,55,FAC5015,AIML,11:00,14:00,2026-06-24,Approved,0.92,5,1
BKG100378,WW 011,Training,45,FAC5135,TEXTILE,12:00,14:00,2026-05-10,Approved,0.75,5,0
BKG100379,WW 011,Class,51,FAC5023,MECH,11:00,14:00,2026-05-07,Approved,0.85,4,1
BKG100380,WW 011,Class,55,FAC5006,AIDS,15:00,16:00,2026-05-25,Approved,0.92,5,0
BKG100381,WW 012,Meeting,47,FAC5069,ECE,15:00,16:00,2026-06-25,Approved,0.78,5,0
BKG100382,WW 012,Training,49,FAC5078,CSE,14:00,17:00,2026-06-11,Approved,0.82,5,0
BKG100383,WW 012,Class,60,FAC5029,CSE,11:00,14:00,2026-07-05,Approved,1.0,5,1
BKG100384,WW 216,Meeting,34,FAC5108,TEXTILE,09:00,11:00,2026-04-30,Approved,0.85,5,1
BKG100385,WW 216,Training,38,FAC5078,TEXTILE,12:00,13:00,2026-07-05,Approved,0.95,3,0
BKG100386,WW 216,Meeting,20,FAC5075,EEE,10:00,11:00,2026-05-03,Approved,0.5,4,1
BKG100387,WW 217,Class,38,FAC5066,CIVIL,10:00,12:00,2026-05-12,Approved,0.95,3,1
BKG100388,WW 217,Meeting,38,FAC5012,AIDS,14:00,16:00,2026-07-02,Approved,0.95,3,0
BKG100389,WW 217,Class,28,FAC5063,AIDS,10:00,11:00,2026-04-30,Approved,0.7,3,1
BKG100390,WW 218,Training,51,FAC5131,CIVIL,14:00,16:00,2026-06-20,Approved,0.85,5,0
BKG100391,WW 218,Class,43,FAC5026,TEXTILE,14:00,16:00,2026-07-09,Approved,0.72,5,0
BKG100392,WW 218,Training,57,FAC5032,CSE,09:00,12:00,2026-05-13,Approved,0.95,5,1
BKG100393,WW 219,Class,49,FAC5072,EEE,11:00,12:00,2026-04-28,Approved,0.82,4,1
BKG100394,WW 219,Training,48,FAC5006,AIDS,09:00,12:00,2026-06-02,Approved,0.8,3,1
BKG100395,WW 219,Meeting,59,FAC5116,TEXTILE,12:00,13:00,2026-06-28,Approved,0.98,4,0
BKG100396,WW 220,Meeting,33,FAC5077,ECE,09:00,10:00,2026-06-13,Approved,0.82,3,1
BKG100397,WW 220,Training,28,FAC5062,TEXTILE,09:00,10:00,2026-06-23,Approved,0.7,5,1
BKG100398,WW 220,Meeting,37,FAC5029,ECE,12:00,13:00,2026-06-12,Approved,0.93,4,0
BKG100399,WW 221,Meeting,34,FAC5005,CIVIL,09:00,12:00,2026-06-05,Approved,0.85,4,1
BKG100400,WW 221,Training,25,FAC5082,TEXTILE,09:00,11:00,2026-07-12,Approved,0.62,5,1
BKG100401,WW 221,Meeting,33,FAC5033,EEE,10:00,13:00,2026-05-09,Approved,0.82,5,1
BKG100402,WW 222,Class,88,FAC5086,ECE,12:00,13:00,2026-07-10,Approved,0.88,5,0
BKG100403,WW 222,Class,92,FAC5020,AIML,14:00,15:00,2026-06-13,Approved,0.92,4,0
BKG100404,WW 222,Class,80,FAC5115,CSE,14:00,16:00,2026-06-27,Approved,0.8,3,0
BKG100405,WW 223,Training,95,FAC5063,CIVIL,14:00,17:00,2026-05-15,Approved,0.95,3,0
BKG100406,WW 223,Class,80,FAC5018,MECH,09:00,11:00,2026-07-08,Approved,0.8,3,1
BKG100407,WW 223,Meeting,89,FAC5069,AIDS,14:00,17:00,2026-06-26,Approved,0.89,4,0
BKG100408,WW 224,Meeting,98,FAC5108,IT,15:00,16:00,2026-07-02,Approved,0.98,5,0
BKG100409,WW 224,Training,100,FAC5008,EEE,09:00,12:00,2026-05-30,Approved,1.0,4,1
BKG100410,WW 224,Training,92,FAC5030,ECE,12:00,13:00,2026-07-11,Approved,0.92,3,0
BKG100411,WW 225,Class,83,FAC5047,AIML,11:00,13:00,2026-05-21,Approved,0.83,4,1
BKG100412,WW 225,Class,87,FAC5011,CSE,15:00,17:00,2026-06-25,Approved,0.87,4,0
BKG100413,WW 225,Training,91,FAC5023,CIVIL,11:00,14:00,2026-05-05,Approved,0.91,5,1
BKG100414,WW 226,Class,100,FAC5062,AIDS,11:00,13:00,2026-07-01,Approved,1.0,3,1
BKG100415,WW 226,Meeting,85,FAC5021,AIML,10:00,13:00,2026-05-27,Approved,0.85,3,1
BKG100416,WW 226,Meeting,82,FAC5052,EEE,14:00,16:00,2026-05-03,Approved,0.82,5,0
BKG100417,WW 227,Class,97,FAC5031,AIDS,12:00,13:00,2026-06-03,Approved,0.97,5,0
BKG100418,WW 227,Training,93,FAC5084,CSE,15:00,16:00,2026-06-03,Approved,0.93,4,0
BKG100419,WW 227,Training,83,FAC5049,AIDS,10:00,13:00,2026-05-28,Approved,0.83,5,1
BKG100420,IECC Launch Pad,Meeting,33,FAC5091,AIML,14:00,17:00,2026-05-20,Approved,0.82,3,0
BKG100421,IECC Launch Pad,Class,23,FAC5054,IT,15:00,17:00,2026-05-21,Approved,0.57,4,0
BKG100422,IECC Launch Pad,Training,22,FAC5093,EEE,12:00,15:00,2026-06-30,Approved,0.55,5,0
BKG100423,EEE smart class,Training,62,FAC5124,TEXTILE,15:00,16:00,2026-05-13,Approved,0.89,5,0
BKG100424,EEE smart class,Meeting,50,FAC5104,CSE,12:00,14:00,2026-07-20,Approved,0.71,4,0
BKG100425,EEE smart class,Meeting,69,FAC5009,AIDS,12:00,15:00,2026-05-24,Approved,0.99,3,0
BKG100426,EIE smart class,Meeting,35,FAC5116,AIML,10:00,11:00,2026-04-28,Approved,0.7,4,1
BKG100427,EIE smart class,Meeting,38,FAC5065,CIVIL,09:00,10:00,2026-05-26,Approved,0.76,3,1
BKG100428,EIE smart class,Training,33,FAC5060,MECH,12:00,13:00,2026-06-03,Approved,0.66,4,0
BKG100429,EIE CC Lab,Lab,44,FAC5040,ECE,09:00,12:00,2026-07-14,Approved,0.75,5,1
BKG100430,EIE CC Lab,Lab,42,FAC5070,CSE,11:00,12:00,2026-05-12,Approved,0.71,4,1
BKG100431,EIE CC Lab,Lab,45,FAC5110,ECE,10:00,12:00,2026-06-02,Approved,0.76,3,1
BKG100432,TRAINING & PLACEMENT CONFERENCE HALL I,Workshop,1,FAC5080,IT,10:00,12:00,2026-06-09,Approved,0.08,3,1
BKG100433,TRAINING & PLACEMENT CONFERENCE HALL I,Conference,4,FAC5117,MECH,15:00,18:00,2026-07-22,Approved,0.31,5,0
BKG100434,TRAINING & PLACEMENT CONFERENCE HALL I,Seminar,13,FAC5028,IT,10:00,12:00,2026-05-21,Approved,1.0,3,1
BKG100435,TRAINING & PLACEMENT CONFERENCE HALL II,Conference,5,FAC5085,ECE,15:00,18:00,2026-05-28,Approved,0.38,4,0
BKG100436,TRAINING & PLACEMENT CONFERENCE HALL II,Seminar,8,FAC5058,AIDS,12:00,13:00,2026-06-13,Approved,0.62,5,0
BKG100437,TRAINING & PLACEMENT CONFERENCE HALL II,Conference,2,FAC5029,CSE,15:00,16:00,2026-05-09,Approved,0.15,4,0
BKG100438,TBI CONFERENCE HALL,Workshop,2,FAC5006,AIML,12:00,14:00,2026-06-17,Approved,0.13,5,0
BKG100439,TBI CONFERENCE HALL,Conference,14,FAC5077,ECE,11:00,12:00,2026-06-19,Approved,0.93,4,1
BKG100440,TBI CONFERENCE HALL,Conference,14,FAC5005,MECH,12:00,15:00,2026-05-05,Approved,0.93,4,0
BKG100441,EIE CONFERENCE HALL,Conference,9,FAC5119,CIVIL,09:00,11:00,2026-04-30,Approved,0.38,5,1
BKG100442,EIE CONFERENCE HALL,Conference,18,FAC5074,TEXTILE,12:00,13:00,2026-05-23,Approved,0.75,4,0
BKG100443,EIE CONFERENCE HALL,Workshop,17,FAC5041,AIML,12:00,13:00,2026-05-10,Approved,0.71,4,0
BKG100444,EIE SEMINAR HALL,Workshop,142,FAC5098,IT,14:00,16:00,2026-06-27,Approved,0.89,3,0
BKG100445,EIE SEMINAR HALL,Workshop,148,FAC5074,MECH,12:00,15:00,2026-05-02,Approved,0.93,3,0
BKG100446,EIE SEMINAR HALL,Seminar,160,FAC5096,IT,10:00,13:00,2026-07-17,Approved,1.0,3,1
BKG100447,BIOTECH SEMINAR HALL,Conference,100,FAC5018,IT,15:00,16:00,2026-05-14,Approved,0.83,5,0
BKG100448,BIOTECH SEMINAR HALL,Conference,112,FAC5054,MECH,11:00,13:00,2026-05-23,Approved,0.93,4,1
BKG100449,BIOTECH SEMINAR HALL,Conference,102,FAC5013,CSE,10:00,13:00,2026-07-07,Approved,0.85,3,1
BKG100450,EEE SEMINAR HALL,Conference,146,FAC5127,IT,15:00,16:00,2026-06-19,Approved,0.91,3,0
BKG100451,EEE SEMINAR HALL,Workshop,141,FAC5086,IT,15:00,18:00,2026-06-25,Approved,0.88,5,0
BKG100452,EEE SEMINAR HALL,Workshop,159,FAC5068,CSE,10:00,12:00,2026-04-30,Approved,0.99,4,1
BKG100453,IECC SEMINAR HALL,Seminar,151,FAC5042,CSE,11:00,12:00,2026-07-10,Approved,0.94,4,1
BKG100454,IECC SEMINAR HALL,Seminar,150,FAC5056,AIML,11:00,14:00,2026-05-05,Approved,0.94,4,1
BKG100455,IECC SEMINAR HALL,Seminar,152,FAC5021,AIDS,10:00,12:00,2026-07-02,Approved,0.95,5,1
BKG100456,TBI Conference Hall - Second Floor,Class,5,FAC5132,IT,09:00,12:00,2026-05-10,Approved,0.5,3,1
BKG100457,TBI Conference Hall - Second Floor,Meeting,6,FAC5080,AIML,11:00,13:00,2026-05-11,Approved,0.6,4,1
BKG100458,TBI Conference Hall - Second Floor,Class,10,FAC5034,AIML,09:00,11:00,2026-05-29,Approved,1.0,5,1
BKG100459,Bio Process laboratory,Lab,48,FAC5036,CSE,14:00,17:00,2026-06-12,Approved,1.0,5,0
BKG100460,Bio Process laboratory,Lab,40,FAC5059,AIML,12:00,13:00,2026-04-30,Approved,0.83,4,0
BKG100461,Bio Process laboratory,Lab,42,FAC5075,CIVIL,10:00,13:00,2026-06-04,Approved,0.88,3,1
BKG100462,Internet Center,Lab,91,FAC5035,AIDS,15:00,16:00,2026-06-03,Approved,0.91,4,0
BKG100463,Internet Center,Lab,98,FAC5055,CIVIL,10:00,12:00,2026-06-03,Approved,0.98,4,1
BKG100464,Internet Center,Lab,83,FAC5112,CIVIL,15:00,18:00,2026-06-30,Approved,0.83,3,0
BKG100465,Centre of Excellence,Lab,66,FAC5076,EEE,14:00,16:00,2026-06-21,Approved,0.94,5,0
BKG100466,Centre of Excellence,Lab,51,FAC5104,AIML,14:00,15:00,2026-05-28,Approved,0.73,4,0
BKG100467,Centre of Excellence,Lab,69,FAC5053,AIML,12:00,14:00,2026-07-15,Approved,0.99,4,0
BKG100468,PLC Gurugulam,Lab,64,FAC5134,EEE,14:00,16:00,2026-06-21,Approved,0.91,4,0
BKG100469,PLC Gurugulam,Lab,53,FAC5060,AIML,12:00,14:00,2026-06-29,Approved,0.76,3,0
BKG100470,PLC Gurugulam,Lab,55,FAC5065,IT,12:00,15:00,2026-05-02,Approved,0.79,3,0
BKG100471,EEE CC LAB,Lab,118,FAC5060,ECE,15:00,18:00,2026-07-02,Approved,0.91,5,0
BKG100472,EEE CC LAB,Lab,118,FAC5133,EEE,10:00,13:00,2026-05-28,Approved,0.91,5,1
BKG100473,EEE CC LAB,Lab,111,FAC5094,TEXTILE,11:00,13:00,2026-05-09,Approved,0.85,5,1
BKG100474,Gurugulam - Embedded Lab,Lab,118,FAC5065,ECE,12:00,15:00,2026-06-25,Approved,0.91,5,0
BKG100475,Gurugulam - Embedded Lab,Lab,122,FAC5059,AIDS,12:00,13:00,2026-05-01,Approved,0.94,3,0
BKG100476,Gurugulam - Embedded Lab,Lab,110,FAC5070,AIML,11:00,14:00,2026-05-15,Approved,0.85,3,1
BKG100477,Mechatronics - SEW EURODRIVE Centre for Drives and Automation,Lab,21,FAC5087,AIML,14:00,15:00,2026-07-01,Approved,0.81,5,0
BKG100478,Mechatronics - SEW EURODRIVE Centre for Drives and Automation,Lab,25,FAC5086,EEE,10:00,12:00,2026-05-04,Approved,0.96,3,1
BKG100479,Mechatronics - SEW EURODRIVE Centre for Drives and Automation,Lab,26,FAC5116,AIML,14:00,17:00,2026-06-04,Approved,1.0,5,0
BKG100480,Mechatronics - Sensor and Instrumentation Laboratory,Lab,24,FAC5017,TEXTILE,10:00,13:00,2026-05-24,Approved,0.67,4,1
BKG100481,Mechatronics - Sensor and Instrumentation Laboratory,Lab,20,FAC5072,ECE,11:00,14:00,2026-06-29,Approved,0.56,5,1
BKG100482,Mechatronics - Sensor and Instrumentation Laboratory,Lab,25,FAC5088,AIDS,09:00,11:00,2026-05-22,Approved,0.69,5,1
BKG100483,Mechatronics - Conference Room,Lab,5,FAC5018,AIDS,12:00,14:00,2026-05-22,Approved,0.71,4,0
BKG100484,Mechatronics - Conference Room,Lab,4,FAC5030,CSE,10:00,12:00,2026-06-23,Approved,0.57,4,1
BKG100485,Mechatronics - Conference Room,Lab,6,FAC5025,IT,10:00,11:00,2026-05-31,Approved,0.86,4,1
BKG100486,Mechatronics - Computer Center 49,Lab,25,FAC5059,CIVIL,10:00,12:00,2026-05-27,Approved,0.83,5,1
BKG100487,Mechatronics - Computer Center 49,Lab,17,FAC5076,ECE,14:00,17:00,2026-05-21,Approved,0.57,5,0
BKG100488,Mechatronics - Computer Center 49,Lab,16,FAC5075,CIVIL,14:00,16:00,2026-05-12,Approved,0.53,5,0
BKG100489,Process control laboratory,Lab,3,FAC5107,AIML,11:00,12:00,2026-05-27,Approved,0.19,4,1
BKG100490,Process control laboratory,Lab,4,FAC5011,IT,10:00,12:00,2026-06-20,Approved,0.25,4,1
BKG100491,Process control laboratory,Lab,16,FAC5039,AIML,15:00,18:00,2026-06-05,Approved,1.0,5,0
BKG100492,PSKILL Lab 1,Lab,49,FAC5008,IT,15:00,18:00,2026-07-13,Approved,0.74,5,0
BKG100493,PSKILL Lab 1,Lab,60,FAC5086,AIML,10:00,11:00,2026-04-30,Approved,0.91,5,1
BKG100494,PSKILL Lab 1,Lab,48,FAC5031,AIDS,09:00,10:00,2026-07-17,Approved,0.73,4,1
BKG100495,PSKILL Lab 2,Lab,63,FAC5082,IT,14:00,16:00,2026-05-14,Approved,0.95,4,0
BKG100496,PSKILL Lab 2,Lab,47,FAC5010,AIML,15:00,16:00,2026-07-07,Approved,0.71,5,0
BKG100497,PSKILL Lab 2,Lab,55,FAC5128,MECH,12:00,13:00,2026-05-26,Approved,0.83,4,0
BKG100498,PSKILL Lab 3,Lab,61,FAC5030,IT,14:00,15:00,2026-07-05,Approved,0.92,3,0
BKG100499,PSKILL Lab 3,Lab,49,FAC5044,EEE,10:00,12:00,2026-07-17,Approved,0.74,5,1
BKG100500,PSKILL Lab 3,Lab,66,FAC5054,ECE,10:00,13:00,2026-04-30,Approved,1.0,4,1
BKG100501,Industrial instrumetation Laboratary,Lab,15,FAC5043,CIVIL,09:00,12:00,2026-07-06,Approved,0.71,5,1
BKG100502,Industrial instrumetation Laboratary,Lab,9,FAC5003,AIDS,15:00,16:00,2026-06-28,Approved,0.43,4,0
BKG100503,Industrial instrumetation Laboratary,Lab,9,FAC5002,AIML,11:00,12:00,2026-06-01,Approved,0.43,4,1
BKG100504,Electronics laboratary,Lab,34,FAC5123,CIVIL,09:00,12:00,2026-06-20,Approved,0.63,3,1
BKG100505,Electronics laboratary,Lab,44,FAC5077,TEXTILE,12:00,13:00,2026-07-15,Approved,0.81,5,0
BKG100506,Electronics laboratary,Lab,43,FAC5115,CSE,10:00,13:00,2026-07-02,Approved,0.8,3,1
BKG100507,Research laboratary,Lab,32,FAC5086,MECH,11:00,14:00,2026-05-23,Approved,0.89,4,1
BKG100508,Research laboratary,Lab,21,FAC5117,MECH,15:00,18:00,2026-05-04,Approved,0.58,4,0
BKG100509,Research laboratary,Lab,26,FAC5056,AIDS,12:00,13:00,2026-05-28,Approved,0.72,4,0
BKG100510,Power electronics laboratary,Lab,57,FAC5050,TEXTILE,12:00,14:00,2026-07-06,Approved,0.79,5,0
BKG100511,Power electronics laboratary,Lab,63,FAC5026,EEE,14:00,17:00,2026-06-22,Approved,0.88,3,0
BKG100512,Power electronics laboratary,Lab,55,FAC5090,EEE,11:00,14:00,2026-07-10,Approved,0.76,3,1
BKG100513,Advanced embedded system laboratary,Lab,62,FAC5023,EEE,14:00,15:00,2026-05-02,Approved,0.86,4,0
BKG100514,Advanced embedded system laboratary,Lab,72,FAC5046,IT,14:00,16:00,2026-06-14,Approved,1.0,5,0
BKG100515,Advanced embedded system laboratary,Lab,61,FAC5116,AIDS,12:00,15:00,2026-05-17,Approved,0.85,4,0
BKG100516,EW 101,Class,57,FAC5114,AIML,11:00,12:00,2026-07-17,Approved,0.95,3,1
BKG100517,EW 101,Class,51,FAC5128,AIML,11:00,13:00,2026-07-01,Approved,0.85,3,1
BKG100518,EW 101,Class,42,FAC5040,EEE,14:00,15:00,2026-05-03,Approved,0.7,4,0
BKG100519,EW 102,Training,46,FAC5073,TEXTILE,09:00,10:00,2026-06-10,Approved,0.77,3,1
BKG100520,EW 102,Class,53,FAC5012,AIDS,14:00,15:00,2026-07-21,Approved,0.88,4,0
BKG100521,EW 102,Class,49,FAC5032,CSE,14:00,17:00,2026-07-22,Approved,0.82,4,0
BKG100522,EW 103,Meeting,59,FAC5080,EEE,14:00,17:00,2026-05-02,Approved,0.98,3,0
BKG100523,EW 103,Training,51,FAC5079,IT,11:00,13:00,2026-07-10,Approved,0.85,3,1
BKG100524,EW 103,Class,48,FAC5059,MECH,14:00,17:00,2026-07-17,Approved,0.8,3,0
BKG100525,EW 104,Class,57,FAC5015,CSE,12:00,15:00,2026-07-04,Approved,0.95,3,0
BKG100526,EW 104,Meeting,55,FAC5106,CIVIL,09:00,10:00,2026-07-03,Approved,0.92,4,1
BKG100527,EW 104,Class,52,FAC5035,CSE,10:00,13:00,2026-06-26,Approved,0.87,5,1
BKG100528,EW 105,Class,46,FAC5098,AIML,09:00,11:00,2026-06-05,Approved,0.77,4,1
BKG100529,EW 105,Training,40,FAC5060,CIVIL,09:00,12:00,2026-07-08,Approved,0.67,3,1
BKG100530,EW 105,Training,57,FAC5080,CIVIL,14:00,16:00,2026-07-13,Approved,0.95,4,0
BKG100531,EW 106,Class,54,FAC5126,TEXTILE,15:00,17:00,2026-06-07,Approved,0.9,5,0
BKG100532,EW 106,Class,60,FAC5102,TEXTILE,15:00,16:00,2026-05-06,Approved,1.0,3,0
BKG100533,EW 106,Meeting,54,FAC5033,MECH,15:00,16:00,2026-06-23,Approved,0.9,5,0
BKG100534,EW 201,Class,42,FAC5069,ECE,12:00,15:00,2026-07-06,Approved,0.7,3,0
BKG100535,EW 201,Class,49,FAC5076,AIDS,12:00,14:00,2026-07-19,Approved,0.82,5,0
BKG100536,EW 201,Training,46,FAC5081,ECE,09:00,12:00,2026-07-20,Approved,0.77,4,1
BKG100537,EW 202,Class,55,FAC5009,CSE,15:00,17:00,2026-06-24,Approved,0.92,4,0
BKG100538,EW 202,Meeting,44,FAC5125,ECE,09:00,12:00,2026-05-23,Approved,0.73,5,1
BKG100539,EW 202,Class,44,FAC5020,CSE,11:00,13:00,2026-05-24,Approved,0.73,3,1
BKG100540,EW 203,Class,46,FAC5049,TEXTILE,15:00,17:00,2026-07-12,Approved,0.77,3,0
BKG100541,EW 203,Class,49,FAC5043,CIVIL,12:00,13:00,2026-07-19,Approved,0.82,5,0
BKG100542,EW 203,Training,44,FAC5118,EEE,12:00,13:00,2026-06-16,Approved,0.73,5,0
BKG100543,EW 204,Training,24,FAC5096,AIML,10:00,13:00,2026-06-04,Approved,0.6,4,1
BKG100544,EW 204,Training,34,FAC5102,MECH,11:00,12:00,2026-05-06,Approved,0.85,3,1
BKG100545,EW 204,Class,22,FAC5004,CSE,11:00,12:00,2026-07-09,Approved,0.55,4,1
BKG100546,EW 205,Training,40,FAC5058,EEE,15:00,17:00,2026-07-22,Approved,1.0,4,0
BKG100547,EW 205,Training,29,FAC5107,CIVIL,12:00,13:00,2026-04-29,Approved,0.72,3,0
BKG100548,EW 205,Training,30,FAC5112,IT,15:00,17:00,2026-06-02,Approved,0.75,5,0
BKG100549,EW 206,Meeting,98,FAC5115,AIDS,15:00,16:00,2026-07-19,Approved,0.98,3,0
BKG100550,EW 206,Meeting,97,FAC5133,CIVIL,11:00,12:00,2026-07-02,Approved,0.97,5,1
BKG100551,EW 206,Training,94,FAC5030,IT,12:00,14:00,2026-05-03,Approved,0.94,4,0
BKG100552,EW 107,Training,49,FAC5125,TEXTILE,15:00,16:00,2026-06-02,Approved,0.82,3,0
BKG100553,EW 107,Class,52,FAC5067,MECH,09:00,12:00,2026-05-17,Approved,0.87,3,1
BKG100554,EW 107,Class,52,FAC5105,MECH,14:00,15:00,2026-04-28,Approved,0.87,3,0
BKG100555,EW 108,Class,50,FAC5057,AIDS,11:00,13:00,2026-07-21,Approved,0.83,3,1
BKG100556,EW 108,Meeting,53,FAC5002,TEXTILE,14:00,16:00,2026-04-28,Approved,0.88,4,0
BKG100557,EW 108,Training,46,FAC5087,AIML,12:00,15:00,2026-06-06,Approved,0.77,5,0
BKG100558,EW 109,Class,49,FAC5081,MECH,14:00,17:00,2026-07-13,Approved,0.82,4,0
BKG100559,EW 109,Training,44,FAC5004,AIDS,11:00,14:00,2026-05-28,Approved,0.73,5,1
BKG100560,EW 109,Class,42,FAC5005,ECE,15:00,17:00,2026-05-19,Approved,0.7,4,0
BKG100561,EW 111,Meeting,46,FAC5058,ECE,09:00,10:00,2026-06-27,Approved,0.77,3,1
BKG100562,EW 111,Meeting,54,FAC5068,EEE,10:00,11:00,2026-05-01,Approved,0.9,3,1
BKG100563,EW 111,Meeting,40,FAC5131,CIVIL,11:00,12:00,2026-06-27,Approved,0.67,5,1
BKG100564,EW 112,Meeting,56,FAC5132,TEXTILE,12:00,15:00,2026-07-16,Approved,0.93,4,0
BKG100565,EW 112,Training,49,FAC5097,TEXTILE,14:00,16:00,2026-05-20,Approved,0.82,4,0
BKG100566,EW 112,Class,49,FAC5002,CIVIL,11:00,12:00,2026-07-12,Approved,0.82,4,1
BKG100567,EW 207,Training,43,FAC5070,CIVIL,10:00,11:00,2026-07-16,Approved,0.72,3,1
BKG100568,EW 207,Class,48,FAC5060,EEE,09:00,11:00,2026-06-23,Approved,0.8,5,1
BKG100569,EW 207,Meeting,59,FAC5125,ECE,15:00,16:00,2026-06-12,Approved,0.98,4,0
BKG100570,EW 208,Meeting,54,FAC5131,CIVIL,10:00,12:00,2026-05-10,Approved,0.9,3,1
BKG100571,EW 208,Meeting,55,FAC5068,IT,09:00,12:00,2026-06-11,Approved,0.92,3,1
BKG100572,EW 208,Training,55,FAC5079,EEE,09:00,11:00,2026-07-19,Approved,0.92,4,1
BKG100573,EW 209,Meeting,45,FAC5021,MECH,15:00,18:00,2026-05-06,Approved,0.75,3,0
BKG100574,EW 209,Meeting,50,FAC5120,CIVIL,14:00,15:00,2026-06-05,Approved,0.83,3,0
BKG100575,EW 209,Meeting,41,FAC5024,CSE,09:00,11:00,2026-05-11,Approved,0.68,4,1
BKG100576,EW 210,Class,21,FAC5129,TEXTILE,09:00,10:00,2026-06-01,Approved,0.53,5,1
BKG100577,EW 210,Class,31,FAC5080,CSE,09:00,11:00,2026-06-15,Approved,0.78,4,1
BKG100578,EW 210,Training,33,FAC5014,CSE,15:00,18:00,2026-07-16,Approved,0.82,4,0
BKG100579,EW 211,Class,29,FAC5056,IT,09:00,10:00,2026-06-18,Approved,0.72,3,1
BKG100580,EW 211,Meeting,32,FAC5131,IT,12:00,15:00,2026-06-05,Approved,0.8,5,0
BKG100581,EW 211,Meeting,40,FAC5058,IT,11:00,12:00,2026-07-17,Approved,1.0,5,1
BKG100582,EW 212,Training,84,FAC5033,TEXTILE,15:00,18:00,2026-07-14,Approved,0.84,4,0
BKG100583,EW 212,Class,89,FAC5073,AIDS,12:00,13:00,2026-05-17,Approved,0.89,3,0
BKG100584,EW 212,Training,88,FAC5019,CSE,10:00,13:00,2026-06-20,Approved,0.88,5,1
BKG100585,EW 113,Meeting,53,FAC5100,IT,15:00,18:00,2026-06-20,Approved,0.88,4,0
BKG100586,EW 113,Meeting,49,FAC5013,AIML,09:00,11:00,2026-05-20,Approved,0.82,3,1
BKG100587,EW 113,Training,59,FAC5028,IT,15:00,16:00,2026-05-26,Approved,0.98,3,0
BKG100588,EW 114,Training,45,FAC5053,IT,12:00,13:00,2026-06-13,Approved,0.75,3,0
BKG100589,EW 114,Training,42,FAC5120,TEXTILE,15:00,17:00,2026-06-03,Approved,0.7,3,0
BKG100590,EW 114,Meeting,60,FAC5129,CSE,15:00,17:00,2026-06-26,Approved,1.0,3,0
BKG100591,EW 116,Meeting,42,FAC5069,AIDS,09:00,10:00,2026-06-20,Approved,0.7,4,1
BKG100592,EW 116,Meeting,48,FAC5095,ECE,14:00,16:00,2026-06-18,Approved,0.8,4,0
BKG100593,EW 116,Class,44,FAC5031,IT,14:00,16:00,2026-06-21,Approved,0.73,3,0
BKG100594,EW 117,Meeting,52,FAC5031,IT,09:00,11:00,2026-06-22,Approved,0.87,3,1
BKG100595,EW 117,Meeting,44,FAC5133,EEE,15:00,16:00,2026-05-09,Approved,0.73,5,0
BKG100596,EW 117,Class,40,FAC5079,ECE,10:00,13:00,2026-06-28,Approved,0.67,5,1
BKG100597,EW 118,Class,42,FAC5065,MECH,11:00,12:00,2026-06-16,Approved,0.7,4,1
BKG100598,EW 118,Meeting,59,FAC5054,IT,15:00,16:00,2026-06-28,Approved,0.98,4,0
BKG100599,EW 118,Meeting,57,FAC5036,CIVIL,11:00,14:00,2026-06-07,Approved,0.95,4,1
BKG100600,EW 115,Meeting,44,FAC5049,ECE,11:00,14:00,2026-07-05,Approved,0.73,3,1
BKG100601,EW 115,Class,48,FAC5007,TEXTILE,14:00,16:00,2026-05-03,Approved,0.8,3,0
BKG100602,EW 115,Class,44,FAC5014,CSE,10:00,11:00,2026-05-27,Approved,0.73,4,1
BKG100603,EW 214,Training,47,FAC5063,TEXTILE,12:00,14:00,2026-06-02,Approved,0.78,3,0
BKG100604,EW 214,Class,59,FAC5062,TEXTILE,10:00,13:00,2026-05-05,Approved,0.98,5,1
BKG100605,EW 214,Meeting,51,FAC5009,CIVIL,15:00,17:00,2026-07-18,Approved,0.85,5,0
BKG100606,EW 215,Meeting,44,FAC5058,TEXTILE,10:00,11:00,2026-05-16,Approved,0.73,3,1
BKG100607,EW 215,Meeting,51,FAC5111,AIDS,10:00,13:00,2026-07-06,Approved,0.85,4,1
BKG100608,EW 215,Meeting,55,FAC5003,AIML,09:00,10:00,2026-05-27,Approved,0.92,5,1
BKG100609,EW 216,Meeting,35,FAC5071,AIDS,15:00,17:00,2026-07-07,Approved,0.88,5,0
BKG100610,EW 216,Class,32,FAC5019,AIML,14:00,17:00,2026-04-30,Approved,0.8,3,0
BKG100611,EW 216,Training,26,FAC5020,MECH,11:00,13:00,2026-07-17,Approved,0.65,3,1
BKG100612,EW 217,Class,32,FAC5073,CSE,11:00,14:00,2026-05-16,Approved,0.8,5,1
BKG100613,EW 217,Training,27,FAC5134,TEXTILE,11:00,14:00,2026-07-06,Approved,0.68,4,1
BKG100614,EW 217,Class,31,FAC5051,AIDS,09:00,11:00,2026-05-22,Approved,0.78,5,1
BKG100615,EW 218,Training,81,FAC5134,CSE,09:00,12:00,2026-06-01,Approved,0.81,5,1
BKG100616,EW 218,Meeting,85,FAC5021,CSE,14:00,15:00,2026-07-05,Approved,0.85,4,0
BKG100617,EW 218,Meeting,86,FAC5004,IT,15:00,16:00,2026-06-16,Approved,0.86,4,0
BKG100618,EW 213,Meeting,58,FAC5106,MECH,11:00,12:00,2026-05-04,Approved,0.97,3,1
BKG100619,EW 213,Class,42,FAC5099,ECE,15:00,17:00,2026-05-01,Approved,0.7,5,0
BKG100620,EW 213,Training,53,FAC5109,CSE,15:00,17:00,2026-06-18,Approved,0.88,5,0
BKG100621,Special lab Conference Hall 1,Workshop,3,FAC5082,ECE,11:00,13:00,2026-06-27,Approved,0.3,5,1
BKG100622,Special lab Conference Hall 1,Workshop,6,FAC5111,AIML,14:00,17:00,2026-07-18,Approved,0.6,5,0
BKG100623,Special lab Conference Hall 1,Conference,1,FAC5092,AIDS,15:00,17:00,2026-06-26,Approved,0.1,4,0
BKG100624,Special lab Conference Hall 2,Workshop,8,FAC5033,ECE,09:00,10:00,2026-07-15,Approved,0.8,4,1
BKG100625,Special lab Conference Hall 2,Seminar,5,FAC5107,AIML,10:00,13:00,2026-06-28,Approved,0.5,3,1
BKG100626,Special lab Conference Hall 2,Seminar,5,FAC5057,TEXTILE,15:00,17:00,2026-05-04,Approved,0.5,3,0
BKG100627,TEXTILE SEMINAR HALL,Conference,171,FAC5127,AIML,09:00,12:00,2026-06-14,Approved,0.95,5,1
BKG100628,TEXTILE SEMINAR HALL,Seminar,173,FAC5031,ECE,14:00,16:00,2026-06-29,Approved,0.96,5,0
BKG100629,TEXTILE SEMINAR HALL,Workshop,169,FAC5125,CIVIL,09:00,12:00,2026-05-08,Approved,0.94,4,1
BKG100630,ECE SEMINAR HALL,Conference,168,FAC5058,AIDS,11:00,12:00,2026-05-31,Approved,0.93,3,1
BKG100631,ECE SEMINAR HALL,Conference,169,FAC5084,ECE,15:00,17:00,2026-06-30,Approved,0.94,5,0
BKG100632,ECE SEMINAR HALL,Conference,165,FAC5117,EEE,14:00,15:00,2026-07-08,Approved,0.92,3,0
BKG100633,CIVIL CONFERENCE HALL,Conference,18,FAC5056,CIVIL,12:00,15:00,2026-05-10,Approved,0.6,5,0
BKG100634,CIVIL CONFERENCE HALL,Conference,18,FAC5110,CSE,14:00,16:00,2026-05-19,Approved,0.6,3,0
BKG100635,CIVIL CONFERENCE HALL,Seminar,20,FAC5031,IT,11:00,12:00,2026-05-16,Approved,0.67,3,1
BKG100636,Full Stack lab,Lab,80,FAC5067,AIDS,12:00,15:00,2026-05-25,Approved,0.94,5,0
BKG100637,Full Stack lab,Lab,65,FAC5057,AIDS,14:00,15:00,2026-06-28,Approved,0.76,5,0
BKG100638,Full Stack lab,Lab,65,FAC5076,EEE,09:00,11:00,2026-06-11,Approved,0.76,3,1
BKG100639,Data Science Lab,Lab,85,FAC5105,CSE,15:00,18:00,2026-06-21,Approved,0.94,5,0
BKG100640,Data Science Lab,Lab,84,FAC5073,CSE,10:00,12:00,2026-05-24,Approved,0.93,3,1
BKG100641,Data Science Lab,Lab,76,FAC5105,CSE,12:00,14:00,2026-06-11,Approved,0.84,3,0
BKG100642,IOT Lab,Lab,16,FAC5093,AIDS,15:00,16:00,2026-05-05,Approved,0.53,5,0
BKG100643,IOT Lab,Lab,18,FAC5030,TEXTILE,11:00,13:00,2026-06-16,Approved,0.6,4,1
BKG100644,IOT Lab,Lab,10,FAC5127,EEE,14:00,16:00,2026-06-19,Approved,0.33,4,0
BKG100645,HACKATHON LAB,Lab,63,FAC5062,EEE,10:00,13:00,2026-05-10,Approved,0.84,5,1
BKG100646,HACKATHON LAB,Lab,56,FAC5076,AIML,12:00,14:00,2026-06-24,Approved,0.75,3,0
BKG100647,HACKATHON LAB,Lab,71,FAC5047,IT,12:00,14:00,2026-07-13,Approved,0.95,5,0
BKG100648,DATA SCIENCE LAB 2,Lab,30,FAC5112,AIDS,14:00,16:00,2026-05-12,Approved,1.0,5,0
BKG100649,DATA SCIENCE LAB 2,Lab,13,FAC5081,ECE,10:00,12:00,2026-05-20,Approved,0.43,4,1
BKG100650,DATA SCIENCE LAB 2,Lab,16,FAC5069,AIML,09:00,12:00,2026-05-23,Approved,0.53,3,1
BKG100651,AI Lab,Lab,5,FAC5048,IT,09:00,10:00,2026-07-17,Approved,0.5,3,1
BKG100652,AI Lab,Lab,9,FAC5032,TEXTILE,15:00,16:00,2026-06-23,Approved,0.9,4,0
BKG100653,AI Lab,Lab,6,FAC5111,IT,12:00,15:00,2026-05-18,Approved,0.6,4,0
BKG100654,Embeded Lab,Lab,85,FAC5116,AIDS,11:00,13:00,2026-04-29,Approved,0.85,5,1
BKG100655,Embeded Lab,Lab,82,FAC5131,AIML,14:00,15:00,2026-07-14,Approved,0.82,4,0
BKG100656,Embeded Lab,Lab,87,FAC5102,TEXTILE,09:00,12:00,2026-06-16,Approved,0.87,5,1
BKG100657,XR Studio,Lab,20,FAC5053,TEXTILE,10:00,13:00,2026-05-30,Approved,1.0,4,1
BKG100658,XR Studio,Lab,13,FAC5035,MECH,11:00,12:00,2026-07-20,Approved,0.65,3,1
BKG100659,XR Studio,Lab,20,FAC5055,AIDS,15:00,17:00,2026-07-11,Approved,1.0,4,0
BKG100660,Smart AGRI,Lab,24,FAC5085,AIDS,14:00,16:00,2026-05-06,Approved,0.6,3,0
BKG100661,Smart AGRI,Lab,34,FAC5101,ECE,09:00,12:00,2026-05-10,Approved,0.85,4,1
BKG100662,Smart AGRI,Lab,20,FAC5057,CSE,10:00,11:00,2026-07-14,Approved,0.5,4,1
BKG100663,Robotics and Automation Lab,Lab,15,FAC5129,CSE,11:00,14:00,2026-06-30,Approved,0.5,4,1
BKG100664,Robotics and Automation Lab,Lab,17,FAC5046,EEE,14:00,15:00,2026-06-28,Approved,0.57,4,0
BKG100665,Robotics and Automation Lab,Lab,23,FAC5126,TEXTILE,14:00,15:00,2026-06-30,Approved,0.77,4,0
BKG100666,CPS LAB 1,Lab,37,FAC5033,ECE,09:00,10:00,2026-06-20,Approved,0.93,5,1
BKG100667,CPS LAB 1,Lab,28,FAC5111,AIML,12:00,13:00,2026-06-16,Approved,0.7,5,0
BKG100668,CPS LAB 1,Lab,32,FAC5129,CIVIL,15:00,16:00,2026-06-11,Approved,0.8,3,0
BKG100669,CPS LAB 2,Lab,35,FAC5129,MECH,15:00,17:00,2026-05-26,Approved,0.88,5,0
BKG100670,CPS LAB 2,Lab,31,FAC5038,AIML,12:00,15:00,2026-07-19,Approved,0.78,5,0
BKG100671,CPS LAB 2,Lab,38,FAC5127,CSE,11:00,14:00,2026-06-18,Approved,0.95,3,1
BKG100672,Physics Lab 1,Lab,136,FAC5086,TEXTILE,15:00,16:00,2026-05-03,Approved,0.91,4,0
BKG100673,Physics Lab 1,Lab,137,FAC5044,ECE,15:00,17:00,2026-05-26,Approved,0.91,4,0
BKG100674,Physics Lab 1,Lab,144,FAC5090,TEXTILE,10:00,11:00,2026-07-17,Approved,0.96,4,1
BKG100675,IOT Lab 1,Lab,28,FAC5019,TEXTILE,09:00,10:00,2026-05-07,Approved,0.62,5,1
BKG100676,IOT Lab 1,Lab,36,FAC5110,TEXTILE,12:00,14:00,2026-07-15,Approved,0.8,4,0
BKG100677,IOT Lab 1,Lab,38,FAC5032,CSE,09:00,10:00,2026-07-13,Approved,0.84,5,1
BKG100678,IOT Lab 2,Lab,43,FAC5075,MECH,10:00,13:00,2026-06-26,Approved,0.96,5,1
BKG100679,IOT Lab 2,Lab,35,FAC5085,EEE,11:00,13:00,2026-04-28,Approved,0.78,4,1
BKG100680,IOT Lab 2,Lab,35,FAC5113,MECH,11:00,13:00,2026-05-11,Approved,0.78,5,1
BKG100681,Physics Lab 2,Lab,98,FAC5010,CIVIL,09:00,12:00,2026-06-07,Approved,0.98,4,1
BKG100682,Physics Lab 2,Lab,86,FAC5127,AIDS,14:00,16:00,2026-06-27,Approved,0.86,3,0
BKG100683,Physics Lab 2,Lab,92,FAC5112,TEXTILE,12:00,14:00,2026-05-04,Approved,0.92,4,0
BKG100684,Chemistry Lab 1,Lab,82,FAC5124,AIDS,09:00,12:00,2026-05-30,Approved,0.82,3,1
BKG100685,Chemistry Lab 1,Lab,87,FAC5132,ECE,10:00,13:00,2026-05-03,Approved,0.87,5,1
BKG100686,Chemistry Lab 1,Lab,89,FAC5008,CIVIL,11:00,13:00,2026-07-19,Approved,0.89,4,1
BKG100687,Chemistry Lab 2,Lab,94,FAC5069,CSE,12:00,14:00,2026-07-22,Approved,0.94,3,0
BKG100688,Chemistry Lab 2,Lab,88,FAC5114,TEXTILE,09:00,12:00,2026-07-17,Approved,0.88,5,1
BKG100689,Chemistry Lab 2,Lab,93,FAC5038,EEE,12:00,14:00,2026-06-06,Approved,0.93,4,0
BKG100690,CPS LAB 3,Lab,24,FAC5109,IT,14:00,17:00,2026-07-06,Approved,0.62,5,0
BKG100691,CPS LAB 3,Lab,24,FAC5082,AIML,09:00,12:00,2026-07-14,Approved,0.62,3,1
BKG100692,CPS LAB 3,Lab,33,FAC5015,TEXTILE,09:00,11:00,2026-05-17,Approved,0.85,5,1
BKG100693,Analog Communication Lab,Lab,26,FAC5112,AIDS,15:00,16:00,2026-05-18,Approved,0.72,3,0
BKG100694,Analog Communication Lab,Lab,34,FAC5002,ECE,14:00,15:00,2026-05-06,Approved,0.94,3,0
BKG100695,Analog Communication Lab,Lab,28,FAC5124,TEXTILE,10:00,11:00,2026-05-10,Approved,0.78,3,1
BKG100696,Digital Communication Lab,Lab,26,FAC5002,IT,14:00,15:00,2026-07-04,Approved,0.72,5,0
BKG100697,Digital Communication Lab,Lab,28,FAC5065,IT,15:00,18:00,2026-07-18,Approved,0.78,5,0
BKG100698,Digital Communication Lab,Lab,20,FAC5025,IT,12:00,14:00,2026-06-13,Approved,0.56,5,0
BKG100699,Microwave Lab,Lab,44,FAC5072,AIML,11:00,14:00,2026-06-04,Approved,0.92,3,1
BKG100700,Microwave Lab,Lab,37,FAC5052,MECH,11:00,14:00,2026-07-21,Approved,0.77,4,1
BKG100701,Microwave Lab,Lab,31,FAC5075,CSE,12:00,15:00,2026-07-21,Approved,0.65,5,0
BKG100702,Network Lab,Lab,53,FAC5082,IT,10:00,13:00,2026-07-04,Approved,1.0,4,1
BKG100703,Network Lab,Lab,46,FAC5046,MECH,10:00,11:00,2026-07-19,Approved,0.87,4,1
BKG100704,Network Lab,Lab,37,FAC5094,AIML,15:00,18:00,2026-06-01,Approved,0.7,5,0
BKG100705,PG Communication Lab,Lab,12,FAC5033,CSE,15:00,16:00,2026-06-12,Approved,0.57,5,0
BKG100706,PG Communication Lab,Lab,9,FAC5047,ECE,11:00,12:00,2026-07-19,Approved,0.43,3,1
BKG100707,PG Communication Lab,Lab,9,FAC5114,EEE,12:00,13:00,2026-05-05,Approved,0.43,3,0
BKG100708,DSP Lab,Lab,31,FAC5135,MECH,09:00,11:00,2026-07-18,Approved,0.89,4,1
BKG100709,DSP Lab,Lab,17,FAC5132,EEE,10:00,11:00,2026-05-04,Approved,0.49,3,1
BKG100710,DSP Lab,Lab,25,FAC5118,MECH,12:00,13:00,2026-07-10,Approved,0.71,5,0
BKG100711,VLSI Design,Lab,20,FAC5055,MECH,10:00,11:00,2026-05-05,Approved,0.5,3,1
BKG100712,VLSI Design,Lab,38,FAC5127,TEXTILE,14:00,16:00,2026-07-06,Approved,0.95,3,0
BKG100713,VLSI Design,Lab,32,FAC5016,AIDS,14:00,17:00,2026-07-11,Approved,0.8,5,0
BKG100714,Microcontroller Lab,Lab,12,FAC5043,AIML,12:00,15:00,2026-05-19,Approved,0.46,3,0
BKG100715,Microcontroller Lab,Lab,11,FAC5110,CSE,09:00,10:00,2026-07-10,Approved,0.42,5,1
BKG100716,Microcontroller Lab,Lab,11,FAC5120,ECE,14:00,15:00,2026-05-09,Approved,0.42,5,0
BKG100717,Digital Electronics Lab,Lab,43,FAC5102,MECH,09:00,11:00,2026-05-04,Approved,0.9,3,1
BKG100718,Digital Electronics Lab,Lab,47,FAC5123,EEE,14:00,17:00,2026-05-13,Approved,0.98,4,0
BKG100719,Digital Electronics Lab,Lab,35,FAC5054,AIML,10:00,12:00,2026-06-09,Approved,0.73,3,1
BKG100720,Signal Processing Lab,Lab,34,FAC5131,CIVIL,12:00,14:00,2026-05-19,Approved,0.85,4,0
BKG100721,Signal Processing Lab,Lab,40,FAC5083,MECH,14:00,15:00,2026-05-22,Approved,1.0,5,0
BKG100722,Signal Processing Lab,Lab,26,FAC5001,CIVIL,14:00,15:00,2026-06-22,Approved,0.65,5,0
BKG100723,PCB Design Lab,Lab,27,FAC5059,ECE,10:00,12:00,2026-07-08,Approved,0.68,5,1
BKG100724,PCB Design Lab,Lab,34,FAC5031,MECH,15:00,16:00,2026-04-30,Approved,0.85,4,0
BKG100725,PCB Design Lab,Lab,37,FAC5017,ECE,10:00,13:00,2026-06-01,Approved,0.93,5,1
BKG100726,PCB Fabrication Lab,Lab,20,FAC5116,IT,10:00,12:00,2026-06-05,Approved,0.56,5,1
BKG100727,PCB Fabrication Lab,Lab,24,FAC5100,MECH,09:00,11:00,2026-05-09,Approved,0.67,4,1
BKG100728,PCB Fabrication Lab,Lab,17,FAC5094,EEE,11:00,12:00,2026-07-20,Approved,0.47,5,1
BKG100729,Sensor and Tamil Computing Lab,Lab,15,FAC5053,MECH,12:00,15:00,2026-06-06,Approved,0.75,4,0
BKG100730,Sensor and Tamil Computing Lab,Lab,9,FAC5107,EEE,09:00,12:00,2026-06-06,Approved,0.45,3,1
BKG100731,Sensor and Tamil Computing Lab,Lab,12,FAC5056,CSE,09:00,12:00,2026-05-20,Approved,0.6,3,1
BKG100732,DRAI Lab,Lab,34,FAC5053,CSE,15:00,17:00,2026-06-29,Approved,0.85,4,0
BKG100733,DRAI Lab,Lab,27,FAC5095,MECH,12:00,14:00,2026-07-22,Approved,0.68,5,0
BKG100734,DRAI Lab,Lab,32,FAC5110,MECH,11:00,12:00,2026-05-07,Approved,0.8,4,1
BKG100735,AI BASED INDUSTRIAL AUTOMATION,Lab,28,FAC5101,MECH,12:00,14:00,2026-06-02,Approved,0.7,3,0
BKG100736,AI BASED INDUSTRIAL AUTOMATION,Lab,28,FAC5058,ECE,10:00,13:00,2026-05-04,Approved,0.7,4,1
BKG100737,AI BASED INDUSTRIAL AUTOMATION,Lab,27,FAC5018,MECH,11:00,12:00,2026-06-09,Approved,0.68,3,1
BKG100738,ELCC smart class,Training,25,FAC5059,ECE,14:00,15:00,2026-06-29,Approved,0.62,3,0
BKG100739,ELCC smart class,Class,36,FAC5064,MECH,11:00,14:00,2026-06-22,Approved,0.9,5,1
BKG100740,ELCC smart class,Class,35,FAC5097,CIVIL,15:00,17:00,2026-05-26,Approved,0.88,4,0
BKG100741,Servo Lab,Lab,191,FAC5077,ECE,12:00,13:00,2026-05-31,Approved,0.94,3,0
BKG100742,Servo Lab,Lab,202,FAC5107,IT,15:00,18:00,2026-05-19,Approved,0.99,5,0
BKG100743,Servo Lab,Lab,199,FAC5040,IT,10:00,11:00,2026-05-17,Approved,0.98,4,1
BKG100744,Next generation food laboratary,Lab,4,FAC5023,ECE,11:00,14:00,2026-06-30,Approved,0.8,4,1
BKG100745,Next generation food laboratary,Lab,4,FAC5008,AIML,11:00,13:00,2026-07-02,Approved,0.8,4,1
BKG100746,Next generation food laboratary,Lab,5,FAC5085,CSE,11:00,14:00,2026-07-03,Approved,1.0,5,1
BKG100747,Unit operation laboratary,Lab,6,FAC5129,CSE,15:00,17:00,2026-06-19,Approved,0.25,3,0
BKG100748,Unit operation laboratary,Lab,12,FAC5088,ECE,09:00,11:00,2026-06-01,Approved,0.5,4,1
BKG100749,Unit operation laboratary,Lab,17,FAC5050,EEE,12:00,14:00,2026-05-24,Approved,0.71,4,0
BKG100750,Food processing laboratary,Lab,32,FAC5121,AIDS,09:00,10:00,2026-05-29,Approved,0.64,3,1
BKG100751,Food processing laboratary,Lab,35,FAC5019,CSE,10:00,11:00,2026-06-14,Approved,0.7,3,1
BKG100752,Food processing laboratary,Lab,48,FAC5050,IT,12:00,14:00,2026-06-30,Approved,0.96,5,0
BKG100753,Food informatics center,Lab,11,FAC5056,AIML,15:00,18:00,2026-06-23,Approved,0.46,3,0
BKG100754,Food informatics center,Lab,13,FAC5107,AIML,09:00,10:00,2026-05-01,Approved,0.54,4,1
BKG100755,Food informatics center,Lab,10,FAC5079,CIVIL,10:00,12:00,2026-07-12,Approved,0.42,4,1
BKG100756,Baking and confictionary laboratary,Lab,5,FAC5043,CIVIL,15:00,16:00,2026-05-30,Approved,0.5,5,0
BKG100757,Baking and confictionary laboratary,Lab,9,FAC5005,CSE,10:00,11:00,2026-05-23,Approved,0.9,4,1
BKG100758,Baking and confictionary laboratary,Lab,1,FAC5043,ECE,14:00,16:00,2026-06-16,Approved,0.1,4,0
BKG100759,Food innovation center,Lab,2,FAC5005,TEXTILE,14:00,17:00,2026-06-24,Approved,0.33,3,0
BKG100760,Food innovation center,Lab,2,FAC5112,MECH,09:00,11:00,2026-07-22,Approved,0.33,4,1
BKG100761,Food innovation center,Lab,6,FAC5075,AIDS,14:00,16:00,2026-05-03,Approved,1.0,5,0
BKG100762,Food microbiology,Lab,3,FAC5059,IT,10:00,11:00,2026-06-14,Approved,0.3,5,1
BKG100763,Food microbiology,Lab,1,FAC5094,CIVIL,11:00,12:00,2026-05-10,Approved,0.1,4,1
BKG100764,Food microbiology,Lab,8,FAC5114,TEXTILE,10:00,12:00,2026-05-08,Approved,0.8,4,1
BKG100765,AE301,Class,43,FAC5129,AIDS,10:00,13:00,2026-07-18,Approved,0.86,5,1
BKG100766,AE301,Meeting,32,FAC5133,CIVIL,12:00,15:00,2026-06-22,Approved,0.64,5,0
BKG100767,AE301,Meeting,42,FAC5023,EEE,15:00,17:00,2026-05-08,Approved,0.84,4,0
BKG100768,AE302,Meeting,31,FAC5087,AIML,15:00,16:00,2026-05-06,Approved,0.62,3,0
BKG100769,AE302,Training,40,FAC5069,EEE,15:00,17:00,2026-07-01,Approved,0.8,3,0
BKG100770,AE302,Training,38,FAC5134,CSE,14:00,17:00,2026-05-05,Approved,0.76,5,0
BKG100771,MH301,Meeting,49,FAC5096,TEXTILE,10:00,13:00,2026-05-31,Approved,0.98,3,1
BKG100772,MH301,Class,50,FAC5013,TEXTILE,11:00,12:00,2026-04-29,Approved,1.0,4,1
BKG100773,MH301,Meeting,46,FAC5008,CIVIL,10:00,13:00,2026-07-06,Approved,0.92,3,1
BKG100774,MH302,Class,42,FAC5096,IT,14:00,17:00,2026-07-06,Approved,0.84,4,0
BKG100775,MH302,Training,43,FAC5056,CIVIL,12:00,15:00,2026-07-14,Approved,0.86,3,0
BKG100776,MH302,Meeting,32,FAC5131,MECH,14:00,17:00,2026-06-01,Approved,0.64,4,0
BKG100777,MH303,Class,31,FAC5037,EEE,10:00,12:00,2026-05-11,Approved,0.62,3,1
BKG100778,MH303,Training,42,FAC5088,TEXTILE,14:00,15:00,2026-07-13,Approved,0.84,5,0
BKG100779,MH303,Training,38,FAC5087,CSE,10:00,12:00,2026-07-04,Approved,0.76,3,1
BKG100780,MH305,Class,32,FAC5108,CIVIL,14:00,15:00,2026-07-09,Approved,0.64,3,0
BKG100781,MH305,Meeting,45,FAC5128,TEXTILE,10:00,11:00,2026-05-12,Approved,0.9,5,1
BKG100782,MH305,Meeting,47,FAC5076,AIML,09:00,11:00,2026-07-05,Approved,0.94,3,1
BKG100783,MH306,Class,33,FAC5036,CIVIL,09:00,11:00,2026-06-25,Approved,0.66,4,1
BKG100784,MH306,Class,35,FAC5064,AIDS,12:00,15:00,2026-07-20,Approved,0.7,5,0
BKG100785,MH306,Class,39,FAC5123,CSE,10:00,13:00,2026-06-18,Approved,0.78,4,1
BKG100786,AE 202,Meeting,37,FAC5127,AIML,11:00,14:00,2026-07-01,Approved,0.74,4,1
BKG100787,AE 202,Training,32,FAC5023,AIDS,14:00,17:00,2026-05-02,Approved,0.64,5,0
BKG100788,AE 202,Class,31,FAC5042,CSE,09:00,11:00,2026-05-25,Approved,0.62,5,1
BKG100789,Aero DH,Training,78,FAC5018,ECE,09:00,10:00,2026-06-24,Approved,0.83,4,1
BKG100790,Aero DH,Training,76,FAC5104,CSE,10:00,11:00,2026-05-17,Approved,0.81,3,1
BKG100791,Aero DH,Class,85,FAC5092,MECH,10:00,12:00,2026-05-31,Approved,0.9,5,1
BKG100792,Aero Conference Hall,Seminar,11,FAC5012,AIDS,10:00,12:00,2026-05-11,Approved,0.55,4,1
BKG100793,Aero Conference Hall,Seminar,13,FAC5033,ECE,11:00,13:00,2026-05-06,Approved,0.65,5,1
BKG100794,Aero Conference Hall,Conference,1,FAC5004,EEE,12:00,14:00,2026-07-15,Approved,0.05,3,0
BKG100795,AERO SEMINAR HALL,Workshop,54,FAC5083,IT,14:00,17:00,2026-07-03,Approved,0.75,5,0
BKG100796,AERO SEMINAR HALL,Workshop,70,FAC5073,IT,15:00,18:00,2026-06-07,Approved,0.97,3,0
BKG100797,AERO SEMINAR HALL,Conference,72,FAC5029,AIML,09:00,10:00,2026-06-20,Approved,1.0,4,1
BKG100798,LEARNING CENTRE CONFERENCE HALL - I FLOOR,Conference,1,FAC5045,ECE,10:00,13:00,2026-07-22,Approved,0.08,3,1
BKG100799,LEARNING CENTRE CONFERENCE HALL - I FLOOR,Conference,9,FAC5047,AIDS,15:00,17:00,2026-06-06,Approved,0.69,3,0
BKG100800,LEARNING CENTRE CONFERENCE HALL - I FLOOR,Workshop,1,FAC5107,AIDS,10:00,12:00,2026-06-13,Approved,0.08,3,1
BKG100801,LEARNING CENTRE CONFERENCE HALL - II FLOOR,Workshop,2,FAC5011,CIVIL,11:00,13:00,2026-04-28,Approved,0.14,3,1
BKG100802,LEARNING CENTRE CONFERENCE HALL - II FLOOR,Workshop,6,FAC5063,CSE,11:00,13:00,2026-06-06,Approved,0.43,3,1
BKG100803,LEARNING CENTRE CONFERENCE HALL - II FLOOR,Conference,6,FAC5010,AIDS,09:00,12:00,2026-05-02,Approved,0.43,3,1
BKG100804,LEARNING CENTRE CONFERENCE HALL - III FLOOR,Workshop,3,FAC5056,ECE,12:00,13:00,2026-06-19,Approved,0.21,3,0
BKG100805,LEARNING CENTRE CONFERENCE HALL - III FLOOR,Conference,14,FAC5128,CSE,15:00,17:00,2026-05-15,Approved,1.0,5,0
BKG100806,LEARNING CENTRE CONFERENCE HALL - III FLOOR,Conference,7,FAC5021,AIDS,09:00,10:00,2026-06-05,Approved,0.5,3,1
BKG100807,LEARNING CENTRE CONFERENCE HALL - IV FLOOR,Seminar,4,FAC5077,AIML,14:00,17:00,2026-07-15,Approved,0.31,5,0
BKG100808,LEARNING CENTRE CONFERENCE HALL - IV FLOOR,Workshop,6,FAC5112,IT,14:00,17:00,2026-07-10,Approved,0.46,4,0
BKG100809,LEARNING CENTRE CONFERENCE HALL - IV FLOOR,Workshop,2,FAC5025,AIML,11:00,14:00,2026-05-29,Approved,0.15,3,1
BKG100810,LEARNING CENTRE DISCUSSION ROOM- 1 I FLOOR,Training,10,FAC5109,CIVIL,15:00,18:00,2026-07-10,Approved,1.0,5,0
BKG100811,LEARNING CENTRE DISCUSSION ROOM- 1 I FLOOR,Class,8,FAC5002,CIVIL,15:00,18:00,2026-05-04,Approved,0.8,3,0
BKG100812,LEARNING CENTRE DISCUSSION ROOM- 1 I FLOOR,Meeting,9,FAC5019,AIDS,15:00,16:00,2026-05-11,Approved,0.9,3,0
BKG100813,LEARNING CENTRE DISCUSSION ROOM- 2 I FLOOR,Class,4,FAC5062,TEXTILE,09:00,12:00,2026-05-03,Approved,0.4,3,1
BKG100814,LEARNING CENTRE DISCUSSION ROOM- 2 I FLOOR,Training,8,FAC5120,AIDS,10:00,11:00,2026-07-17,Approved,0.8,4,1
BKG100815,LEARNING CENTRE DISCUSSION ROOM- 2 I FLOOR,Meeting,7,FAC5107,IT,15:00,17:00,2026-06-22,Approved,0.7,4,0
BKG100816,LEARNING CENTRE DISCUSSION ROOM- 1 II FLOOR,Training,9,FAC5039,EEE,12:00,13:00,2026-05-08,Approved,0.9,4,0
BKG100817,LEARNING CENTRE DISCUSSION ROOM- 1 II FLOOR,Class,8,FAC5040,CIVIL,15:00,17:00,2026-06-26,Approved,0.8,5,0
BKG100818,LEARNING CENTRE DISCUSSION ROOM- 1 II FLOOR,Class,5,FAC5048,MECH,15:00,17:00,2026-06-09,Approved,0.5,5,0
BKG100819,LEARNING CENTRE DISCUSSION ROOM- 2 II FLOOR,Class,7,FAC5109,CIVIL,09:00,10:00,2026-06-27,Approved,0.7,4,1
BKG100820,LEARNING CENTRE DISCUSSION ROOM- 2 II FLOOR,Class,6,FAC5130,ECE,10:00,13:00,2026-07-17,Approved,0.6,3,1
BKG100821,LEARNING CENTRE DISCUSSION ROOM- 2 II FLOOR,Training,4,FAC5040,IT,11:00,12:00,2026-07-14,Approved,0.4,5,1
BKG100822,LEARNING CENTRE DISCUSSION ROOM- 1 III FLOOR,Meeting,7,FAC5113,ECE,15:00,18:00,2026-06-17,Approved,0.7,5,0
BKG100823,LEARNING CENTRE DISCUSSION ROOM- 1 III FLOOR,Meeting,4,FAC5094,AIDS,15:00,16:00,2026-05-20,Approved,0.4,4,0
BKG100824,LEARNING CENTRE DISCUSSION ROOM- 1 III FLOOR,Training,2,FAC5036,AIML,14:00,15:00,2026-05-14,Approved,0.2,3,0
BKG100825,LEARNING CENTRE DISCUSSION ROOM- 2 III FLOOR,Class,7,FAC5048,AIDS,09:00,11:00,2026-07-10,Approved,0.7,5,1
BKG100826,LEARNING CENTRE DISCUSSION ROOM- 2 III FLOOR,Class,3,FAC5028,EEE,10:00,11:00,2026-07-16,Approved,0.3,5,1
BKG100827,LEARNING CENTRE DISCUSSION ROOM- 2 III FLOOR,Meeting,8,FAC5095,EEE,12:00,15:00,2026-06-20,Approved,0.8,5,0
BKG100828,LEARNING CENTRE DISCUSSION ROOM- 1 IV FLOOR,Class,6,FAC5068,CSE,12:00,14:00,2026-06-23,Approved,0.6,3,0
BKG100829,LEARNING CENTRE DISCUSSION ROOM- 1 IV FLOOR,Training,7,FAC5092,AIML,10:00,11:00,2026-06-23,Approved,0.7,5,1
BKG100830,LEARNING CENTRE DISCUSSION ROOM- 1 IV FLOOR,Meeting,9,FAC5079,CIVIL,10:00,12:00,2026-07-01,Approved,0.9,5,1
BKG100831,LEARNING CENTRE DISCUSSION ROOM- 2 IV FLOOR,Training,2,FAC5127,AIDS,12:00,15:00,2026-06-20,Approved,0.2,5,0
BKG100832,LEARNING CENTRE DISCUSSION ROOM- 2 IV FLOOR,Meeting,8,FAC5105,ECE,11:00,13:00,2026-05-22,Approved,0.8,4,1
BKG100833,LEARNING CENTRE DISCUSSION ROOM- 2 IV FLOOR,Meeting,8,FAC5123,TEXTILE,12:00,13:00,2026-05-28,Approved,0.8,5,0
BKG100834,Library First Floor,Training,109,FAC5118,MECH,15:00,17:00,2026-05-07,Approved,0.91,5,0
BKG100835,Library First Floor,Class,118,FAC5120,AIDS,10:00,11:00,2026-05-05,Approved,0.98,5,1
BKG100836,Library First Floor,Meeting,118,FAC5119,EEE,12:00,15:00,2026-05-21,Approved,0.98,4,0
BKG100837,Library Second Floor,Meeting,149,FAC5034,CIVIL,11:00,13:00,2026-05-04,Approved,0.99,3,1
BKG100838,Library Second Floor,Class,143,FAC5068,EEE,15:00,17:00,2026-04-28,Approved,0.95,3,0
BKG100839,Library Second Floor,Training,136,FAC5086,MECH,11:00,12:00,2026-06-25,Approved,0.91,5,1
BKG100840,Library Third Floor,Meeting,139,FAC5024,CSE,15:00,16:00,2026-05-12,Approved,0.93,5,0
BKG100841,Library Third Floor,Training,132,FAC5032,MECH,10:00,11:00,2026-07-01,Approved,0.88,3,1
BKG100842,Library Third Floor,Training,135,FAC5083,MECH,11:00,14:00,2026-06-05,Approved,0.9,3,1
BKG100843,EW 214,Conference,52,FAC5002,MECH,12:00,13:00,2026-05-27,Approved,0.87,3,0
BKG100844,COMPUTER LAB - 8,Lab,47,FAC5065,AIDS,10:00,12:00,2026-07-05,Approved,0.8,5,1
BKG100845,ME304,Class,74,FAC5071,CSE,14:00,15:00,2026-05-20,Approved,0.82,3,0
BKG100846,WW 104,Class,48,FAC5116,CSE,15:00,16:00,2026-05-14,Approved,0.96,5,0
BKG100847,EW 106,Placement,59,FAC5093,ECE,15:00,16:00,2026-05-29,Approved,0.98,5,0
BKG100848,Physics Lab 1,Class,130,FAC5069,IT,14:00,17:00,2026-05-24,Approved,0.87,3,0
BKG100849,AERO SEMINAR HALL,Class,67,FAC5085,CSE,15:00,17:00,2026-04-28,Approved,0.93,5,0
BKG100850,COMPUTER LAB - 8,Lab,47,FAC5066,TEXTILE,15:00,18:00,2026-05-09,Approved,0.8,4,0
BKG100851,EW 202,Class,56,FAC5034,MECH,09:00,11:00,2026-06-27,Approved,0.93,5,1
BKG100852,EW 117,Conference,60,FAC5106,AIML,11:00,12:00,2026-06-25,Approved,1.0,4,1
BKG100853,WW 224,Seminar,85,FAC5085,CSE,12:00,15:00,2026-05-23,Approved,0.85,4,0
BKG100854,ME101,Placement,82,FAC5135,ECE,12:00,14:00,2026-06-26,Approved,0.91,4,0
BKG100855,CPS LAB 1,Training,38,FAC5062,IT,14:00,15:00,2026-07-20,Approved,0.95,4,0
BKG100856,EW 118,Placement,40,FAC5132,TEXTILE,10:00,13:00,2026-04-30,Approved,0.67,4,1
BKG100857,EW 108,Meeting,59,FAC5133,ECE,14:00,16:00,2026-07-08,Approved,0.98,4,0
BKG100858,Computer Lab  (19) - Harita Lab,Conference,36,FAC5097,AIML,11:00,12:00,2026-06-12,Approved,0.92,4,1
BKG100859,WW 222,Seminar,97,FAC5064,TEXTILE,10:00,12:00,2026-07-13,Approved,0.97,5,1
BKG100860,Chemistry Lab 2,Meeting,96,FAC5033,AIML,14:00,15:00,2026-06-05,Approved,0.96,3,0
BKG100861,Computer Lab (25),Conference,46,FAC5008,TEXTILE,15:00,17:00,2026-05-04,Approved,0.78,3,0
BKG100862,WW 227,Training,81,FAC5047,AIDS,10:00,13:00,2026-07-11,Approved,0.81,3,1
BKG100863,WW 212,Placement,81,FAC5123,EEE,10:00,11:00,2026-05-06,Approved,0.81,3,1
BKG100864,Mechatronics - Sensor and Instrumentation Laboratory,Training,24,FAC5040,EEE,11:00,13:00,2026-05-16,Approved,0.67,4,1
BKG100865,WW 226,Conference,82,FAC5079,AIDS,14:00,16:00,2026-07-08,Approved,0.82,3,0
BKG100866,WW 104,Training,30,FAC5020,CIVIL,14:00,15:00,2026-06-04,Approved,0.6,3,0
BKG100867,BAS Lab(Computer Lab 1),Meeting,40,FAC5080,IT,15:00,18:00,2026-07-18,Approved,1.0,5,0
BKG100868,SF 103,Training,73,FAC5109,CSE,12:00,14:00,2026-04-28,Approved,0.91,3,0
BKG100869,WW 213,Meeting,51,FAC5061,IT,12:00,15:00,2026-07-18,Approved,0.85,5,0
BKG100870,WW 215,Seminar,50,FAC5121,MECH,15:00,17:00,2026-07-04,Approved,0.83,4,0
BKG100871,EEE SEMINAR HALL,Meeting,148,FAC5077,CIVIL,14:00,15:00,2026-07-14,Approved,0.92,5,0
BKG100872,COMPUTER LAB - 7,Training,51,FAC5007,AIML,09:00,10:00,2026-06-13,Approved,0.72,4,1
BKG100873,BIOTECH SEMINAR HALL,Training,102,FAC5007,TEXTILE,09:00,12:00,2026-05-10,Approved,0.85,5,1
BKG100874,EW 214,Training,50,FAC5020,IT,09:00,11:00,2026-06-02,Approved,0.83,3,1
BKG100875,EW 108,Placement,47,FAC5050,AIDS,15:00,18:00,2026-06-19,Approved,0.78,4,0
BKG100876,SF 203,Class,68,FAC5046,IT,14:00,17:00,2026-07-20,Approved,0.85,5,0
BKG100877,ELCC smart class,Lab,24,FAC5007,CIVIL,11:00,12:00,2026-05-23,Approved,0.6,3,1
BKG100878,WW 217,Workshop,25,FAC5041,MECH,10:00,13:00,2026-07-03,Approved,0.62,3,1
BKG100879,Network Lab,Lab,45,FAC5064,AIML,09:00,10:00,2026-06-15,Approved,0.85,4,1
BKG100880,Strength of materials,Meeting,29,FAC5032,TEXTILE,09:00,12:00,2026-05-20,Approved,0.6,3,1
BKG100881,COMPUTER LAB - 8,Lab,44,FAC5061,AIML,14:00,15:00,2026-07-16,Approved,0.75,4,0
BKG100882,ME202,Workshop,73,FAC5091,AIDS,14:00,17:00,2026-06-15,Approved,0.81,4,0
BKG100883,WW 214,Class,43,FAC5115,CIVIL,14:00,15:00,2026-07-13,Approved,0.72,3,0
BKG100884,ME107,Placement,88,FAC5065,CIVIL,09:00,10:00,2026-05-10,Approved,0.98,5,1
BKG100885,SF 101,Placement,74,FAC5081,CSE,11:00,12:00,2026-06-10,Approved,0.92,3,1
BKG100886,Computer Lab (23),Class,46,FAC5110,AIML,12:00,15:00,2026-07-11,Approved,0.78,3,0
BKG100887,EW 118,Training,54,FAC5019,IT,10:00,11:00,2026-05-14,Approved,0.9,4,1
BKG100888,EW 215,Conference,59,FAC5112,ECE,09:00,10:00,2026-06-07,Approved,0.98,3,1
BKG100889,Internet Center,Conference,100,FAC5026,CIVIL,09:00,12:00,2026-06-03,Approved,1.0,3,1
BKG100890,WW 012,Placement,42,FAC5103,IT,09:00,12:00,2026-05-10,Approved,0.7,4,1
BKG100891,WW 007,Placement,50,FAC5027,CSE,11:00,13:00,2026-06-26,Approved,0.83,3,1
BKG100892,Computer Lab (20),Lab,47,FAC5081,CIVIL,10:00,12:00,2026-05-04,Approved,0.8,4,1
BKG100893,WW 223,Placement,98,FAC5102,MECH,12:00,13:00,2026-05-04,Approved,0.98,4,0
BKG100894,COMPUTER LAB - 8,Class,45,FAC5001,AIML,11:00,13:00,2026-07-16,Approved,0.76,5,1
BKG100895,Cloud Computing(COMPUTER LAB 4),Meeting,55,FAC5095,CIVIL,10:00,12:00,2026-06-27,Approved,0.93,5,1
BKG100896,AE302,Meeting,41,FAC5003,AIML,15:00,18:00,2026-06-12,Approved,0.82,4,0
BKG100897,ME305,Conference,70,FAC5078,MECH,14:00,16:00,2026-06-25,Approved,0.78,4,0
BKG100898,WW 008,Meeting,45,FAC5024,CSE,11:00,12:00,2026-06-07,Approved,0.75,5,1
BKG100899,EEE CC LAB,Seminar,129,FAC5006,CIVIL,12:00,15:00,2026-07-21,Approved,0.99,3,0
BKG100900,SF B03,Workshop,75,FAC5063,EEE,14:00,17:00,2026-05-24,Approved,0.94,3,0
BKG100901,EW 217,Placement,28,FAC5002,EEE,11:00,14:00,2026-05-17,Approved,0.7,3,1
BKG100902,EW 214,Class,42,FAC5125,CSE,15:00,17:00,2026-06-07,Approved,0.7,3,0
BKG100903,Data Mining Lab(COMPUTER LAB 3),Training,43,FAC5040,TEXTILE,14:00,16:00,2026-07-11,Approved,0.73,4,0
BKG100904,Computer Lab (22),Placement,40,FAC5114,EEE,12:00,15:00,2026-07-02,Approved,0.68,3,0
BKG100905,EW 212,Training,87,FAC5043,EEE,15:00,16:00,2026-05-07,Approved,0.87,3,0
BKG100906,EW 113,Meeting,43,FAC5122,CSE,15:00,18:00,2026-05-10,Approved,0.72,3,0
BKG100907,Fluid Mechanics and Machinery lab,Meeting,20,FAC5123,CSE,15:00,17:00,2026-06-28,Approved,0.62,4,0
BKG100908,Artificial Intelligence Lab(COMPUTER LAB 2),Conference,64,FAC5131,MECH,12:00,15:00,2026-06-27,Approved,0.9,3,0
BKG100909,EEE CC LAB,Training,125,FAC5100,EEE,10:00,11:00,2026-07-22,Approved,0.96,5,1
BKG100910,EW 113,Placement,53,FAC5026,EEE,15:00,16:00,2026-06-23,Approved,0.88,5,0
BKG100911,EW 217,Conference,39,FAC5022,TEXTILE,09:00,11:00,2026-06-19,Approved,0.98,4,1
BKG100912,COMPUTER LAB - 11,Lab,42,FAC5079,AIDS,11:00,13:00,2026-06-29,Approved,0.71,3,1
BKG100913,ME203,Conference,78,FAC5088,IT,14:00,16:00,2026-05-06,Approved,0.87,5,0
BKG100914,ME201,Training,73,FAC5106,CSE,11:00,12:00,2026-05-12,Approved,0.81,5,1
BKG100915,ELCC smart class,Placement,26,FAC5018,AIML,11:00,13:00,2026-07-20,Approved,0.65,3,1
BKG100916,ME302,Placement,70,FAC5085,ECE,15:00,18:00,2026-06-11,Approved,0.78,5,0
BKG100917,WW 002,Workshop,37,FAC5065,TEXTILE,11:00,12:00,2026-06-28,Approved,0.92,5,1
BKG100918,Class Room 2,Conference,42,FAC5007,IT,14:00,17:00,2026-05-22,Approved,0.7,4,0
BKG100919,EW 117,Training,46,FAC5016,IT,15:00,17:00,2026-06-01,Approved,0.77,4,0
BKG100920,TEXTILE SEMINAR HALL,Workshop,167,FAC5081,ECE,15:00,18:00,2026-06-11,Approved,0.93,3,0
BKG100921,Cloud Computing(COMPUTER LAB 4),Workshop,57,FAC5035,CIVIL,11:00,14:00,2026-06-03,Approved,0.97,5,1
BKG100922,Computer Lab  (19) - Harita Lab,Lab,25,FAC5086,CIVIL,15:00,16:00,2026-06-03,Approved,0.64,5,0
BKG100923,ME206,Placement,85,FAC5007,EEE,11:00,12:00,2026-07-07,Approved,0.94,3,1
BKG100924,Database management system(computer lab 5),Lab,49,FAC5092,AIML,14:00,16:00,2026-05-03,Approved,0.83,4,0
BKG100925,Computer Lab (22),Meeting,48,FAC5039,MECH,09:00,10:00,2026-06-13,Approved,0.81,3,1
BKG100926,WW 113,Meeting,53,FAC5092,MECH,12:00,15:00,2026-05-24,Approved,0.88,5,0
BKG100927,COMPUTER LAB - 7,Class,71,FAC5066,CSE,15:00,16:00,2026-06-01,Approved,1.0,4,0
BKG100928,IECC SEMINAR HALL,Workshop,154,FAC5063,CSE,10:00,13:00,2026-05-30,Approved,0.96,4,1
BKG100929,Database management system(computer lab 5),Training,56,FAC5111,AIML,15:00,16:00,2026-07-03,Approved,0.95,3,0
BKG100930,EW 203,Lab,47,FAC5063,MECH,11:00,13:00,2026-05-31,Approved,0.78,4,1
BKG100931,EW 107,Placement,43,FAC5034,AIDS,09:00,12:00,2026-05-29,Approved,0.72,4,1
BKG100932,ME103,Meeting,36,FAC5038,MECH,12:00,13:00,2026-07-04,Approved,0.9,5,0
BKG100933,SF 202,Placement,78,FAC5087,MECH,14:00,15:00,2026-06-28,Approved,0.98,4,0
BKG100934,WW 105,Class,37,FAC5069,EEE,12:00,13:00,2026-05-25,Approved,0.74,5,0
BKG100935,Internet Center,Lab,86,FAC5015,TEXTILE,10:00,12:00,2026-05-24,Approved,0.86,4,1
BKG100936,WW 213,Class,54,FAC5091,CIVIL,12:00,15:00,2026-06-24,Approved,0.9,3,0
BKG100937,WW 102,Meeting,34,FAC5061,CIVIL,14:00,16:00,2026-05-05,Approved,0.68,5,0
BKG100938,EW 113,Lab,42,FAC5114,EEE,09:00,11:00,2026-05-06,Approved,0.7,4,1
BKG100939,WW 012,Training,48,FAC5023,ECE,09:00,12:00,2026-06-20,Approved,0.8,4,1
BKG100940,ME305,Meeting,76,FAC5053,AIDS,15:00,16:00,2026-06-30,Approved,0.84,5,0
BKG100941,ME204,Meeting,72,FAC5057,CSE,15:00,17:00,2026-07-05,Approved,0.8,5,0
BKG100942,EW 101,Seminar,42,FAC5093,EEE,10:00,13:00,2026-06-03,Approved,0.7,5,1
BKG100943,Computer Lab  (24) - CAD Lab,Conference,71,FAC5107,TEXTILE,15:00,17:00,2026-06-12,Approved,0.9,5,0
BKG100944,Computer Lab  (19) - Harita Lab,Training,26,FAC5001,ECE,12:00,13:00,2026-06-18,Approved,0.67,5,0
BKG100945,COMPUTER LAB - 10,Lab,45,FAC5116,AIDS,15:00,18:00,2026-05-17,Approved,0.76,4,0
BKG100946,EW 208,Conference,44,FAC5122,AIML,12:00,13:00,2026-05-30,Approved,0.73,4,0
BKG100947,ELCC smart class,Seminar,35,FAC5018,MECH,15:00,16:00,2026-05-14,Approved,0.88,3,0
BKG100948,Servo Lab,Class,191,FAC5041,ECE,11:00,13:00,2026-06-30,Approved,0.94,4,1
BKG100949,WW 219,Training,45,FAC5087,TEXTILE,11:00,14:00,2026-05-12,Approved,0.75,4,1
BKG100950,ME107,Placement,72,FAC5060,EEE,12:00,14:00,2026-07-09,Approved,0.8,4,0
BKG100951,EEE smart class,Meeting,52,FAC5008,IT,10:00,12:00,2026-06-11,Approved,0.74,4,1
BKG100952,EW 215,Training,58,FAC5126,AIDS,09:00,11:00,2026-06-07,Approved,0.97,3,1
BKG100953,EW 117,Meeting,46,FAC5013,EEE,10:00,11:00,2026-05-07,Approved,0.77,3,1
BKG100954,COMPUTER LAB - 7,Meeting,53,FAC5039,TEXTILE,11:00,12:00,2026-05-18,Approved,0.75,4,1
BKG100955,PSKILL Lab 1,Training,61,FAC5021,AIDS,14:00,16:00,2026-07-20,Approved,0.92,4,0
BKG100956,EEE CC LAB,Lab,121,FAC5059,MECH,11:00,13:00,2026-05-23,Approved,0.93,5,1
BKG100957,WW 006,Seminar,49,FAC5055,EEE,09:00,12:00,2026-05-03,Approved,0.82,3,1
BKG100958,WW 219,Seminar,52,FAC5082,TEXTILE,14:00,16:00,2026-06-07,Approved,0.87,3,0
BKG100959,Computer Lab (26),Placement,58,FAC5081,AIDS,10:00,11:00,2026-07-13,Approved,0.84,3,1
BKG100960,ME204,Workshop,90,FAC5085,ECE,11:00,14:00,2026-07-15,Approved,1.0,5,1
BKG100961,SF B01,Workshop,80,FAC5051,ECE,11:00,12:00,2026-05-04,Approved,1.0,3,1
BKG100962,WW 114,Placement,59,FAC5055,EEE,11:00,14:00,2026-05-13,Approved,0.98,4,1
BKG100963,EIE CC Lab,Meeting,50,FAC5050,ECE,14:00,17:00,2026-06-11,Approved,0.85,5,0
BKG100964,SF B01,Seminar,61,FAC5062,EEE,12:00,13:00,2026-07-04,Approved,0.76,4,0
BKG100965,WW 213,Placement,52,FAC5082,MECH,11:00,12:00,2026-05-20,Approved,0.87,4,1
BKG100966,Basic work shop,Class,29,FAC5026,TEXTILE,14:00,17:00,2026-07-15,Approved,0.72,3,0
BKG100967,WW 003,Class,35,FAC5119,TEXTILE,14:00,16:00,2026-04-28,Approved,0.88,3,0
BKG100968,Mechatronics - Computer Center 49,Meeting,28,FAC5114,CSE,10:00,12:00,2026-05-13,Approved,0.93,4,1
BKG100969,EW 115,Workshop,47,FAC5130,TEXTILE,09:00,10:00,2026-05-06,Approved,0.78,5,1
BKG100970,WW 007,Placement,55,FAC5133,CSE,11:00,14:00,2026-07-19,Approved,0.92,5,1
BKG100971,Computer Lab (22),Lab,49,FAC5119,ECE,14:00,16:00,2026-07-15,Approved,0.83,4,0
BKG100972,Physics Lab 1,Placement,145,FAC5057,MECH,10:00,13:00,2026-07-20,Approved,0.97,5,1
BKG100973,Class Room 2,Class,50,FAC5052,MECH,12:00,15:00,2026-06-10,Approved,0.83,5,0
BKG100974,ME104,Meeting,38,FAC5117,CIVIL,10:00,11:00,2026-05-28,Approved,0.95,4,1
BKG100975,SF B02,Seminar,69,FAC5026,CIVIL,14:00,17:00,2026-06-14,Approved,0.86,5,0
BKG100976,ME203,Training,84,FAC5062,CIVIL,10:00,13:00,2026-05-05,Approved,0.93,5,1
BKG100977,Agri Lab,Class,33,FAC5072,IT,15:00,16:00,2026-07-17,Approved,0.73,3,0
BKG100978,ME108,Class,74,FAC5006,CIVIL,11:00,14:00,2026-05-22,Approved,0.82,3,1
BKG100979,EW 102,Seminar,51,FAC5008,MECH,12:00,13:00,2026-06-07,Approved,0.85,3,0
BKG100980,ME205,Conference,84,FAC5043,TEXTILE,11:00,12:00,2026-06-17,Approved,0.93,5,1
BKG100981,Computer Lab (23),Lab,59,FAC5110,AIDS,15:00,17:00,2026-06-13,Approved,1.0,5,0
BKG100982,COMPUTER LAB - 8,Conference,42,FAC5027,MECH,12:00,13:00,2026-05-07,Approved,0.71,3,0
BKG100983,EW 114,Seminar,59,FAC5074,MECH,11:00,12:00,2026-06-26,Approved,0.98,4,1
BKG100984,WW 102,Class,31,FAC5089,AIML,09:00,12:00,2026-07-06,Approved,0.62,5,1
BKG100985,Computer Lab (20),Lab,42,FAC5003,AIML,09:00,11:00,2026-07-08,Approved,0.71,4,1
BKG100986,Mechatronics - Computer Center 49,Lab,24,FAC5025,TEXTILE,10:00,12:00,2026-04-28,Approved,0.8,3,1
BKG100987,WW 214,Workshop,46,FAC5044,AIML,10:00,11:00,2026-06-25,Approved,0.77,5,1
BKG100988,WW 007,Workshop,60,FAC5012,ECE,09:00,11:00,2026-07-22,Approved,1.0,4,1
BKG100989,AERO SEMINAR HALL,Class,64,FAC5081,AIML,12:00,15:00,2026-05-27,Approved,0.89,4,0
BKG100990,BAS Lab(Computer Lab 1),Class,32,FAC5043,CSE,12:00,13:00,2026-06-14,Approved,0.8,5,0
BKG100991,EW 203,Placement,48,FAC5118,EEE,14:00,16:00,2026-06-12,Approved,0.8,5,0
BKG100992,EW 209,Placement,55,FAC5069,EEE,10:00,11:00,2026-05-13,Approved,0.92,5,1
BKG100993,WW 211,Placement,60,FAC5049,CSE,11:00,14:00,2026-05-17,Approved,1.0,4,1
BKG100994,EW 201,Workshop,45,FAC5042,AIDS,09:00,12:00,2026-05-10,Approved,0.75,4,1
BKG100995,WW 219,Placement,56,FAC5121,MECH,10:00,11:00,2026-07-21,Approved,0.93,3,1
BKG100996,Data Mining Lab(COMPUTER LAB 3),Meeting,40,FAC5100,MECH,15:00,16:00,2026-07-09,Approved,0.68,3,0
BKG100997,SUN FLOWER BLOCK - SEMINAR HALL III,Training,182,FAC5040,ECE,11:00,13:00,2026-05-20,Approved,0.93,4,1
BKG100998,WW 011,Conference,59,FAC5085,ECE,15:00,16:00,2026-05-15,Approved,0.98,4,0
BKG100999,EW 102,Conference,49,FAC5039,AIML,12:00,15:00,2026-05-20,Approved,0.82,5,0
BKG101000,WW 113,Training,47,FAC5046,AIML,14:00,15:00,2026-07-08,Approved,0.78,3,0
BKG101001,EW 215,Meeting,49,FAC5024,TEXTILE,12:00,14:00,2026-06-02,Approved,0.82,3,0
BKG101002,Computer lab - (18),Lab,74,FAC5108,AIML,10:00,12:00,2026-06-04,Approved,0.83,5,1
BKG101003,BAS Lab(Computer Lab 1),Class,39,FAC5097,AIDS,14:00,15:00,2026-06-30,Approved,0.98,4,0
BKG101004,WW 212,Training,89,FAC5010,TEXTILE,12:00,14:00,2026-07-01,Approved,0.89,4,0
BKG101005,ME102,Seminar,70,FAC5078,AIDS,11:00,14:00,2026-05-31,Approved,0.78,3,1
BKG101006,Advanced embedded system laboratary,Meeting,53,FAC5004,CIVIL,11:00,14:00,2026-06-27,Approved,0.74,5,1
BKG101007,COMPUTER LAB - 10,Workshop,50,FAC5055,EEE,15:00,16:00,2026-06-23,Approved,0.85,4,0
BKG101008,COMPUTER LAB - 8,Workshop,43,FAC5044,AIML,15:00,17:00,2026-05-21,Approved,0.73,4,0
BKG101009,WW 011,Seminar,55,FAC5050,AIDS,11:00,13:00,2026-05-16,Approved,0.92,4,1
BKG101010,WW 215,Conference,52,FAC5073,CIVIL,12:00,15:00,2026-05-01,Approved,0.87,4,0
BKG101011,SF 001,Conference,74,FAC5049,AIML,11:00,13:00,2026-06-30,Approved,0.92,4,1
BKG101012,COMPUTER LAB - 10,Lab,48,FAC5020,AIDS,14:00,17:00,2026-05-22,Approved,0.81,5,0
BKG101013,SF 203,Conference,77,FAC5064,MECH,10:00,13:00,2026-06-08,Approved,0.96,4,1
BKG101014,Class Room 1,Seminar,43,FAC5081,TEXTILE,11:00,13:00,2026-07-20,Approved,0.72,5,1
BKG101015,Class Room 1,Meeting,51,FAC5071,CIVIL,14:00,16:00,2026-05-02,Approved,0.85,5,0
BKG101016,COMPUTER LAB - 12,Class,45,FAC5094,ECE,09:00,11:00,2026-06-13,Approved,0.76,4,1
BKG101017,COMPUTER LAB - 11,Conference,51,FAC5112,AIML,11:00,14:00,2026-07-18,Approved,0.86,5,1
BKG101018,Basic work shop,Class,40,FAC5054,ECE,09:00,11:00,2026-06-19,Approved,1.0,5,1
BKG101019,Computer Lab  (19) - Harita Lab,Lab,25,FAC5026,AIDS,09:00,10:00,2026-06-29,Approved,0.64,3,1
BKG101020,COMPUTER LAB - 11,Training,53,FAC5129,IT,15:00,16:00,2026-07-19,Approved,0.9,5,0
BKG101021,Analog Communication Lab,Seminar,28,FAC5068,CIVIL,11:00,12:00,2026-05-12,Approved,0.78,4,1
BKG101022,Servo Lab,Placement,204,FAC5046,CIVIL,14:00,15:00,2026-07-22,Approved,1.0,4,0
BKG101023,ME205,Conference,71,FAC5027,CSE,11:00,14:00,2026-05-17,Approved,0.79,5,1
BKG101024,SF B02,Placement,80,FAC5112,MECH,10:00,12:00,2026-07-14,Approved,1.0,5,1
BKG101025,Computer Lab (20),Workshop,48,FAC5009,MECH,14:00,17:00,2026-07-04,Approved,0.81,3,0
BKG101026,Mechatronics - Sensor and Instrumentation Laboratory,Meeting,31,FAC5124,AIML,12:00,15:00,2026-05-14,Approved,0.86,3,0
BKG101027,EW 202,Seminar,60,FAC5116,CSE,09:00,10:00,2026-06-20,Approved,1.0,3,1
BKG101028,Cyber security Lab,Meeting,44,FAC5071,EEE,09:00,12:00,2026-04-28,Approved,0.73,3,1
BKG101029,Internet Center,Placement,92,FAC5103,CIVIL,11:00,13:00,2026-05-15,Approved,0.92,5,1
BKG101030,Artificial Intelligence Lab(COMPUTER LAB 2),Lab,59,FAC5065,ECE,09:00,10:00,2026-07-01,Approved,0.83,4,1
BKG101031,Mechatronics - Sensor and Instrumentation Laboratory,Conference,33,FAC5059,EEE,12:00,14:00,2026-07-13,Approved,0.92,4,0
BKG101032,Mechatronics - Sensor and Instrumentation Laboratory,Seminar,20,FAC5001,EEE,12:00,13:00,2026-06-09,Approved,0.56,4,0
BKG101033,WW 215,Lab,52,FAC5116,EEE,12:00,15:00,2026-06-29,Approved,0.87,4,0
BKG101034,EW 104,Training,49,FAC5004,IT,15:00,16:00,2026-05-13,Approved,0.82,5,0
BKG101035,EEE smart class,Seminar,60,FAC5120,IT,14:00,17:00,2026-05-19,Approved,0.86,5,0
BKG101036,Cloud Computing(COMPUTER LAB 4),Lab,51,FAC5118,CIVIL,14:00,17:00,2026-06-05,Approved,0.86,3,0
BKG101037,Network Lab,Workshop,34,FAC5026,AIDS,09:00,12:00,2026-06-19,Approved,0.64,5,1
BKG101038,EW 208,Workshop,41,FAC5070,CIVIL,15:00,18:00,2026-07-22,Approved,0.68,5,0
BKG101039,SF B02,Meeting,71,FAC5090,CIVIL,09:00,12:00,2026-06-03,Approved,0.89,3,1
BKG101040,ME107,Meeting,78,FAC5124,TEXTILE,10:00,12:00,2026-05-20,Approved,0.87,4,1
BKG101041,EW 204,Lab,27,FAC5029,IT,11:00,12:00,2026-07-10,Approved,0.68,5,1
BKG101042,Computer Lab (26),Class,63,FAC5017,TEXTILE,10:00,13:00,2026-06-01,Approved,0.91,3,1
BKG101043,COMPUTER LAB - 9,Lab,40,FAC5001,TEXTILE,15:00,18:00,2026-07-22,Approved,0.68,4,0
BKG101044,Internet Center,Workshop,100,FAC5118,MECH,15:00,16:00,2026-06-05,Approved,1.0,4,0
BKG101045,COMPUTER LAB - 7,Lab,59,FAC5052,AIML,12:00,13:00,2026-07-17,Approved,0.83,5,0
BKG101046,SF B03,Seminar,65,FAC5051,MECH,10:00,12:00,2026-07-05,Approved,0.81,5,1
BKG101047,Computer Lab (21),Lab,48,FAC5099,CSE,14:00,15:00,2026-06-09,Approved,0.81,4,0
BKG101048,ME202,Placement,73,FAC5080,MECH,11:00,12:00,2026-06-10,Approved,0.81,5,1
BKG101049,EW 113,Placement,53,FAC5055,EEE,15:00,18:00,2026-06-14,Approved,0.88,3,0
BKG101050,EW 115,Conference,56,FAC5128,ECE,12:00,14:00,2026-05-25,Approved,0.93,4,0
BKG101051,EW 112,Meeting,57,FAC5112,AIDS,14:00,15:00,2026-05-27,Approved,0.95,4,0
BKG101052,WW 227,Conference,94,FAC5127,CIVIL,12:00,13:00,2026-05-20,Approved,0.94,3,0
BKG101053,COMPUTER LAB - 7,Lab,65,FAC5062,CIVIL,15:00,17:00,2026-05-21,Approved,0.92,5,0
BKG101054,EW 205,Workshop,34,FAC5067,IT,12:00,14:00,2026-07-10,Approved,0.85,4,0
BKG101055,AERO SEMINAR HALL,Class,64,FAC5095,IT,11:00,13:00,2026-07-07,Approved,0.89,4,1
BKG101056,EW 207,Conference,53,FAC5128,CSE,14:00,17:00,2026-04-30,Approved,0.88,3,0
BKG101057,EW 204,Placement,30,FAC5051,ECE,15:00,17:00,2026-05-29,Approved,0.75,3,0
BKG101058,WW 012,Lab,46,FAC5042,IT,12:00,15:00,2026-07-17,Approved,0.77,3,0
BKG101059,ME305,Placement,80,FAC5059,AIML,15:00,16:00,2026-07-01,Approved,0.89,5,0
BKG101060,EW 106,Placement,52,FAC5035,EEE,09:00,10:00,2026-06-06,Approved,0.87,3,1
BKG101061,SF 202,Placement,62,FAC5074,AIDS,11:00,12:00,2026-07-20,Approved,0.78,4,1
BKG101062,Mech Drawing Hall,Placement,150,FAC5126,MECH,14:00,16:00,2026-05-21,Approved,1.0,3,0
BKG101063,EW 205,Workshop,34,FAC5102,AIML,10:00,11:00,2026-06-19,Approved,0.85,4,1
BKG101064,ME202,Placement,86,FAC5018,CIVIL,09:00,12:00,2026-06-19,Approved,0.96,4,1
BKG101065,WW 115,Meeting,44,FAC5023,IT,14:00,16:00,2026-07-18,Approved,0.73,5,0
BKG101066,BIOTECH SEMINAR HALL,Seminar,113,FAC5020,TEXTILE,12:00,14:00,2026-06-07,Approved,0.94,3,0
BKG101067,SF 202,Class,67,FAC5006,CIVIL,10:00,13:00,2026-07-01,Approved,0.84,4,1
BKG101068,EW 215,Training,47,FAC5125,EEE,14:00,15:00,2026-06-20,Approved,0.78,4,0
BKG101069,AE301,Class,45,FAC5088,TEXTILE,11:00,12:00,2026-05-20,Approved,0.9,5,1
BKG101070,EW 211,Workshop,23,FAC5064,MECH,14:00,15:00,2026-06-06,Approved,0.57,3,0
BKG101071,WW 106,Training,34,FAC5105,CIVIL,15:00,17:00,2026-06-20,Approved,0.68,3,0
BKG101072,Computer Lab (25),Lab,49,FAC5066,MECH,10:00,13:00,2026-05-28,Approved,0.83,5,1
BKG101073,Smart AGRI,Seminar,24,FAC5032,IT,09:00,10:00,2026-06-15,Approved,0.6,5,1
BKG101074,EW 109,Seminar,47,FAC5019,ECE,12:00,14:00,2026-07-21,Approved,0.78,3,0
BKG101075,EW 218,Meeting,92,FAC5080,AIML,09:00,11:00,2026-07-01,Approved,0.92,5,1
BKG101076,VLSI Design,Class,38,FAC5125,CIVIL,15:00,18:00,2026-06-29,Approved,0.95,3,0
BKG101077,Godrej lab,Lab,44,FAC5124,AIML,10:00,12:00,2026-05-24,Approved,0.79,4,1
BKG101078,COMPUTER LAB - 12,Training,46,FAC5069,AIDS,14:00,16:00,2026-05-25,Approved,0.78,4,0
BKG101079,Class Room 2,Lab,43,FAC5015,EEE,11:00,12:00,2026-07-17,Approved,0.72,3,1
BKG101080,SUN FLOWER BLOCK - SEMINAR HALL II,Training,167,FAC5064,CSE,09:00,11:00,2026-05-30,Approved,0.93,4,1
BKG101081,ME304,Workshop,74,FAC5114,IT,15:00,18:00,2026-06-24,Approved,0.82,3,0
BKG101082,Data Structure Lab (Computer  Lab-13),Conference,59,FAC5004,AIDS,15:00,17:00,2026-07-20,Approved,1.0,5,0
BKG101083,EW 117,Meeting,46,FAC5101,MECH,09:00,10:00,2026-05-01,Approved,0.77,5,1
BKG101084,PCB Design Lab,Placement,28,FAC5017,CIVIL,12:00,15:00,2026-05-21,Approved,0.7,5,0
BKG101085,EW 112,Class,51,FAC5028,CSE,11:00,13:00,2026-05-31,Approved,0.85,4,1
BKG101086,SF 201,Workshop,70,FAC5096,IT,12:00,13:00,2026-04-30,Approved,0.88,3,0
BKG101087,Physics Lab 2,Placement,88,FAC5082,AIML,09:00,11:00,2026-05-02,Approved,0.88,4,1
BKG101088,Computer Lab (21),Lab,56,FAC5135,TEXTILE,12:00,13:00,2026-05-19,Approved,0.95,3,0
BKG101089,WW 215,Training,60,FAC5005,IT,15:00,17:00,2026-05-03,Approved,1.0,4,0
BKG101090,EW 210,Placement,37,FAC5078,CIVIL,11:00,14:00,2026-05-02,Approved,0.92,5,1
BKG101091,EW 117,Conference,57,FAC5094,CIVIL,14:00,16:00,2026-04-30,Approved,0.95,3,0
BKG101092,SF 201,Class,65,FAC5078,EEE,15:00,17:00,2026-06-08,Approved,0.81,3,0
BKG101093,Computer Lab  (24) - CAD Lab,Lab,70,FAC5099,TEXTILE,11:00,14:00,2026-06-27,Approved,0.89,4,1
BKG101094,Mech Smart class,Meeting,29,FAC5088,IT,11:00,14:00,2026-06-27,Approved,0.91,4,1
BKG101095,COMPUTER LAB - 7,Training,57,FAC5133,IT,15:00,17:00,2026-06-01,Approved,0.8,4,0
BKG101096,EW 202,Workshop,40,FAC5078,AIML,09:00,11:00,2026-07-07,Approved,0.67,4,1
BKG101097,WW 115,Class,58,FAC5029,AIML,09:00,11:00,2026-05-18,Approved,0.97,4,1
BKG101098,WW 012,Meeting,53,FAC5082,AIDS,11:00,13:00,2026-07-01,Approved,0.88,3,1
BKG101099,Class Room 1,Training,51,FAC5035,AIDS,12:00,15:00,2026-05-24,Approved,0.85,5,0
BKG101100,EW 118,Training,46,FAC5034,CIVIL,14:00,15:00,2026-05-04,Approved,0.77,4,0
BKG101101,COMPUTER LAB - 9,Seminar,54,FAC5127,CIVIL,12:00,14:00,2026-05-22,Approved,0.92,4,0
BKG101102,ME107,Seminar,81,FAC5009,TEXTILE,12:00,14:00,2026-05-24,Approved,0.9,4,0
BKG101103,Programming Lab(COMPUTER LAB 6),Training,48,FAC5095,ECE,15:00,18:00,2026-05-14,Approved,0.81,5,0
BKG101104,EW 105,Workshop,54,FAC5001,AIDS,11:00,12:00,2026-06-07,Approved,0.9,3,1
BKG101105,COMPUTER LAB - 7,Meeting,54,FAC5010,ECE,11:00,14:00,2026-06-30,Approved,0.76,5,1
BKG101106,WW 217,Placement,25,FAC5131,EEE,10:00,11:00,2026-05-24,Approved,0.62,5,1
BKG101107,TEXTILE SEMINAR HALL,Meeting,167,FAC5085,ECE,09:00,11:00,2026-05-31,Approved,0.93,5,1
BKG101108,EW 207,Conference,59,FAC5016,MECH,10:00,13:00,2026-07-03,Approved,0.98,4,1
BKG101109,ME202,Seminar,86,FAC5068,CIVIL,09:00,10:00,2026-05-13,Approved,0.96,4,1
BKG101110,SF B03,Placement,67,FAC5033,AIML,15:00,16:00,2026-05-24,Approved,0.84,4,0
BKG101111,WW 219,Class,50,FAC5122,AIDS,11:00,13:00,2026-05-01,Approved,0.83,5,1
BKG101112,AERO SEMINAR HALL,Seminar,62,FAC5055,ECE,10:00,11:00,2026-04-29,Approved,0.86,3,1
BKG101113,COMPUTER LAB - 10,Placement,42,FAC5120,MECH,09:00,11:00,2026-06-21,Approved,0.71,4,1
BKG101114,BAS Lab(Computer Lab 1),Lab,39,FAC5109,AIDS,15:00,16:00,2026-06-17,Approved,0.98,4,0
BKG101115,ECE SEMINAR HALL,Placement,165,FAC5014,AIML,10:00,12:00,2026-06-05,Approved,0.92,4,1
BKG101116,EW 104,Placement,53,FAC5065,CSE,15:00,18:00,2026-05-13,Approved,0.88,3,0
BKG101117,ME206,Conference,82,FAC5004,TEXTILE,11:00,13:00,2026-05-23,Approved,0.91,4,1
BKG101118,COMPUTER LAB - 8,Workshop,54,FAC5077,IT,10:00,13:00,2026-04-30,Approved,0.92,5,1
BKG101119,COMPUTER LAB - 10,Lab,50,FAC5130,AIML,11:00,14:00,2026-07-01,Approved,0.85,4,1
BKG101120,SF 201,Training,79,FAC5029,AIDS,12:00,15:00,2026-07-01,Approved,0.99,4,0
BKG101121,Computer lab - (18),Meeting,78,FAC5068,EEE,15:00,18:00,2026-05-07,Approved,0.88,3,0
BKG101122,EW 206,Seminar,93,FAC5028,CIVIL,12:00,15:00,2026-05-03,Approved,0.93,5,0
BKG101123,EIE CC Lab,Meeting,52,FAC5033,CSE,09:00,12:00,2026-05-08,Approved,0.88,3,1
BKG101124,WW 222,Class,83,FAC5107,CIVIL,14:00,17:00,2026-07-13,Approved,0.83,5,0
BKG101125,WW 226,Workshop,80,FAC5104,ECE,11:00,14:00,2026-06-28,Approved,0.8,3,1
BKG101126,WW 114,Conference,60,FAC5091,CIVIL,14:00,16:00,2026-06-09,Approved,1.0,5,0
BKG101127,SF 102,Workshop,73,FAC5088,AIML,09:00,11:00,2026-05-04,Approved,0.91,4,1
BKG101128,EW 101,Class,60,FAC5013,MECH,12:00,14:00,2026-07-16,Approved,1.0,3,0
BKG101129,DATA SCIENCE LAB 2,Class,26,FAC5032,AIML,12:00,13:00,2026-05-02,Approved,0.87,4,0
BKG101130,COMPUTER LAB - 10,Workshop,42,FAC5039,EEE,14:00,16:00,2026-06-14,Approved,0.71,4,0
BKG101131,Cloud Computing(COMPUTER LAB 4),Meeting,53,FAC5082,IT,14:00,15:00,2026-07-11,Approved,0.9,5,0
BKG101132,Analog Communication Lab,Training,17,FAC5087,AIDS,10:00,11:00,2026-05-29,Approved,0.47,3,1
BKG101133,ME302,Seminar,90,FAC5086,CIVIL,09:00,10:00,2026-07-04,Approved,1.0,5,1
BKG101134,SF 102,Training,72,FAC5091,IT,14:00,16:00,2026-04-28,Approved,0.9,4,0
BKG101135,Mech Drawing Hall,Training,143,FAC5119,TEXTILE,11:00,12:00,2026-06-12,Approved,0.95,5,1
BKG101136,Mech library,Lab,31,FAC5056,TEXTILE,15:00,17:00,2026-04-29,Approved,0.78,4,0
BKG101137,WW 104,Class,30,FAC5071,MECH,09:00,12:00,2026-07-22,Approved,0.6,4,1
BKG101138,Class Room 2,Class,60,FAC5133,AIDS,09:00,11:00,2026-06-19,Approved,1.0,5,1
BKG101139,EEE smart class,Workshop,69,FAC5092,EEE,12:00,13:00,2026-06-16,Approved,0.99,5,0
BKG101140,Servo Lab,Workshop,193,FAC5133,CIVIL,10:00,11:00,2026-05-28,Approved,0.95,4,1
BKG101141,BAS Lab(Computer Lab 1),Lab,35,FAC5079,AIDS,11:00,12:00,2026-06-21,Approved,0.88,3,1
BKG101142,SF 202,Workshop,80,FAC5099,ECE,11:00,12:00,2026-06-29,Approved,1.0,5,1
BKG101143,EW 208,Conference,56,FAC5026,IT,10:00,13:00,2026-07-20,Approved,0.93,4,1
BKG101144,Computer Lab (22),Lab,57,FAC5008,EEE,12:00,13:00,2026-07-20,Approved,0.97,3,0
BKG101145,WW 002,Conference,22,FAC5131,AIML,09:00,11:00,2026-06-05,Approved,0.55,5,1
BKG101146,COMPUTER LAB - 8,Seminar,56,FAC5012,IT,10:00,12:00,2026-04-30,Approved,0.95,4,1
BKG101147,EW 204,Meeting,33,FAC5019,AIDS,15:00,17:00,2026-05-12,Approved,0.82,5,0
BKG101148,WW 008,Placement,43,FAC5063,MECH,10:00,13:00,2026-07-02,Approved,0.72,5,1
BKG101149,EW 106,Meeting,45,FAC5001,CSE,14:00,17:00,2026-05-01,Approved,0.75,3,0
BKG101150,WW 117,Training,41,FAC5114,IT,15:00,16:00,2026-05-09,Approved,0.68,5,0
BKG101151,EW 109,Conference,53,FAC5071,TEXTILE,15:00,17:00,2026-06-19,Approved,0.88,4,0
BKG101152,EW 107,Conference,53,FAC5054,MECH,15:00,17:00,2026-05-10,Approved,0.88,5,0
BKG101153,EIE CC Lab,Class,42,FAC5078,ECE,12:00,14:00,2026-06-12,Approved,0.71,4,0
BKG101154,Computer Lab  (19) - Harita Lab,Lab,34,FAC5011,ECE,12:00,13:00,2026-07-11,Approved,0.87,5,0
BKG101155,Programming Lab(COMPUTER LAB 6),Placement,44,FAC5053,AIDS,11:00,14:00,2026-06-29,Approved,0.75,5,1
BKG101156,WW 002,Workshop,24,FAC5056,IT,15:00,18:00,2026-06-22,Approved,0.6,5,0
BKG101157,EW 113,Conference,53,FAC5098,AIDS,10:00,13:00,2026-06-18,Approved,0.88,4,1
BKG101158,Cyber security Lab,Training,45,FAC5085,IT,14:00,17:00,2026-05-30,Approved,0.75,3,0
BKG101159,CIVIL CONFERENCE HALL,Class,23,FAC5073,CSE,09:00,11:00,2026-06-03,Approved,0.77,5,1
BKG101160,Computer Lab (25),Workshop,56,FAC5066,IT,09:00,10:00,2026-07-20,Approved,0.95,5,1
BKG101161,Library Third Floor,Class,133,FAC5096,ECE,09:00,11:00,2026-06-15,Approved,0.89,5,1
BKG101162,WW 219,Meeting,40,FAC5034,IT,09:00,12:00,2026-05-30,Approved,0.67,5,1
BKG101163,WW 213,Class,54,FAC5127,AIML,11:00,13:00,2026-06-07,Approved,0.9,4,1
BKG101164,WW 212,Class,83,FAC5104,IT,09:00,10:00,2026-05-03,Approved,0.83,4,1
BKG101165,AI BASED INDUSTRIAL AUTOMATION,Lab,29,FAC5100,IT,15:00,18:00,2026-05-08,Approved,0.72,5,0
BKG101166,SF B02,Seminar,75,FAC5106,IT,11:00,12:00,2026-06-04,Approved,0.94,4,1
BKG101167,ME203,Conference,86,FAC5049,CIVIL,10:00,13:00,2026-05-17,Approved,0.96,3,1
BKG101168,EW 212,Conference,91,FAC5066,EEE,12:00,15:00,2026-05-09,Approved,0.91,4,0
BKG101169,COMPUTER LAB - 10,Lab,49,FAC5069,CIVIL,12:00,13:00,2026-07-09,Approved,0.83,5,0
BKG101170,ME107,Conference,80,FAC5073,MECH,10:00,11:00,2026-07-16,Approved,0.89,4,1
BKG101171,EW 112,Meeting,49,FAC5124,ECE,11:00,13:00,2026-07-05,Approved,0.82,4,1
BKG101172,WW 114,Training,42,FAC5095,ECE,12:00,15:00,2026-05-25,Approved,0.7,3,0
BKG101173,WW 012,Seminar,49,FAC5034,IT,10:00,13:00,2026-06-26,Approved,0.82,5,1
BKG101174,Mechatronics - Computer Center 49,Meeting,28,FAC5045,CIVIL,14:00,16:00,2026-06-06,Approved,0.93,4,0
BKG101175,ME201,Placement,83,FAC5041,TEXTILE,09:00,11:00,2026-06-16,Approved,0.92,3,1
BKG101176,EW 217,Conference,22,FAC5090,CSE,09:00,11:00,2026-06-23,Approved,0.55,3,1
BKG101177,Mechatronics - Sensor and Instrumentation Laboratory,Meeting,23,FAC5011,MECH,10:00,12:00,2026-06-17,Approved,0.64,5,1
BKG101178,WW 220,Meeting,21,FAC5050,MECH,11:00,14:00,2026-07-04,Approved,0.52,3,1
BKG101179,Class Room 2,Training,44,FAC5051,EEE,12:00,14:00,2026-06-24,Approved,0.73,4,0
BKG101180,Full Stack lab,Class,71,FAC5022,AIDS,10:00,13:00,2026-05-28,Approved,0.84,5,1
BKG101181,WW 207,Class,100,FAC5030,IT,15:00,17:00,2026-05-27,Approved,1.0,5,0
BKG101182,Computer Lab (20),Placement,58,FAC5006,AIDS,14:00,15:00,2026-07-12,Approved,0.98,5,0
BKG101183,Data Structure Lab (Computer  Lab-13),Seminar,50,FAC5111,CSE,14:00,16:00,2026-06-13,Approved,0.85,5,0
BKG101184,ME101,Placement,89,FAC5035,IT,09:00,10:00,2026-05-31,Approved,0.99,3,1
BKG101185,EW 209,Placement,44,FAC5051,EEE,14:00,15:00,2026-05-08,Approved,0.73,5,0
BKG101186,EW 215,Conference,59,FAC5111,EEE,12:00,15:00,2026-05-31,Approved,0.98,3,0
BKG101187,COMPUTER LAB - 11,Training,48,FAC5103,IT,10:00,13:00,2026-06-07,Approved,0.81,3,1
BKG101188,EW 214,Workshop,59,FAC5053,EEE,12:00,13:00,2026-04-30,Approved,0.98,4,0
BKG101189,WW 217,Placement,21,FAC5060,CIVIL,11:00,12:00,2026-05-16,Approved,0.52,4,1
BKG101190,PCB Fabrication Lab,Meeting,27,FAC5080,ECE,10:00,11:00,2026-05-03,Approved,0.75,4,1
BKG101191,SF 101,Conference,68,FAC5084,TEXTILE,10:00,12:00,2026-07-01,Approved,0.85,4,1
BKG101192,EW 109,Conference,42,FAC5051,MECH,15:00,16:00,2026-04-30,Approved,0.7,4,0
BKG101193,WW 224,Seminar,92,FAC5009,CSE,11:00,13:00,2026-06-17,Approved,0.92,5,1
BKG101194,Mechatronics - Sensor and Instrumentation Laboratory,Training,22,FAC5099,TEXTILE,11:00,12:00,2026-05-21,Approved,0.61,3,1
BKG101195,Mechatronics - Computer Center 49,Training,23,FAC5107,AIDS,12:00,14:00,2026-06-21,Approved,0.77,3,0
BKG101196,Smart AGRI,Placement,27,FAC5111,EEE,09:00,12:00,2026-06-16,Approved,0.68,3,1
BKG101197,Computer Lab (22),Class,52,FAC5101,EEE,11:00,12:00,2026-07-18,Approved,0.88,4,1
BKG101198,VLSI Design,Meeting,37,FAC5016,TEXTILE,15:00,18:00,2026-05-01,Approved,0.92,4,0
BKG101199,COMPUTER LAB - 9,Lab,39,FAC5015,IT,12:00,13:00,2026-07-17,Approved,0.66,4,0
BKG101200,WW 212,Placement,89,FAC5087,AIML,11:00,12:00,2026-07-03,Approved,0.89,4,1
BKG101201,Kinematics and Dynamics Lab,Meeting,28,FAC5126,ECE,12:00,15:00,2026-05-31,Approved,0.82,3,0
BKG101202,EW 207,Conference,47,FAC5014,CIVIL,09:00,10:00,2026-07-14,Approved,0.78,3,1
BKG101203,Programming Lab(COMPUTER LAB 6),Training,51,FAC5075,AIDS,11:00,13:00,2026-06-20,Approved,0.86,4,1
BKG101204,ME304,Meeting,70,FAC5099,AIDS,15:00,17:00,2026-06-22,Approved,0.78,3,0
BKG101205,Power electronics laboratary,Lab,54,FAC5036,IT,10:00,11:00,2026-06-26,Approved,0.75,5,1
BKG101206,Computer Lab (22),Placement,42,FAC5084,TEXTILE,09:00,12:00,2026-07-15,Approved,0.71,5,1
BKG101207,EW 212,Seminar,94,FAC5103,AIDS,12:00,13:00,2026-05-11,Approved,0.94,5,0
BKG101208,ME101,Class,82,FAC5124,IT,11:00,14:00,2026-06-05,Approved,0.91,4,1
BKG101209,ME102,Training,80,FAC5126,ECE,12:00,15:00,2026-07-18,Approved,0.89,5,0
BKG101210,EIE CC Lab,Meeting,52,FAC5033,AIDS,12:00,13:00,2026-07-14,Approved,0.88,4,0
BKG101211,IECC SEMINAR HALL,Lab,152,FAC5046,ECE,15:00,17:00,2026-07-03,Approved,0.95,4,0
BKG101212,WW 217,Seminar,36,FAC5091,EEE,11:00,13:00,2026-05-25,Approved,0.9,5,1
BKG101213,ELCC smart class,Class,30,FAC5110,CSE,10:00,12:00,2026-06-04,Approved,0.75,3,1
BKG101214,WW 005,Training,33,FAC5086,IT,12:00,15:00,2026-06-04,Approved,0.66,3,0
BKG101215,Analog Communication Lab,Class,20,FAC5068,TEXTILE,09:00,10:00,2026-05-31,Approved,0.56,3,1
BKG101216,Mech Smart class,Seminar,12,FAC5048,MECH,12:00,14:00,2026-05-07,Approved,0.38,4,0
BKG101217,Computer Lab (25),Workshop,49,FAC5082,CIVIL,09:00,12:00,2026-05-01,Approved,0.83,5,1
BKG101218,SF 002,Conference,66,FAC5121,CSE,09:00,11:00,2026-07-11,Approved,0.82,4,1
BKG101219,EW 107,Workshop,46,FAC5086,EEE,15:00,18:00,2026-07-09,Approved,0.77,3,0
BKG101220,EW 111,Placement,42,FAC5051,AIDS,09:00,11:00,2026-05-21,Approved,0.7,3,1
BKG101221,COMPUTER LAB - 8,Training,53,FAC5097,MECH,09:00,12:00,2026-06-30,Approved,0.9,4,1
BKG101222,EW 115,Class,41,FAC5110,ECE,11:00,12:00,2026-07-19,Approved,0.68,5,1
BKG101223,WW 214,Workshop,55,FAC5113,IT,15:00,18:00,2026-05-12,Approved,0.92,4,0
BKG101224,EW 114,Training,40,FAC5087,ECE,09:00,11:00,2026-06-02,Approved,0.67,5,1
BKG101225,WW 103,Lab,32,FAC5024,IT,11:00,12:00,2026-06-17,Approved,0.64,4,1
BKG101226,Servo Lab,Meeting,189,FAC5112,ECE,10:00,12:00,2026-07-07,Approved,0.93,5,1
BKG101227,EW 107,Meeting,56,FAC5016,CSE,11:00,13:00,2026-07-09,Approved,0.93,4,1
BKG101228,EW 111,Conference,59,FAC5032,AIML,14:00,16:00,2026-06-24,Approved,0.98,4,0
BKG101229,EW 215,Seminar,53,FAC5036,IT,12:00,13:00,2026-07-20,Approved,0.88,3,0
BKG101230,WW 011,Class,52,FAC5110,MECH,14:00,17:00,2026-06-10,Approved,0.87,3,0
BKG101231,SF 102,Training,62,FAC5101,IT,10:00,13:00,2026-04-28,Approved,0.78,4,1
BKG101232,EW 214,Placement,42,FAC5104,CIVIL,15:00,17:00,2026-05-28,Approved,0.7,5,0
BKG101233,EW 117,Placement,51,FAC5120,EEE,09:00,10:00,2026-06-23,Approved,0.85,3,1
BKG101234,TEXTILE SEMINAR HALL,Workshop,170,FAC5073,AIDS,09:00,10:00,2026-05-29,Approved,0.94,4,1
BKG101235,ME205,Conference,70,FAC5119,EEE,10:00,12:00,2026-05-15,Approved,0.78,3,1
BKG101236,IECC SEMINAR HALL,Conference,145,FAC5006,AIDS,09:00,10:00,2026-06-13,Approved,0.91,4,1
BKG101237,COMPUTER LAB - 9,Lab,40,FAC5028,ECE,11:00,12:00,2026-07-14,Approved,0.68,3,1
BKG101238,Computer Lab (25),Conference,47,FAC5110,ECE,15:00,18:00,2026-06-26,Approved,0.8,5,0
BKG101239,EEE CC LAB,Lab,114,FAC5056,CIVIL,12:00,14:00,2026-05-20,Approved,0.88,5,0
BKG101240,Computer Lab  (24) - CAD Lab,Conference,71,FAC5052,CSE,12:00,14:00,2026-05-20,Approved,0.9,5,0
BKG101241,SUN FLOWER BLOCK - SEMINAR HALL II,Class,169,FAC5129,TEXTILE,12:00,14:00,2026-05-14,Approved,0.94,3,0
BKG101242,EW 217,Workshop,31,FAC5082,ECE,11:00,14:00,2026-07-16,Approved,0.78,3,1
BKG101243,EW 109,Placement,47,FAC5097,CSE,15:00,16:00,2026-06-12,Approved,0.78,3,0
BKG101244,SF 102,Seminar,72,FAC5088,MECH,11:00,13:00,2026-05-03,Approved,0.9,5,1
BKG101245,Database management system(computer lab 5),Lab,48,FAC5077,AIDS,12:00,14:00,2026-07-17,Approved,0.81,4,0
BKG101246,WW 218,Conference,49,FAC5009,MECH,10:00,12:00,2026-05-17,Approved,0.82,5,1
BKG101247,WW 007,Conference,56,FAC5122,AIML,12:00,15:00,2026-06-01,Approved,0.93,3,0
BKG101248,EW 106,Meeting,57,FAC5008,ECE,12:00,14:00,2026-06-09,Approved,0.95,4,0
BKG101249,IECC SEMINAR HALL,Training,160,FAC5084,ECE,15:00,18:00,2026-05-30,Approved,1.0,5,0
BKG101250,WW 007,Workshop,58,FAC5001,CSE,12:00,14:00,2026-05-21,Approved,0.97,5,0
BKG101251,WW 113,Training,47,FAC5107,MECH,10:00,13:00,2026-05-28,Approved,0.78,4,1
BKG101252,Cloud Computing(COMPUTER LAB 4),Conference,50,FAC5076,MECH,15:00,16:00,2026-06-29,Approved,0.85,5,0
BKG101253,ME301,Class,74,FAC5054,IT,09:00,11:00,2026-05-13,Approved,0.82,4,1
BKG101254,EW 211,Meeting,20,FAC5122,TEXTILE,10:00,13:00,2026-06-18,Approved,0.5,3,1
BKG101255,EEE CC LAB,Lab,124,FAC5101,MECH,10:00,12:00,2026-06-29,Approved,0.95,4,1
BKG101256,EIE CC Lab,Training,53,FAC5135,AIML,14:00,16:00,2026-07-10,Approved,0.9,3,0
BKG101257,WW 211,Class,55,FAC5121,ECE,15:00,17:00,2026-05-23,Approved,0.92,5,0
BKG101258,Computer Lab (22),Training,59,FAC5055,CSE,15:00,17:00,2026-06-11,Approved,1.0,5,0
BKG101259,Computer Lab (23),Placement,44,FAC5097,MECH,15:00,17:00,2026-06-07,Approved,0.75,5,0
BKG101260,Computer Lab (21),Meeting,52,FAC5126,TEXTILE,10:00,12:00,2026-05-28,Approved,0.88,4,1
BKG101261,EW 103,Seminar,55,FAC5120,AIDS,15:00,18:00,2026-05-07,Approved,0.92,3,0
BKG101262,Godrej lab,Conference,39,FAC5125,EEE,14:00,17:00,2026-06-28,Approved,0.7,4,0
BKG101263,WW 217,Seminar,27,FAC5118,AIML,09:00,12:00,2026-06-05,Approved,0.68,5,1
BKG101264,EW 116,Workshop,51,FAC5069,CIVIL,09:00,11:00,2026-05-30,Approved,0.85,5,1
BKG101265,SF 002,Seminar,61,FAC5028,AIDS,14:00,16:00,2026-06-09,Approved,0.76,5,0
BKG101266,EW 203,Class,44,FAC5102,IT,12:00,14:00,2026-07-22,Approved,0.73,3,0
BKG101267,WW 005,Placement,34,FAC5073,ECE,15:00,17:00,2026-06-08,Approved,0.68,4,0
BKG101268,Computer Lab (21),Lab,53,FAC5059,CIVIL,12:00,13:00,2026-07-11,Approved,0.9,4,0
BKG101269,Artificial Intelligence Lab(COMPUTER LAB 2),Workshop,54,FAC5044,ECE,11:00,12:00,2026-05-17,Approved,0.76,3,1
BKG101270,Computer Lab (21),Lab,44,FAC5126,MECH,09:00,10:00,2026-07-06,Approved,0.75,3,1
BKG101271,Mechatronics - Computer Center 49,Seminar,22,FAC5013,TEXTILE,09:00,10:00,2026-05-09,Approved,0.73,3,1
BKG101272,Physics Lab 2,Workshop,90,FAC5095,TEXTILE,14:00,15:00,2026-04-30,Approved,0.9,4,0
BKG101273,WW 115,Class,60,FAC5008,CSE,14:00,16:00,2026-05-08,Approved,1.0,5,0
BKG101274,Mech library,Placement,22,FAC5092,ECE,09:00,11:00,2026-07-12,Approved,0.55,3,1
BKG101275,SF 202,Training,63,FAC5088,CIVIL,15:00,17:00,2026-06-22,Approved,0.79,5,0
BKG101276,Computer Lab  (19) - Harita Lab,Workshop,33,FAC5026,AIDS,11:00,13:00,2026-07-04,Approved,0.85,3,1
BKG101277,SF 103,Placement,72,FAC5060,IT,15:00,18:00,2026-06-29,Approved,0.9,3,0
BKG101278,WW 002,Training,23,FAC5111,IT,11:00,13:00,2026-05-26,Approved,0.57,5,1
BKG101279,EW 212,Training,89,FAC5053,CSE,10:00,13:00,2026-05-28,Approved,0.89,4,1
BKG101280,SF 201,Training,78,FAC5043,IT,12:00,14:00,2026-06-22,Approved,0.98,5,0
BKG101281,Full Stack lab,Training,77,FAC5074,ECE,09:00,12:00,2026-06-29,Approved,0.91,5,1
BKG101282,SUN FLOWER BLOCK - SEMINAR HALL I,Lab,302,FAC5103,CIVIL,11:00,12:00,2026-05-26,Approved,0.99,4,1
BKG101283,Smart AGRI,Placement,40,FAC5118,TEXTILE,11:00,12:00,2026-05-03,Approved,1.0,3,1
BKG101284,SF 102,Conference,72,FAC5057,MECH,11:00,12:00,2026-06-16,Approved,0.9,5,1
BKG101285,SF 201,Seminar,76,FAC5083,IT,14:00,17:00,2026-07-14,Approved,0.95,3,0
BKG101286,WW 011,Conference,53,FAC5083,TEXTILE,11:00,13:00,2026-05-27,Approved,0.88,5,1
BKG101287,ME305,Seminar,84,FAC5015,AIML,09:00,10:00,2026-05-30,Approved,0.93,3,1
BKG101288,WW 226,Class,98,FAC5058,CIVIL,12:00,15:00,2026-07-16,Approved,0.98,3,0
BKG101289,EW 105,Workshop,52,FAC5085,AIDS,11:00,14:00,2026-05-18,Approved,0.87,5,1
BKG101290,ME303,Lab,89,FAC5094,EEE,15:00,18:00,2026-07-05,Approved,0.99,3,0
BKG101291,EW 109,Class,51,FAC5091,CIVIL,15:00,17:00,2026-06-05,Approved,0.85,5,0
BKG101292,EW 204,Meeting,30,FAC5122,CSE,09:00,10:00,2026-07-11,Approved,0.75,3,1
BKG101293,Network Lab,Class,46,FAC5063,IT,14:00,16:00,2026-06-16,Approved,0.87,3,0
BKG101294,EW 117,Workshop,42,FAC5122,ECE,14:00,16:00,2026-06-25,Approved,0.7,3,0
BKG101295,Cloud Computing(COMPUTER LAB 4),Training,51,FAC5052,CSE,09:00,11:00,2026-06-30,Approved,0.86,4,1
BKG101296,EW 114,Placement,52,FAC5093,IT,14:00,16:00,2026-05-20,Approved,0.87,5,0
BKG101297,Physics Lab 1,Conference,137,FAC5071,ECE,14:00,16:00,2026-06-06,Approved,0.91,5,0
BKG101298,EIE CC Lab,Lab,40,FAC5089,CSE,09:00,10:00,2026-07-02,Approved,0.68,5,1
BKG101299,Database management system(computer lab 5),Placement,59,FAC5037,TEXTILE,12:00,15:00,2026-06-21,Approved,1.0,3,0
BKG101300,IECC SEMINAR HALL,Workshop,155,FAC5107,EEE,09:00,12:00,2026-05-18,Approved,0.97,5,1
BKG101301,EW 215,Training,47,FAC5009,EEE,10:00,12:00,2026-07-14,Approved,0.78,4,1
BKG101302,SF 102,Workshop,66,FAC5073,AIDS,11:00,13:00,2026-06-29,Approved,0.82,4,1
BKG101303,Computer lab - (18),Lab,89,FAC5020,ECE,11:00,13:00,2026-06-25,Approved,1.0,5,1
BKG101304,Computer Lab (20),Seminar,44,FAC5055,CIVIL,10:00,12:00,2026-06-28,Approved,0.75,4,1
BKG101305,Network Lab,Conference,46,FAC5053,MECH,09:00,10:00,2026-05-15,Approved,0.87,4,1
BKG101306,Mechatronics - Computer Center 49,Meeting,19,FAC5087,IT,10:00,11:00,2026-07-14,Approved,0.63,4,1
BKG101307,EW 205,Training,21,FAC5018,ECE,10:00,11:00,2026-07-07,Approved,0.52,4,1
BKG101308,ME101,Training,80,FAC5117,CIVIL,11:00,12:00,2026-07-19,Approved,0.89,4,1
BKG101309,WW 114,Conference,53,FAC5014,AIML,09:00,10:00,2026-05-28,Approved,0.88,4,1
BKG101310,COMPUTER LAB - 7,Conference,69,FAC5001,AIDS,14:00,16:00,2026-06-13,Approved,0.97,3,0
BKG101311,EW 104,Lab,46,FAC5083,TEXTILE,10:00,12:00,2026-06-18,Approved,0.77,4,1
BKG101312,Data Structure Lab (Computer  Lab-13),Meeting,39,FAC5009,AIML,11:00,13:00,2026-07-12,Approved,0.66,3,1
BKG101313,WW 211,Seminar,56,FAC5023,ECE,12:00,15:00,2026-06-24,Approved,0.93,3,0
BKG101314,EW 102,Workshop,51,FAC5066,ECE,12:00,14:00,2026-05-03,Approved,0.85,5,0
BKG101315,EW 203,Workshop,54,FAC5004,MECH,12:00,14:00,2026-05-07,Approved,0.9,4,0
BKG101316,WW 218,Class,50,FAC5071,AIDS,12:00,14:00,2026-07-11,Approved,0.83,4,0
BKG101317,WW 103,Training,43,FAC5106,ECE,12:00,13:00,2026-07-04,Approved,0.86,4,0
BKG101318,EW 108,Seminar,56,FAC5089,ECE,11:00,12:00,2026-05-24,Approved,0.93,3,1
BKG101319,WW 221,Placement,27,FAC5111,MECH,10:00,13:00,2026-05-25,Approved,0.68,4,1
BKG101320,TEXTILE SEMINAR HALL,Training,171,FAC5008,TEXTILE,09:00,10:00,2026-05-24,Approved,0.95,3,1
BKG101321,Database management system(computer lab 5),Class,57,FAC5039,AIDS,12:00,14:00,2026-06-09,Approved,0.97,4,0
BKG101322,ME204,Class,87,FAC5035,AIDS,12:00,15:00,2026-07-11,Approved,0.97,3,0
BKG101323,EW 212,Seminar,81,FAC5011,AIML,15:00,18:00,2026-06-17,Approved,0.81,3,0
BKG101324,Data Structure Lab (Computer  Lab-13),Lab,41,FAC5050,EEE,14:00,15:00,2026-06-20,Approved,0.69,4,0
BKG101325,COMPUTER LAB - 9,Training,40,FAC5047,MECH,10:00,12:00,2026-07-01,Approved,0.68,5,1
BKG101326,EW 102,Class,42,FAC5052,CIVIL,15:00,18:00,2026-05-30,Approved,0.7,3,0
BKG101327,ME306,Class,75,FAC5108,MECH,09:00,12:00,2026-05-05,Approved,0.83,3,1
BKG101328,Computer Lab  (19) - Harita Lab,Class,25,FAC5132,IT,10:00,12:00,2026-06-03,Approved,0.64,3,1
BKG101329,EW 114,Placement,48,FAC5006,EEE,11:00,14:00,2026-07-13,Approved,0.8,3,1
BKG101330,ME201,Meeting,72,FAC5130,AIDS,15:00,17:00,2026-07-10,Approved,0.8,5,0
BKG101331,WW 213,Seminar,47,FAC5023,AIML,12:00,14:00,2026-06-24,Approved,0.78,3,0
BKG101332,Internet Center,Lab,82,FAC5028,MECH,09:00,12:00,2026-05-29,Approved,0.82,5,1
BKG101333,Class Room 1,Class,51,FAC5093,EEE,14:00,15:00,2026-06-20,Approved,0.85,5,0
BKG101334,EW 114,Conference,55,FAC5122,CIVIL,10:00,13:00,2026-06-26,Approved,0.92,5,1
BKG101335,COMPUTER LAB - 11,Lab,57,FAC5084,TEXTILE,12:00,15:00,2026-05-30,Approved,0.97,3,0
BKG101336,SF 201,Meeting,79,FAC5077,AIML,12:00,15:00,2026-05-20,Approved,0.99,4,0
BKG101337,Servo Lab,Workshop,188,FAC5049,MECH,10:00,11:00,2026-05-15,Approved,0.92,4,1
BKG101338,Network Lab,Class,51,FAC5089,TEXTILE,10:00,11:00,2026-06-02,Approved,0.96,4,1
BKG101339,Computer lab - (18),Lab,78,FAC5069,AIDS,14:00,17:00,2026-04-30,Approved,0.88,3,0
BKG101340,Library Third Floor,Lab,149,FAC5099,CSE,14:00,16:00,2026-05-28,Approved,0.99,4,0
BKG101341,EW 102,Class,54,FAC5128,CIVIL,15:00,17:00,2026-05-24,Approved,0.9,4,0
BKG101342,WW 101,Training,34,FAC5005,IT,15:00,16:00,2026-05-11,Approved,0.68,5,0
BKG101343,WW 220,Meeting,39,FAC5098,MECH,15:00,18:00,2026-06-15,Approved,0.98,4,0
BKG101344,Cloud Computing(COMPUTER LAB 4),Workshop,46,FAC5096,TEXTILE,10:00,12:00,2026-06-22,Approved,0.78,4,1
BKG101345,PSKILL Lab 3,Class,65,FAC5010,CIVIL,09:00,12:00,2026-05-18,Approved,0.98,4,1
BKG101346,SF B02,Conference,60,FAC5106,ECE,15:00,17:00,2026-06-14,Approved,0.75,3,0
BKG101347,Full Stack lab,Training,80,FAC5059,ECE,14:00,17:00,2026-07-06,Approved,0.94,4,0
BKG101348,SUN FLOWER BLOCK - SEMINAR HALL III,Class,175,FAC5133,IT,10:00,11:00,2026-04-30,Approved,0.9,5,1
BKG101349,Computer Lab (23),Lab,56,FAC5003,AIML,11:00,13:00,2026-07-09,Approved,0.95,4,1
BKG101350,ME203,Seminar,70,FAC5078,MECH,12:00,14:00,2026-05-30,Approved,0.78,3,0
BKG101351,EIE SEMINAR HALL,Placement,146,FAC5024,TEXTILE,09:00,11:00,2026-07-06,Approved,0.91,3,1
BKG101352,EW 107,Meeting,53,FAC5046,TEXTILE,12:00,13:00,2026-06-13,Approved,0.88,3,0
BKG101353,Programming Lab(COMPUTER LAB 6),Class,59,FAC5040,EEE,11:00,13:00,2026-06-20,Approved,1.0,4,1
BKG101354,Cloud Computing(COMPUTER LAB 4),Training,48,FAC5037,AIML,09:00,10:00,2026-05-08,Approved,0.81,5,1
BKG101355,Database management system(computer lab 5),Workshop,44,FAC5066,CIVIL,09:00,10:00,2026-05-07,Approved,0.75,3,1
BKG101356,Computer Lab (20),Lab,46,FAC5085,AIDS,11:00,13:00,2026-07-07,Approved,0.78,3,1
BKG101357,ME301,Conference,77,FAC5033,EEE,14:00,17:00,2026-07-04,Approved,0.86,4,0
BKG101358,EW 115,Seminar,59,FAC5079,AIML,09:00,10:00,2026-05-28,Approved,0.98,5,1
BKG101359,Data Science Lab,Meeting,73,FAC5105,AIDS,15:00,16:00,2026-05-03,Approved,0.81,3,0
BKG101360,WW 213,Placement,53,FAC5059,CIVIL,15:00,16:00,2026-07-21,Approved,0.88,3,0
BKG101361,Mech library,Placement,36,FAC5006,CSE,09:00,11:00,2026-05-07,Approved,0.9,4,1
BKG101362,SF 202,Meeting,60,FAC5022,AIDS,14:00,16:00,2026-06-29,Approved,0.75,3,0
BKG101363,Computer Lab  (24) - CAD Lab,Workshop,69,FAC5084,MECH,09:00,11:00,2026-07-09,Approved,0.87,5,1
BKG101364,SF 001,Class,79,FAC5042,AIML,11:00,13:00,2026-05-31,Approved,0.99,3,1
BKG101365,EW 101,Lab,58,FAC5084,ECE,12:00,14:00,2026-07-11,Approved,0.97,3,0
BKG101366,EW 206,Class,82,FAC5110,MECH,10:00,12:00,2026-07-04,Approved,0.82,3,1
BKG101367,Class Room 1,Workshop,55,FAC5060,CIVIL,11:00,12:00,2026-05-19,Approved,0.92,3,1
BKG101368,CIVIL CONFERENCE HALL,Lab,27,FAC5067,EEE,10:00,11:00,2026-06-17,Approved,0.9,4,1
BKG101369,SF 202,Class,66,FAC5069,AIML,12:00,14:00,2026-06-14,Approved,0.82,3,0
BKG101370,WW 213,Meeting,51,FAC5040,EEE,11:00,12:00,2026-05-29,Approved,0.85,5,1
BKG101371,SF 103,Workshop,79,FAC5020,AIML,12:00,15:00,2026-05-21,Approved,0.99,4,0
BKG101372,Computer Lab (23),Seminar,55,FAC5033,AIML,09:00,11:00,2026-04-30,Approved,0.93,5,1
BKG101373,WW 217,Class,34,FAC5130,CSE,15:00,18:00,2026-05-23,Approved,0.85,3,0
BKG101374,EW 207,Class,42,FAC5025,CIVIL,12:00,15:00,2026-06-15,Approved,0.7,5,0
BKG101375,Computer lab - (18),Workshop,76,FAC5008,IT,10:00,12:00,2026-07-08,Approved,0.85,4,1
BKG101376,EIE CC Lab,Lab,58,FAC5104,IT,10:00,12:00,2026-07-18,Approved,0.98,3,1
BKG101377,MH305,Meeting,37,FAC5049,CIVIL,09:00,12:00,2026-06-11,Approved,0.74,4,1
BKG101378,ME304,Workshop,79,FAC5001,IT,15:00,17:00,2026-05-12,Approved,0.88,5,0
BKG101379,SF B03,Training,77,FAC5031,AIDS,15:00,18:00,2026-06-18,Approved,0.96,4,0
BKG101380,Network Lab,Workshop,42,FAC5003,EEE,12:00,15:00,2026-06-12,Approved,0.79,5,0
BKG101381,ME301,Training,76,FAC5076,TEXTILE,14:00,17:00,2026-04-29,Approved,0.84,5,0
BKG101382,SF B02,Conference,61,FAC5035,AIDS,09:00,10:00,2026-06-29,Approved,0.76,5,1
BKG101383,Artificial Intelligence Lab(COMPUTER LAB 2),Lab,51,FAC5132,MECH,12:00,13:00,2026-06-09,Approved,0.72,3,0
BKG101384,Data Structure Lab (Computer  Lab-13),Lab,46,FAC5063,AIDS,10:00,13:00,2026-05-25,Approved,0.78,3,1
BKG101385,COMPUTER LAB - 7,Seminar,64,FAC5120,CSE,12:00,13:00,2026-06-14,Approved,0.9,4,0
BKG101386,EW 114,Meeting,57,FAC5058,ECE,15:00,16:00,2026-05-12,Approved,0.95,5,0
BKG101387,WW 221,Training,32,FAC5088,CSE,14:00,15:00,2026-06-24,Approved,0.8,4,0
BKG101388,ME206,Class,75,FAC5002,ECE,10:00,13:00,2026-05-27,Approved,0.83,5,1
BKG101389,WW 113,Training,50,FAC5067,CSE,10:00,12:00,2026-05-29,Approved,0.83,3,1
BKG101390,ME304,Seminar,71,FAC5064,CSE,09:00,11:00,2026-05-11,Approved,0.79,4,1
BKG101391,EW 104,Workshop,57,FAC5019,MECH,12:00,14:00,2026-07-16,Approved,0.95,5,0
BKG101392,SF 001,Conference,63,FAC5089,ECE,09:00,12:00,2026-04-30,Approved,0.79,4,1
BKG101393,Computer Lab (22),Lab,53,FAC5063,MECH,15:00,16:00,2026-05-25,Approved,0.9,4,0
BKG101394,EIE CC Lab,Lab,42,FAC5034,EEE,09:00,10:00,2026-07-21,Approved,0.71,5,1
BKG101395,EW 102,Training,59,FAC5077,MECH,10:00,13:00,2026-07-19,Approved,0.98,4,1
BKG101396,EW 101,Workshop,46,FAC5082,MECH,10:00,12:00,2026-07-01,Approved,0.77,5,1
BKG101397,Physics Lab 2,Workshop,92,FAC5051,CSE,09:00,11:00,2026-06-01,Approved,0.92,3,1
BKG101398,SF 203,Training,69,FAC5055,CSE,09:00,12:00,2026-05-25,Approved,0.86,4,1
BKG101399,COMPUTER LAB - 11,Lab,59,FAC5008,EEE,09:00,10:00,2026-04-29,Approved,1.0,4,1
BKG101400,Internet Center,Seminar,93,FAC5002,ECE,14:00,15:00,2026-06-17,Approved,0.93,5,0
BKG101401,Mechatronics - Sensor and Instrumentation Laboratory,Class,36,FAC5075,MECH,12:00,13:00,2026-07-06,Approved,1.0,3,0
BKG101402,WW 004,Training,24,FAC5060,CSE,15:00,17:00,2026-07-02,Approved,0.6,4,0
BKG101403,WW 006,Conference,45,FAC5002,TEXTILE,09:00,11:00,2026-06-17,Approved,0.75,5,1
BKG101404,ME305,Lab,72,FAC5085,MECH,11:00,12:00,2026-06-17,Approved,0.8,4,1
BKG101405,EW 108,Training,41,FAC5082,AIDS,10:00,13:00,2026-06-03,Approved,0.68,3,1
BKG101406,COMPUTER LAB - 8,Seminar,45,FAC5009,IT,10:00,13:00,2026-06-03,Approved,0.76,4,1
BKG101407,Mechatronics - Sensor and Instrumentation Laboratory,Seminar,27,FAC5106,EEE,12:00,13:00,2026-05-31,Approved,0.75,3,0
BKG101408,COMPUTER LAB - 9,Seminar,56,FAC5060,AIDS,12:00,13:00,2026-05-16,Approved,0.95,4,0
BKG101409,COMPUTER LAB - 12,Placement,46,FAC5046,TEXTILE,10:00,13:00,2026-05-23,Approved,0.78,4,1
BKG101410,ME303,Meeting,89,FAC5073,CIVIL,10:00,11:00,2026-07-08,Approved,0.99,4,1
BKG101411,EEE SEMINAR HALL,Placement,156,FAC5040,MECH,11:00,14:00,2026-06-02,Approved,0.98,4,1
BKG101412,WW 007,Class,51,FAC5036,MECH,11:00,14:00,2026-06-07,Approved,0.85,5,1
BKG101413,Computer lab - (18),Placement,72,FAC5020,TEXTILE,11:00,13:00,2026-07-01,Approved,0.81,5,1
BKG101414,TEXTILE SEMINAR HALL,Conference,165,FAC5083,CIVIL,09:00,12:00,2026-05-20,Approved,0.92,5,1
BKG101415,WW 007,Seminar,56,FAC5072,AIML,12:00,14:00,2026-07-07,Approved,0.93,3,0
BKG101416,COMPUTER LAB - 11,Lab,43,FAC5116,AIDS,14:00,17:00,2026-06-24,Approved,0.73,4,0
BKG101417,Computer Lab (22),Lab,46,FAC5061,EEE,11:00,13:00,2026-05-26,Approved,0.78,5,1
BKG101418,EW 214,Workshop,55,FAC5039,ECE,15:00,16:00,2026-05-21,Approved,0.92,5,0
BKG101419,SF 203,Placement,69,FAC5087,CSE,15:00,17:00,2026-07-06,Approved,0.86,3,0
BKG101420,WW 004,Seminar,20,FAC5057,TEXTILE,11:00,14:00,2026-05-28,Approved,0.5,4,1
BKG101421,ME304,Placement,70,FAC5047,CSE,09:00,10:00,2026-06-03,Approved,0.78,4,1
BKG101422,Computer Lab (23),Lab,43,FAC5065,AIML,12:00,15:00,2026-04-30,Approved,0.73,4,0
BKG101423,Computer lab - (18),Workshop,70,FAC5107,MECH,10:00,13:00,2026-07-14,Approved,0.79,3,1
BKG101424,Data Mining Lab(COMPUTER LAB 3),Seminar,49,FAC5032,MECH,10:00,13:00,2026-05-06,Approved,0.83,4,1
BKG101425,EW 216,Training,31,FAC5076,AIDS,11:00,13:00,2026-06-21,Approved,0.78,3,1
BKG101426,EW 202,Training,49,FAC5094,AIDS,10:00,13:00,2026-06-09,Approved,0.82,3,1
BKG101427,EW 112,Meeting,44,FAC5106,EEE,10:00,12:00,2026-06-02,Approved,0.73,3,1
BKG101428,WW 227,Training,92,FAC5014,CIVIL,15:00,16:00,2026-05-21,Approved,0.92,5,0
BKG101429,WW 219,Seminar,45,FAC5046,ECE,11:00,12:00,2026-07-22,Approved,0.75,5,1
BKG101430,CPS LAB 3,Meeting,19,FAC5069,IT,11:00,13:00,2026-06-30,Approved,0.49,3,1
BKG101431,WW 005,Placement,34,FAC5094,CSE,10:00,12:00,2026-05-11,Approved,0.68,5,1
BKG101432,WW 219,Seminar,60,FAC5094,AIML,11:00,13:00,2026-05-14,Approved,1.0,3,1
BKG101433,WW 212,Workshop,80,FAC5055,ECE,11:00,13:00,2026-06-30,Approved,0.8,5,1
BKG101434,WW 117,Seminar,49,FAC5063,TEXTILE,12:00,15:00,2026-05-11,Approved,0.82,4,0
BKG101435,WW 002,Class,32,FAC5049,CSE,14:00,16:00,2026-07-18,Approved,0.8,4,0
BKG101436,Physics Lab 1,Workshop,143,FAC5015,EEE,14:00,17:00,2026-06-16,Approved,0.95,3,0
BKG101437,SF 102,Workshop,66,FAC5056,ECE,11:00,13:00,2026-06-26,Approved,0.82,5,1
BKG101438,WW 002,Meeting,38,FAC5008,MECH,09:00,12:00,2026-05-25,Approved,0.95,3,1
BKG101439,EW 203,Seminar,46,FAC5070,MECH,09:00,11:00,2026-05-01,Approved,0.77,5,1
BKG101440,Analog Communication Lab,Lab,26,FAC5005,IT,11:00,12:00,2026-06-26,Approved,0.72,3,1
BKG101441,EW 202,Meeting,53,FAC5077,IT,14:00,16:00,2026-07-15,Approved,0.88,5,0
BKG101442,COMPUTER LAB - 9,Conference,46,FAC5076,CIVIL,11:00,13:00,2026-07-10,Approved,0.78,4,1
BKG101443,Artificial Intelligence Lab(COMPUTER LAB 2),Placement,70,FAC5080,CSE,15:00,17:00,2026-06-13,Approved,0.99,5,0
BKG101444,Class Room 1,Placement,58,FAC5091,IT,12:00,15:00,2026-05-25,Approved,0.97,5,0
BKG101445,WW 227,Workshop,90,FAC5113,CSE,09:00,11:00,2026-07-16,Approved,0.9,4,1
BKG101446,EW 203,Placement,52,FAC5050,AIDS,12:00,13:00,2026-05-11,Approved,0.87,4,0
BKG101447,EW 209,Lab,43,FAC5131,TEXTILE,11:00,12:00,2026-06-06,Approved,0.72,4,1
BKG101448,Mech library,Seminar,39,FAC5032,IT,15:00,16:00,2026-05-27,Approved,0.98,5,0
BKG101449,BIOTECH SEMINAR HALL,Conference,102,FAC5032,AIML,12:00,15:00,2026-07-13,Approved,0.85,4,0
BKG101450,WW 002,Training,20,FAC5002,IT,14:00,17:00,2026-05-28,Approved,0.5,4,0
BKG101451,EEE smart class,Meeting,68,FAC5069,TEXTILE,14:00,15:00,2026-05-02,Approved,0.97,3,0
BKG101452,EW 207,Lab,41,FAC5129,IT,10:00,11:00,2026-07-22,Approved,0.68,3,1
BKG101453,EW 202,Placement,42,FAC5084,CSE,09:00,12:00,2026-05-11,Approved,0.7,4,1
BKG101454,AE301,Training,42,FAC5015,CIVIL,09:00,11:00,2026-06-06,Approved,0.84,5,1
BKG101455,SF 203,Meeting,66,FAC5040,IT,09:00,11:00,2026-06-22,Approved,0.82,4,1
BKG101456,Computer Lab (21),Meeting,51,FAC5045,ECE,15:00,17:00,2026-04-28,Approved,0.86,4,0
BKG101457,SF 203,Lab,70,FAC5097,EEE,14:00,17:00,2026-06-17,Approved,0.88,4,0
BKG101458,Computer Lab  (24) - CAD Lab,Conference,69,FAC5131,AIDS,12:00,14:00,2026-06-23,Approved,0.87,5,0
BKG101459,WW 213,Seminar,53,FAC5128,AIDS,10:00,11:00,2026-06-18,Approved,0.88,3,1
BKG101460,EIE CC Lab,Lab,48,FAC5068,AIDS,12:00,15:00,2026-06-26,Approved,0.81,3,0
BKG101461,COMPUTER LAB - 12,Training,40,FAC5072,ECE,09:00,12:00,2026-07-12,Approved,0.68,3,1
BKG101462,SF 102,Training,73,FAC5039,AIML,14:00,16:00,2026-05-30,Approved,0.91,4,0
BKG101463,SF 202,Class,74,FAC5092,IT,10:00,11:00,2026-05-04,Approved,0.92,4,1
BKG101464,ME206,Training,71,FAC5120,MECH,12:00,14:00,2026-06-21,Approved,0.79,5,0
BKG101465,WW 007,Placement,41,FAC5098,CSE,09:00,10:00,2026-06-17,Approved,0.68,3,1
BKG101466,SF 203,Placement,67,FAC5118,IT,12:00,13:00,2026-07-17,Approved,0.84,5,0
BKG101467,Computer Lab (26),Lab,64,FAC5045,TEXTILE,11:00,13:00,2026-06-27,Approved,0.93,4,1
BKG101468,WW 213,Meeting,48,FAC5089,CSE,11:00,14:00,2026-06-30,Approved,0.8,4,1
BKG101469,Mechatronics - Computer Center 49,Workshop,15,FAC5004,AIDS,10:00,13:00,2026-07-10,Approved,0.5,3,1
BKG101470,COMPUTER LAB - 7,Lab,55,FAC5001,AIML,12:00,15:00,2026-07-11,Approved,0.77,5,0
BKG101471,WW 223,Placement,91,FAC5042,CIVIL,11:00,13:00,2026-06-16,Approved,0.91,3,1
BKG101472,SF 203,Conference,65,FAC5041,IT,14:00,17:00,2026-05-15,Approved,0.81,5,0
BKG101473,Physics Lab 1,Lab,143,FAC5014,CSE,15:00,16:00,2026-06-22,Approved,0.95,3,0
BKG101474,EW 101,Conference,42,FAC5072,TEXTILE,10:00,12:00,2026-05-31,Approved,0.7,5,1
BKG101475,WW 012,Workshop,56,FAC5049,CIVIL,10:00,11:00,2026-05-15,Approved,0.93,3,1
BKG101476,Computer Lab (20),Placement,47,FAC5104,EEE,09:00,12:00,2026-05-21,Approved,0.8,5,1
BKG101477,AERO SEMINAR HALL,Meeting,59,FAC5115,TEXTILE,11:00,13:00,2026-06-11,Approved,0.82,3,1
BKG101478,IECC SEMINAR HALL,Placement,154,FAC5015,TEXTILE,11:00,14:00,2026-06-08,Approved,0.96,5,1
BKG101479,WW 008,Lab,52,FAC5004,EEE,09:00,11:00,2026-07-07,Approved,0.87,4,1
BKG101480,Analog Communication Lab,Meeting,35,FAC5111,IT,15:00,16:00,2026-07-15,Approved,0.97,4,0
BKG101481,WW 219,Training,49,FAC5051,IT,14:00,16:00,2026-07-04,Approved,0.82,5,0
BKG101482,Computer Lab (26),Workshop,64,FAC5113,AIDS,11:00,13:00,2026-05-31,Approved,0.93,3,1
BKG101483,Data Structure Lab (Computer  Lab-13),Conference,44,FAC5083,ECE,12:00,13:00,2026-05-21,Approved,0.75,3,0
BKG101484,EW 207,Conference,45,FAC5052,AIDS,15:00,17:00,2026-05-29,Approved,0.75,3,0
BKG101485,EW 216,Class,28,FAC5007,CSE,11:00,14:00,2026-06-23,Approved,0.7,4,1
BKG101486,ME305,Meeting,81,FAC5134,IT,11:00,13:00,2026-07-17,Approved,0.9,4,1
BKG101487,Computer Lab (25),Workshop,52,FAC5106,CSE,10:00,12:00,2026-05-09,Approved,0.88,3,1
BKG101488,EEE SEMINAR HALL,Seminar,148,FAC5077,IT,15:00,18:00,2026-04-30,Approved,0.92,5,0
BKG101489,EW 114,Placement,54,FAC5066,MECH,14:00,17:00,2026-06-05,Approved,0.9,5,0
BKG101490,Smart AGRI,Placement,32,FAC5102,CSE,11:00,13:00,2026-06-24,Approved,0.8,4,1
BKG101491,Physics Lab 2,Seminar,84,FAC5048,TEXTILE,10:00,11:00,2026-07-14,Approved,0.84,3,1
BKG101492,WW 214,Workshop,58,FAC5049,CSE,10:00,13:00,2026-07-19,Approved,0.97,3,1
BKG101493,WW 215,Placement,45,FAC5135,CSE,11:00,14:00,2026-07-18,Approved,0.75,5,1
BKG101494,WW 201,Class,45,FAC5073,EEE,10:00,11:00,2026-07-01,Approved,0.9,3,1
BKG101495,COMPUTER LAB - 11,Class,56,FAC5032,MECH,09:00,11:00,2026-06-20,Approved,0.95,3,1
BKG101496,SF 101,Conference,68,FAC5055,IT,10:00,13:00,2026-05-17,Approved,0.85,4,1
BKG101497,Mechatronics - Sensor and Instrumentation Laboratory,Conference,25,FAC5117,CSE,15:00,16:00,2026-05-09,Approved,0.69,3,0
BKG101498,WW 110,Meeting,50,FAC5032,CSE,10:00,12:00,2026-07-02,Approved,1.0,3,1
BKG101499,Computer Lab  (19) - Harita Lab,Lab,20,FAC5072,CSE,12:00,13:00,2026-06-24,Approved,0.51,3,0
