booking_id,venue_name,purpose,student_count,faculty_id,department,start_time,end_time,date,status,utilization_rate,satisfaction_score,is_peak_hour
BKG100000,ME002,Class,1,FAC5129,CIVIL,12:00,15:00,2026-05-30,Approved,0.12,4,0
BKG100001,ME002,Class,5,FAC5084,TEXTILE,10:00,13:00,2026-07-09,Approved,0.62,3,1
BKG100002,ME002,Training,8,FAC5006,AIDS,15:00,17:00,2026-07-02,Approved,1.0,4,0
BKG100003,ME004,Training,7,FAC5044,EEE,10:00,12:00,2026-06-06,Approved,0.39,3,1
BKG100004,ME004,Class,16,FAC5048,CSE,09:00,10:00,2026-05-11,Approved,0.89,3,1
BKG100005,ME004,Class,16,FAC5008,AIML,15:00,18:00,2026-06-26,Approved,0.89,5,0
BKG100006,ME005,Meeting,4,FAC5001,AIML,11:00,14:00,2026-07-17,Approved,0.5,3,1
BKG100007,ME005,Training,6,FAC5034,IT,12:00,14:00,2026-06-09,Approved,0.75,4,0
BKG100008,ME005,Meeting,6,FAC5125,MECH,14:00,16:00,2026-06-28,Approved,0.75,3,0
BKG100009,ME101,Meeting,77,FAC5032,EEE,15:00,18:00,2026-07-07,Approved,0.86,3,0
BKG100010,ME101,Training,83,FAC5125,TEXTILE,14:00,17:00,2026-05-25,Approved,0.92,4,0
BKG100011,ME101,Meeting,76,FAC5018,ECE,11:00,14:00,2026-05-06,Approved,0.84,4,1
BKG100012,ME102,Meeting,86,FAC5110,ECE,10:00,11:00,2026-07-11,Approved,0.96,4,1
BKG100013,ME102,Training,86,FAC5052,CSE,15:00,17:00,2026-06-25,Approved,0.96,5,0
BKG100014,ME102,Training,79,FAC5079,ECE,14:00,15:00,2026-06-03,Approved,0.88,4,0
BKG100015,ME107,Class,84,FAC5008,MECH,11:00,12:00,2026-07-22,Approved,0.93,5,1
BKG100016,ME107,Meeting,73,FAC5032,EEE,14:00,17:00,2026-05-25,Approved,0.81,5,0
BKG100017,ME107,Class,73,FAC5084,TEXTILE,15:00,17:00,2026-05-10,Approved,0.81,5,0
BKG100018,ME108,Meeting,76,FAC5065,TEXTILE,15:00,16:00,2026-06-01,Approved,0.84,4,0
BKG100019,ME108,Training,83,FAC5074,EEE,10:00,12:00,2026-05-13,Approved,0.92,4,1
BKG100020,ME108,Training,78,FAC5106,IT,09:00,12:00,2026-07-18,Approved,0.87,5,1
BKG100021,ME201,Class,70,FAC5028,ECE,12:00,14:00,2026-06-04,Approved,0.78,4,0
BKG100022,ME201,Training,85,FAC5127,ECE,09:00,11:00,2026-05-23,Approved,0.94,5,1
BKG100023,ME201,Class,89,FAC5111,TEXTILE,10:00,12:00,2026-05-28,Approved,0.99,4,1
BKG100024,ME202,Class,72,FAC5007,AIML,11:00,12:00,2026-07-05,Approved,0.8,3,1
BKG100025,ME202,Class,74,FAC5070,AIML,11:00,12:00,2026-06-22,Approved,0.82,4,1
BKG100026,ME202,Training,74,FAC5131,TEXTILE,09:00,11:00,2026-07-20,Approved,0.82,3,1
BKG100027,ME203,Class,88,FAC5058,MECH,15:00,18:00,2026-05-25,Approved,0.98,4,0
BKG100028,ME203,Class,88,FAC5110,AIDS,14:00,16:00,2026-05-02,Approved,0.98,5,0
BKG100029,ME203,Class,77,FAC5040,EEE,10:00,11:00,2026-06-07,Approved,0.86,4,1
BKG100030,ME204,Meeting,81,FAC5069,TEXTILE,10:00,11:00,2026-05-31,Approved,0.9,3,1
BKG100031,ME204,Meeting,89,FAC5021,MECH,12:00,13:00,2026-06-04,Approved,0.99,4,0
BKG100032,ME204,Meeting,79,FAC5042,IT,09:00,10:00,2026-06-29,Approved,0.88,3,1
BKG100033,ME205,Training,81,FAC5058,AIML,10:00,13:00,2026-06-23,Approved,0.9,4,1
BKG100034,ME205,Meeting,88,FAC5059,IT,10:00,13:00,2026-06-22,Approved,0.98,5,1
BKG100035,ME205,Class,77,FAC5023,MECH,09:00,10:00,2026-06-07,Approved,0.86,3,1
BKG100036,ME206,Training,88,FAC5014,AIML,12:00,13:00,2026-05-28,Approved,0.98,3,0
BKG100037,ME206,Class,88,FAC5006,IT,15:00,17:00,2026-06-12,Approved,0.98,3,0
BKG100038,ME206,Meeting,85,FAC5009,AIML,09:00,10:00,2026-06-07,Approved,0.94,4,1
BKG100039,ME301,Class,71,FAC5084,CSE,11:00,12:00,2026-07-02,Approved,0.79,3,1
BKG100040,ME301,Class,78,FAC5011,AIML,09:00,10:00,2026-05-14,Approved,0.87,3,1
BKG100041,ME301,Class,78,FAC5132,CSE,15:00,18:00,2026-06-04,Approved,0.87,4,0
BKG100042,ME302,Meeting,86,FAC5101,IT,09:00,11:00,2026-07-12,Approved,0.96,3,1
BKG100043,ME302,Meeting,90,FAC5105,IT,14:00,15:00,2026-05-10,Approved,1.0,4,0
BKG100044,ME302,Training,82,FAC5084,TEXTILE,15:00,17:00,2026-07-12,Approved,0.91,3,0
BKG100045,ME303,Class,89,FAC5013,AIML,11:00,13:00,2026-06-25,Approved,0.99,4,1
BKG100046,ME303,Meeting,78,FAC5131,IT,15:00,17:00,2026-05-27,Approved,0.87,3,0
BKG100047,ME303,Class,83,FAC5030,CIVIL,10:00,11:00,2026-05-05,Approved,0.92,4,1
BKG100048,ME304,Class,88,FAC5026,EEE,10:00,12:00,2026-06-29,Approved,0.98,4,1
BKG100049,ME304,Class,83,FAC5071,TEXTILE,14:00,16:00,2026-06-10,Approved,0.92,5,0
BKG100050,ME304,Training,80,FAC5032,AIML,11:00,13:00,2026-05-21,Approved,0.89,4,1
BKG100051,ME305,Training,76,FAC5078,AIML,10:00,13:00,2026-05-08,Approved,0.84,5,1
BKG100052,ME305,Training,84,FAC5068,AIML,15:00,18:00,2026-05-01,Approved,0.93,4,0
BKG100053,ME305,Meeting,76,FAC5078,AIDS,14:00,17:00,2026-07-13,Approved,0.84,3,0
BKG100054,ME306,Class,72,FAC5113,CIVIL,12:00,13:00,2026-05-02,Approved,0.8,4,0
BKG100055,ME306,Training,88,FAC5006,MECH,09:00,11:00,2026-07-12,Approved,0.98,4,1
BKG100056,ME306,Training,79,FAC5024,CSE,14:00,16:00,2026-05-13,Approved,0.88,3,0
BKG100057,ME103,Meeting,25,FAC5035,EEE,14:00,15:00,2026-06-18,Approved,0.62,5,0
BKG100058,ME103,Meeting,24,FAC5043,AIML,10:00,12:00,2026-05-21,Approved,0.6,5,1
BKG100059,ME103,Meeting,24,FAC5036,MECH,15:00,16:00,2026-05-20,Approved,0.6,4,0
BKG100060,ME104,Class,22,FAC5060,IT,09:00,10:00,2026-05-16,Approved,0.55,3,1
BKG100061,ME104,Training,37,FAC5015,IT,11:00,12:00,2026-06-18,Approved,0.93,5,1
BKG100062,ME104,Class,40,FAC5064,ECE,12:00,13:00,2026-07-22,Approved,1.0,4,0
BKG100063,ME105,Meeting,6,FAC5101,AIML,10:00,11:00,2026-06-15,Approved,0.5,5,1
BKG100064,ME105,Training,5,FAC5017,TEXTILE,10:00,13:00,2026-05-18,Approved,0.42,5,1
BKG100065,ME105,Class,10,FAC5018,CSE,10:00,12:00,2026-05-07,Approved,0.83,5,1
BKG100066,ME106,Class,15,FAC5064,IT,10:00,11:00,2026-06-23,Approved,0.83,4,1
BKG100067,ME106,Training,14,FAC5106,IT,14:00,16:00,2026-07-17,Approved,0.78,3,0
BKG100068,ME106,Meeting,11,FAC5044,IT,14:00,17:00,2026-06-14,Approved,0.61,4,0
BKG100069,Mech Smart class,Meeting,16,FAC5055,TEXTILE,15:00,16:00,2026-05-09,Approved,0.5,5,0
BKG100070,Mech Smart class,Class,26,FAC5038,AIDS,10:00,13:00,2026-06-07,Approved,0.81,5,1
BKG100071,Mech Smart class,Class,20,FAC5068,IT,14:00,17:00,2026-04-30,Approved,0.62,3,0
BKG100072,Mech library,Training,35,FAC5046,TEXTILE,09:00,10:00,2026-06-07,Approved,0.88,4,1
BKG100073,Mech library,Meeting,22,FAC5034,CIVIL,11:00,12:00,2026-06-11,Approved,0.55,3,1
BKG100074,Mech library,Meeting,22,FAC5040,EEE,15:00,16:00,2026-05-06,Approved,0.55,4,0
BKG100075,Mech Conferencee Room,Workshop,4,FAC5129,AIML,10:00,12:00,2026-05-22,Approved,0.4,3,1
BKG100076,Mech Conferencee Room,Seminar,1,FAC5113,EEE,12:00,14:00,2026-07-06,Approved,0.1,3,0
BKG100077,Mech Conferencee Room,Workshop,7,FAC5031,ECE,11:00,12:00,2026-07-15,Approved,0.7,3,1
BKG100078,Cyber security Lab,Lab,43,FAC5002,IT,14:00,16:00,2026-05-18,Approved,0.72,3,0
BKG100079,Cyber security Lab,Lab,45,FAC5013,AIDS,11:00,12:00,2026-07-18,Approved,0.75,3,1
BKG100080,Cyber security Lab,Lab,46,FAC5079,AIML,12:00,14:00,2026-06-19,Approved,0.77,4,0
BKG100081,Thermal engineering lab,Lab,5,FAC5070,EEE,15:00,16:00,2026-05-06,Approved,0.21,4,0
BKG100082,Thermal engineering lab,Lab,17,FAC5119,ECE,15:00,18:00,2026-07-17,Approved,0.71,3,0
BKG100083,Thermal engineering lab,Lab,8,FAC5088,CIVIL,14:00,17:00,2026-05-13,Approved,0.33,4,0
BKG100084,Fluid Mechanics and Machinery lab,Lab,26,FAC5132,AIML,15:00,16:00,2026-07-09,Approved,0.81,5,0
BKG100085,Fluid Mechanics and Machinery lab,Lab,17,FAC5011,ECE,14:00,15:00,2026-06-22,Approved,0.53,3,0
BKG100086,Fluid Mechanics and Machinery lab,Lab,29,FAC5044,EEE,12:00,15:00,2026-06-25,Approved,0.91,5,0
BKG100087,Strength of materials,Lab,45,FAC5131,AIDS,10:00,13:00,2026-06-29,Approved,0.94,3,1
BKG100088,Strength of materials,Lab,40,FAC5066,CSE,11:00,13:00,2026-05-21,Approved,0.83,3,1
BKG100089,Strength of materials,Lab,44,FAC5102,MECH,09:00,12:00,2026-07-20,Approved,0.92,4,1
BKG100090,Kinematics and Dynamics Lab,Lab,30,FAC5112,TEXTILE,11:00,14:00,2026-05-10,Approved,0.88,3,1
BKG100091,Kinematics and Dynamics Lab,Lab,19,FAC5017,CIVIL,14:00,15:00,2026-05-29,Approved,0.56,5,0
BKG100092,Kinematics and Dynamics Lab,Lab,25,FAC5051,CIVIL,12:00,15:00,2026-07-12,Approved,0.74,4,0
BKG100093,Metallargy Lab,Lab,6,FAC5034,MECH,11:00,14:00,2026-06-02,Approved,0.25,3,1
BKG100094,Metallargy Lab,Lab,7,FAC5005,IT,12:00,13:00,2026-07-21,Approved,0.29,3,0
BKG100095,Metallargy Lab,Lab,19,FAC5096,CSE,11:00,13:00,2026-05-14,Approved,0.79,5,1
BKG100096,Computer lab - (18),Lab,80,FAC5044,MECH,15:00,17:00,2026-07-02,Approved,0.9,5,0
BKG100097,Computer lab - (18),Lab,75,FAC5070,AIDS,12:00,13:00,2026-07-19,Approved,0.84,3,0
BKG100098,Computer lab - (18),Lab,88,FAC5100,TEXTILE,15:00,17:00,2026-06-25,Approved,0.99,4,0
BKG100099,Computer Lab  (19) - Harita Lab,Lab,24,FAC5120,TEXTILE,11:00,12:00,2026-06-07,Approved,0.62,4,1
BKG100100,Computer Lab  (19) - Harita Lab,Lab,36,FAC5115,AIDS,10:00,11:00,2026-07-17,Approved,0.92,4,1
BKG100101,Computer Lab  (19) - Harita Lab,Lab,29,FAC5078,TEXTILE,14:00,16:00,2026-05-15,Approved,0.74,5,0
BKG100102,Computer Lab (20),Lab,52,FAC5064,MECH,12:00,14:00,2026-05-11,Approved,0.88,3,0
BKG100103,Computer Lab (20),Lab,57,FAC5066,CIVIL,12:00,15:00,2026-06-15,Approved,0.97,3,0
BKG100104,Computer Lab (20),Lab,54,FAC5069,MECH,12:00,13:00,2026-07-18,Approved,0.92,5,0
BKG100105,Computer Lab (21),Lab,57,FAC5066,IT,09:00,12:00,2026-05-15,Approved,0.97,5,1
BKG100106,Computer Lab (21),Lab,40,FAC5121,CIVIL,14:00,15:00,2026-05-15,Approved,0.68,3,0
BKG100107,Computer Lab (21),Lab,44,FAC5032,AIML,15:00,16:00,2026-05-12,Approved,0.75,4,0
BKG100108,Computer Lab (22),Lab,55,FAC5013,AIML,14:00,15:00,2026-05-06,Approved,0.93,3,0
BKG100109,Computer Lab (22),Lab,53,FAC5068,TEXTILE,14:00,16:00,2026-06-19,Approved,0.9,4,0
BKG100110,Computer Lab (22),Lab,55,FAC5016,IT,10:00,11:00,2026-05-14,Approved,0.93,3,1
BKG100111,Computer Lab (23),Lab,52,FAC5018,AIDS,10:00,12:00,2026-04-30,Approved,0.88,5,1
BKG100112,Computer Lab (23),Lab,40,FAC5086,MECH,09:00,10:00,2026-06-20,Approved,0.68,4,1
BKG100113,Computer Lab (23),Lab,57,FAC5009,MECH,10:00,13:00,2026-05-05,Approved,0.97,3,1
BKG100114,Computer Lab  (24) - CAD Lab,Lab,64,FAC5044,AIDS,15:00,17:00,2026-07-11,Approved,0.81,4,0
BKG100115,Computer Lab  (24) - CAD Lab,Lab,65,FAC5060,ECE,11:00,12:00,2026-07-15,Approved,0.82,3,1
BKG100116,Computer Lab  (24) - CAD Lab,Lab,64,FAC5034,CSE,10:00,13:00,2026-06-08,Approved,0.81,4,1
BKG100117,Computer Lab (25),Lab,51,FAC5096,ECE,09:00,10:00,2026-06-05,Approved,0.86,4,1
BKG100118,Computer Lab (25),Lab,43,FAC5083,MECH,14:00,16:00,2026-06-21,Approved,0.73,5,0
BKG100119,Computer Lab (25),Lab,51,FAC5021,CSE,12:00,15:00,2026-06-30,Approved,0.86,4,0
BKG100120,Computer Lab (26),Lab,69,FAC5095,AIML,14:00,15:00,2026-05-05,Approved,1.0,4,0
BKG100121,Computer Lab (26),Lab,54,FAC5091,AIDS,10:00,12:00,2026-05-28,Approved,0.78,5,1
BKG100122,Computer Lab (26),Lab,49,FAC5008,ECE,14:00,17:00,2026-06-23,Approved,0.71,5,0
BKG100123,Mech Drawing Hall,Meeting,142,FAC5123,ECE,10:00,12:00,2026-05-26,Approved,0.95,3,1
BKG100124,Mech Drawing Hall,Training,133,FAC5020,EEE,10:00,11:00,2026-05-07,Approved,0.89,3,1
BKG100125,Mech Drawing Hall,Meeting,146,FAC5065,CSE,15:00,18:00,2026-06-02,Approved,0.97,3,0
BKG100126,Agri Lab,Lab,44,FAC5007,CIVIL,12:00,15:00,2026-06-01,Approved,0.98,3,0
BKG100127,Agri Lab,Lab,30,FAC5040,AIDS,14:00,15:00,2026-05-09,Approved,0.67,5,0
BKG100128,Agri Lab,Lab,38,FAC5024,IT,10:00,11:00,2026-07-18,Approved,0.84,3,1
BKG100129,Godrej lab,Lab,55,FAC5038,CIVIL,10:00,12:00,2026-06-15,Approved,0.98,3,1
BKG100130,Godrej lab,Lab,52,FAC5111,AIML,15:00,17:00,2026-05-21,Approved,0.93,3,0
BKG100131,Godrej lab,Lab,54,FAC5057,TEXTILE,11:00,13:00,2026-05-16,Approved,0.96,5,1
BKG100132,Industrial Safety lab,Lab,8,FAC5060,EEE,14:00,15:00,2026-06-27,Approved,0.44,3,0
BKG100133,Industrial Safety lab,Lab,16,FAC5100,TEXTILE,15:00,16:00,2026-07-11,Approved,0.89,4,0
BKG100134,Industrial Safety lab,Lab,4,FAC5073,AIML,12:00,14:00,2026-06-20,Approved,0.22,3,0
BKG100135,Heat and Mass Transfer lab,Lab,46,FAC5078,CIVIL,09:00,12:00,2026-07-22,Approved,0.92,4,1
BKG100136,Heat and Mass Transfer lab,Lab,30,FAC5125,EEE,12:00,14:00,2026-07-17,Approved,0.6,3,0
BKG100137,Heat and Mass Transfer lab,Lab,44,FAC5121,TEXTILE,09:00,12:00,2026-06-25,Approved,0.88,5,1
BKG100138,Basic work shop,Lab,28,FAC5046,ECE,10:00,13:00,2026-05-18,Approved,0.7,5,1
BKG100139,Basic work shop,Lab,22,FAC5080,CSE,10:00,11:00,2026-06-07,Approved,0.55,3,1
BKG100140,Basic work shop,Lab,30,FAC5128,AIDS,11:00,12:00,2026-05-18,Approved,0.75,3,1
BKG100141,Metrology Lab,Lab,3,FAC5097,CIVIL,09:00,12:00,2026-07-05,Approved,0.75,4,1
BKG100142,Metrology Lab,Lab,1,FAC5032,ECE,10:00,12:00,2026-07-04,Approved,0.25,4,1
BKG100143,Metrology Lab,Lab,4,FAC5091,AIDS,15:00,18:00,2026-05-30,Approved,1.0,3,0
BKG100144,SF B01,Training,74,FAC5125,MECH,11:00,14:00,2026-06-12,Approved,0.93,3,1
BKG100145,SF B01,Class,73,FAC5092,AIML,12:00,14:00,2026-05-14,Approved,0.91,5,0
BKG100146,SF B01,Class,68,FAC5107,CSE,09:00,11:00,2026-06-19,Approved,0.85,5,1
BKG100147,SF B02,Training,61,FAC5051,MECH,09:00,12:00,2026-07-18,Approved,0.76,5,1
BKG100148,SF B02,Meeting,64,FAC5122,TEXTILE,09:00,11:00,2026-06-08,Approved,0.8,5,1
BKG100149,SF B02,Training,60,FAC5009,IT,10:00,13:00,2026-06-19,Approved,0.75,4,1
BKG100150,SF B03,Class,74,FAC5029,CSE,14:00,16:00,2026-05-09,Approved,0.93,5,0
BKG100151,SF B03,Training,76,FAC5085,MECH,09:00,12:00,2026-07-20,Approved,0.95,5,1
BKG100152,SF B03,Training,75,FAC5100,IT,14:00,16:00,2026-05-17,Approved,0.94,3,0
BKG100153,SF 001,Training,67,FAC5059,AIDS,12:00,15:00,2026-05-18,Approved,0.84,4,0
BKG100154,SF 001,Training,72,FAC5097,CSE,09:00,11:00,2026-05-10,Approved,0.9,3,1
BKG100155,SF 001,Meeting,77,FAC5096,ECE,15:00,18:00,2026-05-10,Approved,0.96,4,0
BKG100156,SF 002,Training,64,FAC5092,TEXTILE,10:00,13:00,2026-05-26,Approved,0.8,4,1
BKG100157,SF 002,Class,61,FAC5008,CSE,11:00,13:00,2026-06-23,Approved,0.76,3,1
BKG100158,SF 002,Class,72,FAC5118,AIDS,12:00,13:00,2026-07-22,Approved,0.9,3,0
BKG100159,SF 101,Class,62,FAC5086,MECH,10:00,11:00,2026-05-29,Approved,0.78,3,1
BKG100160,SF 101,Class,78,FAC5073,EEE,14:00,16:00,2026-05-20,Approved,0.97,5,0
BKG100161,SF 101,Meeting,74,FAC5071,TEXTILE,09:00,10:00,2026-05-06,Approved,0.93,4,1
BKG100162,SF 102,Meeting,62,FAC5079,AIDS,10:00,13:00,2026-07-18,Approved,0.78,5,1
BKG100163,SF 102,Class,70,FAC5099,AIML,12:00,15:00,2026-07-06,Approved,0.88,3,0
BKG100164,SF 102,Class,80,FAC5023,CIVIL,09:00,12:00,2026-07-16,Approved,1.0,5,1
BKG100165,SF 103,Training,68,FAC5026,ECE,10:00,11:00,2026-07-10,Approved,0.85,3,1
BKG100166,SF 103,Training,78,FAC5129,CSE,14:00,16:00,2026-05-02,Approved,0.97,4,0
BKG100167,SF 103,Training,69,FAC5024,TEXTILE,09:00,11:00,2026-05-25,Approved,0.86,4,1
BKG100168,SF 201,Training,75,FAC5120,MECH,12:00,14:00,2026-06-17,Approved,0.94,4,0
BKG100169,SF 201,Training,78,FAC5133,CIVIL,11:00,12:00,2026-06-02,Approved,0.97,3,1
BKG100170,SF 201,Meeting,80,FAC5101,TEXTILE,10:00,13:00,2026-05-01,Approved,1.0,5,1
BKG100171,SF 202,Meeting,70,FAC5101,TEXTILE,10:00,13:00,2026-07-09,Approved,0.88,3,1
BKG100172,SF 202,Training,80,FAC5131,IT,14:00,16:00,2026-06-27,Approved,1.0,3,0
BKG100173,SF 202,Training,70,FAC5079,MECH,10:00,12:00,2026-06-28,Approved,0.88,3,1
BKG100174,SF 203,Training,73,FAC5078,AIDS,10:00,11:00,2026-05-12,Approved,0.91,4,1
BKG100175,SF 203,Meeting,74,FAC5092,CSE,14:00,15:00,2026-07-10,Approved,0.93,3,0
BKG100176,SF 203,Training,77,FAC5057,AIML,09:00,10:00,2026-05-12,Approved,0.96,3,1
BKG100177,SUN FLOWER BLOCK - SEMINAR HALL I,Workshop,291,FAC5007,CSE,12:00,15:00,2026-04-28,Approved,0.96,3,0
BKG100178,SUN FLOWER BLOCK - SEMINAR HALL I,Conference,291,FAC5035,CIVIL,09:00,11:00,2026-05-09,Approved,0.96,4,1
BKG100179,SUN FLOWER BLOCK - SEMINAR HALL I,Workshop,301,FAC5051,MECH,11:00,13:00,2026-06-22,Approved,0.99,5,1
BKG100180,SUN FLOWER BLOCK - SEMINAR HALL II,Seminar,175,FAC5051,TEXTILE,15:00,17:00,2026-05-14,Approved,0.97,5,0
BKG100181,SUN FLOWER BLOCK - SEMINAR HALL II,Conference,175,FAC5014,ECE,10:00,12:00,2026-05-25,Approved,0.97,5,1
BKG100182,SUN FLOWER BLOCK - SEMINAR HALL II,Conference,161,FAC5029,AIML,14:00,17:00,2026-05-31,Approved,0.89,3,0
BKG100183,SUN FLOWER BLOCK - SEMINAR HALL III,Seminar,189,FAC5112,CIVIL,14:00,17:00,2026-06-14,Approved,0.97,4,0
BKG100184,SUN FLOWER BLOCK - SEMINAR HALL III,Conference,190,FAC5089,CIVIL,15:00,16:00,2026-07-01,Approved,0.97,4,0
BKG100185,SUN FLOWER BLOCK - SEMINAR HALL III,Seminar,179,FAC5009,CIVIL,10:00,11:00,2026-07-19,Approved,0.92,3,1
BKG100186,MBA SYNDICATE ROOM,Training,1,FAC5089,AIDS,10:00,13:00,2026-05-31,Approved,0.08,3,1
BKG100187,MBA SYNDICATE ROOM,Class,2,FAC5132,AIDS,11:00,12:00,2026-07-12,Approved,0.15,5,1
BKG100188,MBA SYNDICATE ROOM,Meeting,6,FAC5034,MECH,12:00,15:00,2026-07-11,Approved,0.46,3,0
BKG100189,Class Room 1,Meeting,56,FAC5078,TEXTILE,14:00,16:00,2026-07-05,Approved,0.93,4,0
BKG100190,Class Room 1,Training,57,FAC5070,CSE,15:00,16:00,2026-06-30,Approved,0.95,3,0
BKG100191,Class Room 1,Class,41,FAC5083,EEE,12:00,13:00,2026-06-07,Approved,0.68,4,0
BKG100192,Class Room 2,Class,41,FAC5081,TEXTILE,10:00,12:00,2026-07-17,Approved,0.68,5,1
BKG100193,Class Room 2,Meeting,43,FAC5044,ECE,10:00,11:00,2026-06-06,Approved,0.72,3,1
BKG100194,Class Room 2,Training,51,FAC5134,AIML,14:00,16:00,2026-04-28,Approved,0.85,4,0
BKG100195,Tutorial Hall,Class,15,FAC5028,AIDS,14:00,17:00,2026-06-14,Approved,0.54,4,0
BKG100196,Tutorial Hall,Class,28,FAC5005,MECH,15:00,17:00,2026-07-04,Approved,1.0,3,0
BKG100197,Tutorial Hall,Meeting,23,FAC5031,EEE,15:00,16:00,2026-07-06,Approved,0.82,4,0
BKG100198,BAS Lab(Computer Lab 1),Lab,34,FAC5063,ECE,12:00,15:00,2026-07-07,Approved,0.85,5,0
BKG100199,BAS Lab(Computer Lab 1),Lab,37,FAC5065,MECH,14:00,15:00,2026-06-12,Approved,0.93,3,0
BKG100200,BAS Lab(Computer Lab 1),Lab,28,FAC5116,AIML,12:00,15:00,2026-07-18,Approved,0.7,5,0
BKG100201,BOARD ROOM,Meeting,2,FAC5078,AIML,14:00,17:00,2026-06-20,Approved,0.17,3,0
BKG100202,BOARD ROOM,Training,11,FAC5095,TEXTILE,15:00,17:00,2026-05-09,Approved,0.92,5,0
BKG100203,BOARD ROOM,Training,8,FAC5090,ECE,09:00,10:00,2026-06-11,Approved,0.67,5,1
BKG100204,IT DISCUSSION ROOM,Training,3,FAC5075,TEXTILE,09:00,10:00,2026-06-16,Approved,0.3,5,1
BKG100205,IT DISCUSSION ROOM,Meeting,2,FAC5089,ECE,14:00,15:00,2026-05-24,Approved,0.2,4,0
BKG100206,IT DISCUSSION ROOM,Training,2,FAC5100,MECH,14:00,17:00,2026-06-16,Approved,0.2,5,0
BKG100207,CSE DISCUSSION ROOM,Meeting,3,FAC5059,MECH,15:00,18:00,2026-06-07,Approved,0.2,5,0
BKG100208,CSE DISCUSSION ROOM,Meeting,15,FAC5055,AIDS,10:00,11:00,2026-06-13,Approved,1.0,3,1
BKG100209,CSE DISCUSSION ROOM,Training,3,FAC5002,ECE,15:00,16:00,2026-06-16,Approved,0.2,5,0
BKG100210,Artificial Intelligence Lab(COMPUTER LAB 2),Lab,62,FAC5109,CIVIL,09:00,10:00,2026-05-02,Approved,0.87,5,1
BKG100211,Artificial Intelligence Lab(COMPUTER LAB 2),Lab,57,FAC5095,MECH,12:00,14:00,2026-07-12,Approved,0.8,4,0
BKG100212,Artificial Intelligence Lab(COMPUTER LAB 2),Lab,59,FAC5091,CIVIL,15:00,16:00,2026-06-14,Approved,0.83,4,0
BKG100213,Data Mining Lab(COMPUTER LAB 3),Lab,59,FAC5056,CSE,12:00,15:00,2026-06-06,Approved,1.0,4,0
BKG100214,Data Mining Lab(COMPUTER LAB 3),Lab,57,FAC5010,ECE,12:00,15:00,2026-07-18,Approved,0.97,5,0
BKG100215,Data Mining Lab(COMPUTER LAB 3),Lab,51,FAC5129,EEE,15:00,16:00,2026-06-04,Approved,0.86,3,0
BKG100216,Cloud Computing(COMPUTER LAB 4),Lab,41,FAC5011,MECH,15:00,18:00,2026-07-20,Approved,0.69,4,0
BKG100217,Cloud Computing(COMPUTER LAB 4),Lab,46,FAC5109,EEE,14:00,16:00,2026-06-05,Approved,0.78,4,0
BKG100218,Cloud Computing(COMPUTER LAB 4),Lab,42,FAC5099,EEE,10:00,12:00,2026-07-18,Approved,0.71,5,1
BKG100219,Database management system(computer lab 5),Lab,41,FAC5002,IT,09:00,11:00,2026-06-21,Approved,0.69,4,1
BKG100220,Database management system(computer lab 5),Lab,46,FAC5096,CIVIL,12:00,14:00,2026-07-22,Approved,0.78,5,0
BKG100221,Database management system(computer lab 5),Lab,46,FAC5109,CSE,14:00,16:00,2026-06-11,Approved,0.78,4,0
BKG100222,Programming Lab(COMPUTER LAB 6),Lab,59,FAC5002,EEE,09:00,10:00,2026-05-09,Approved,1.0,5,1
BKG100223,Programming Lab(COMPUTER LAB 6),Lab,55,FAC5073,ECE,10:00,11:00,2026-04-30,Approved,0.93,5,1
BKG100224,Programming Lab(COMPUTER LAB 6),Lab,43,FAC5023,EEE,09:00,10:00,2026-05-23,Approved,0.73,5,1
BKG100225,COMPUTER LAB - 7,Lab,70,FAC5020,MECH,15:00,16:00,2026-06-04,Approved,0.99,5,0
BKG100226,COMPUTER LAB - 7,Lab,66,FAC5135,CSE,09:00,10:00,2026-05-01,Approved,0.93,5,1
BKG100227,COMPUTER LAB - 7,Lab,67,FAC5108,MECH,15:00,18:00,2026-06-12,Approved,0.94,4,0
BKG100228,COMPUTER LAB - 8,Lab,48,FAC5028,AIML,14:00,15:00,2026-06-03,Approved,0.81,5,0
BKG100229,COMPUTER LAB - 8,Lab,42,FAC5070,AIML,12:00,14:00,2026-04-29,Approved,0.71,4,0
BKG100230,COMPUTER LAB - 8,Lab,56,FAC5067,CSE,10:00,13:00,2026-05-16,Approved,0.95,3,1
BKG100231,COMPUTER LAB - 9,Lab,45,FAC5089,EEE,14:00,16:00,2026-05-29,Approved,0.76,3,0
BKG100232,COMPUTER LAB - 9,Lab,45,FAC5090,IT,11:00,14:00,2026-06-29,Approved,0.76,5,1
BKG100233,COMPUTER LAB - 9,Lab,48,FAC5067,CSE,10:00,12:00,2026-04-29,Approved,0.81,4,1
BKG100234,COMPUTER LAB - 10,Lab,53,FAC5121,AIDS,11:00,14:00,2026-05-01,Approved,0.9,3,1
BKG100235,COMPUTER LAB - 10,Lab,54,FAC5107,ECE,15:00,17:00,2026-05-12,Approved,0.92,5,0
BKG100236,COMPUTER LAB - 10,Lab,41,FAC5093,AIDS,14:00,17:00,2026-05-25,Approved,0.69,5,0
BKG100237,COMPUTER LAB - 11,Lab,52,FAC5125,TEXTILE,11:00,12:00,2026-06-16,Approved,0.88,3,1
BKG100238,COMPUTER LAB - 11,Lab,39,FAC5117,CSE,11:00,12:00,2026-07-07,Approved,0.66,3,1
BKG100239,COMPUTER LAB - 11,Lab,39,FAC5015,AIML,15:00,16:00,2026-06-18,Approved,0.66,5,0
BKG100240,COMPUTER LAB - 12,Lab,44,FAC5095,CSE,11:00,14:00,2026-05-01,Approved,0.75,3,1
BKG100241,COMPUTER LAB - 12,Lab,55,FAC5058,CSE,12:00,13:00,2026-06-01,Approved,0.93,4,0
BKG100242,COMPUTER LAB - 12,Lab,45,FAC5045,CIVIL,12:00,15:00,2026-07-19,Approved,0.76,5,0
BKG100243,Data Structure Lab (Computer  Lab-13),Lab,44,FAC5055,ECE,15:00,17:00,2026-07-15,Approved,0.75,3,0
BKG100244,Data Structure Lab (Computer  Lab-13),Lab,50,FAC5099,IT,11:00,14:00,2026-07-10,Approved,0.85,5,1
BKG100245,Data Structure Lab (Computer  Lab-13),Lab,39,FAC5020,AIML,09:00,11:00,2026-07-14,Approved,0.66,4,1
BKG100246,Artificial Intellicence Lab (Computer  Lab-14),Lab,23,FAC5097,MECH,11:00,12:00,2026-07-01,Approved,0.79,5,1
BKG100247,Artificial Intellicence Lab (Computer  Lab-14),Lab,14,FAC5080,AIDS,14:00,16:00,2026-06-05,Approved,0.48,3,0
BKG100248,Artificial Intellicence Lab (Computer  Lab-14),Lab,17,FAC5036,EEE,10:00,13:00,2026-07-16,Approved,0.59,5,1
BKG100249,Machine Learning  Lab (Computer  Lab-15),Lab,24,FAC5051,EEE,10:00,12:00,2026-06-09,Approved,0.83,3,1
BKG100250,Machine Learning  Lab (Computer  Lab-15),Lab,12,FAC5029,EEE,11:00,13:00,2026-06-18,Approved,0.41,3,1
BKG100251,Machine Learning  Lab (Computer  Lab-15),Lab,11,FAC5020,CIVIL,09:00,12:00,2026-05-19,Approved,0.38,4,1
BKG100252,Programming  Lab (Computer  Lab-16),Lab,28,FAC5033,CIVIL,15:00,17:00,2026-06-20,Approved,0.97,3,0
BKG100253,Programming  Lab (Computer  Lab-16),Lab,26,FAC5086,AIML,11:00,12:00,2026-06-29,Approved,0.9,5,1
BKG100254,Programming  Lab (Computer  Lab-16),Lab,22,FAC5067,IT,10:00,13:00,2026-05-03,Approved,0.76,5,1
BKG100255,Programming Lab (Computer  Lab-17),Lab,21,FAC5037,MECH,09:00,12:00,2026-05-12,Approved,0.72,4,1
BKG100256,Programming Lab (Computer  Lab-17),Lab,9,FAC5120,CIVIL,15:00,17:00,2026-05-28,Approved,0.31,3,0
BKG100257,Programming Lab (Computer  Lab-17),Lab,9,FAC5099,AIML,10:00,12:00,2026-05-17,Approved,0.31,4,1
BKG100258,FESEM LAB,Lab,38,FAC5032,AIDS,12:00,14:00,2026-07-20,Approved,0.95,3,0
BKG100259,FESEM LAB,Lab,29,FAC5012,ECE,11:00,14:00,2026-05-19,Approved,0.72,4,1
BKG100260,FESEM LAB,Lab,24,FAC5065,CIVIL,09:00,12:00,2026-07-19,Approved,0.6,4,1
BKG100261,WW 101,Training,30,FAC5100,IT,09:00,10:00,2026-06-17,Approved,0.6,4,1
BKG100262,WW 101,Training,43,FAC5099,MECH,12:00,15:00,2026-06-22,Approved,0.86,4,0
BKG100263,WW 101,Training,34,FAC5110,MECH,09:00,12:00,2026-06-17,Approved,0.68,5,1
BKG100264,WW 102,Meeting,33,FAC5134,MECH,15:00,18:00,2026-06-02,Approved,0.66,5,0
BKG100265,WW 102,Class,49,FAC5104,MECH,10:00,13:00,2026-05-05,Approved,0.98,4,1
BKG100266,WW 102,Meeting,32,FAC5005,CSE,10:00,11:00,2026-05-04,Approved,0.64,5,1
BKG100267,WW 103,Meeting,30,FAC5103,EEE,09:00,10:00,2026-05-18,Approved,0.6,4,1
BKG100268,WW 103,Class,40,FAC5114,ECE,10:00,13:00,2026-07-15,Approved,0.8,3,1
BKG100269,WW 103,Meeting,42,FAC5013,MECH,15:00,16:00,2026-07-19,Approved,0.84,3,0
BKG100270,WW 104,Training,46,FAC5119,AIDS,09:00,11:00,2026-07-17,Approved,0.92,4,1
BKG100271,WW 104,Class,32,FAC5089,AIML,11:00,14:00,2026-06-06,Approved,0.64,5,1
BKG100272,WW 104,Class,35,FAC5130,CSE,14:00,17:00,2026-05-12,Approved,0.7,5,0
BKG100273,WW 105,Meeting,37,FAC5121,IT,15:00,18:00,2026-07-18,Approved,0.74,5,0
BKG100274,WW 105,Class,47,FAC5072,CSE,12:00,15:00,2026-06-27,Approved,0.94,5,0
BKG100275,WW 105,Class,44,FAC5037,MECH,15:00,17:00,2026-06-29,Approved,0.88,4,0
BKG100276,WW 106,Training,34,FAC5008,IT,09:00,10:00,2026-07-04,Approved,0.68,5,1
BKG100277,WW 106,Meeting,36,FAC5046,TEXTILE,10:00,11:00,2026-05-28,Approved,0.72,5,1
BKG100278,WW 106,Meeting,34,FAC5021,AIML,09:00,12:00,2026-06-16,Approved,0.68,3,1
BKG100279,WW 201,Training,32,FAC5040,EEE,11:00,14:00,2026-06-05,Approved,0.64,4,1
BKG100280,WW 201,Class,32,FAC5092,CSE,15:00,18:00,2026-06-11,Approved,0.64,5,0
BKG100281,WW 201,Training,43,FAC5024,CSE,09:00,11:00,2026-07-12,Approved,0.86,4,1
BKG100282,WW 202,Class,37,FAC5122,ECE,15:00,18:00,2026-06-13,Approved,0.74,4,0
BKG100283,WW 202,Class,38,FAC5073,AIML,12:00,15:00,2026-06-24,Approved,0.76,3,0
BKG100284,WW 202,Training,45,FAC5129,CSE,15:00,17:00,2026-05-07,Approved,0.9,5,0
BKG100285,WW 203,Training,47,FAC5135,AIDS,15:00,16:00,2026-07-14,Approved,0.73,4,0
BKG100286,WW 203,Training,55,FAC5026,ECE,15:00,17:00,2026-05-03,Approved,0.86,3,0
BKG100287,WW 203,Training,50,FAC5087,CIVIL,14:00,16:00,2026-06-10,Approved,0.78,5,0
BKG100288,WW 204,Training,56,FAC5101,CSE,11:00,12:00,2026-07-05,Approved,0.74,4,1
BKG100289,WW 204,Training,70,FAC5047,AIDS,12:00,15:00,2026-07-06,Approved,0.92,4,0
BKG100290,WW 204,Class,72,FAC5078,TEXTILE,15:00,17:00,2026-07-04,Approved,0.95,4,0
BKG100291,WW 205,Meeting,35,FAC5007,TEXTILE,12:00,14:00,2026-05-11,Approved,0.88,3,0
BKG100292,WW 205,Training,39,FAC5077,ECE,09:00,10:00,2026-05-02,Approved,0.97,5,1
BKG100293,WW 205,Training,30,FAC5118,CSE,15:00,18:00,2026-05-07,Approved,0.75,5,0
BKG100294,WW 107,Training,50,FAC5125,EEE,11:00,14:00,2026-07-16,Approved,1.0,5,1
BKG100295,WW 107,Meeting,48,FAC5020,CSE,09:00,11:00,2026-06-22,Approved,0.96,4,1
BKG100296,WW 107,Training,44,FAC5118,CSE,15:00,18:00,2026-07-15,Approved,0.88,5,0
BKG100297,WW 108,Meeting,49,FAC5107,TEXTILE,09:00,12:00,2026-05-14,Approved,0.98,3,1
BKG100298,WW 108,Class,36,FAC5076,EEE,14:00,17:00,2026-05-20,Approved,0.72,5,0
BKG100299,WW 108,Meeting,48,FAC5127,CIVIL,10:00,13:00,2026-06-29,Approved,0.96,5,1
BKG100300,WW 109,Meeting,37,FAC5115,CSE,15:00,16:00,2026-07-08,Approved,0.74,3,0
BKG100301,WW 109,Class,32,FAC5120,CIVIL,10:00,13:00,2026-07-20,Approved,0.64,3,1
BKG100302,WW 109,Class,41,FAC5118,ECE,09:00,10:00,2026-06-20,Approved,0.82,4,1
BKG100303,WW 110,Class,34,FAC5134,AIML,15:00,18:00,2026-07-17,Approved,0.68,5,0
BKG100304,WW 110,Meeting,33,FAC5133,EEE,10:00,12:00,2026-07-19,Approved,0.66,5,1
BKG100305,WW 110,Meeting,43,FAC5044,CSE,10:00,13:00,2026-06-04,Approved,0.86,3,1
BKG100306,WW 111,Meeting,48,FAC5066,AIDS,12:00,13:00,2026-07-08,Approved,0.96,5,0
BKG100307,WW 111,Class,39,FAC5061,CIVIL,14:00,16:00,2026-06-05,Approved,0.78,4,0
BKG100308,WW 111,Class,42,FAC5028,AIML,15:00,18:00,2026-06-25,Approved,0.84,4,0
BKG100309,WW 112,Meeting,32,FAC5067,AIML,10:00,13:00,2026-05-12,Approved,0.64,4,1
BKG100310,WW 112,Meeting,39,FAC5020,MECH,12:00,15:00,2026-05-03,Approved,0.78,4,0
BKG100311,WW 112,Training,50,FAC5034,ECE,12:00,15:00,2026-07-03,Approved,1.0,4,0
BKG100312,WW 206,Meeting,98,FAC5095,ECE,15:00,16:00,2026-07-12,Approved,0.98,5,0
BKG100313,WW 206,Meeting,100,FAC5134,CIVIL,10:00,12:00,2026-05-07,Approved,1.0,5,1
BKG100314,WW 206,Meeting,84,FAC5084,MECH,14:00,17:00,2026-06-17,Approved,0.84,3,0
BKG100315,WW 207,Meeting,86,FAC5018,IT,09:00,12:00,2026-06-04,Approved,0.86,4,1
BKG100316,WW 207,Training,98,FAC5038,CSE,15:00,18:00,2026-05-03,Approved,0.98,5,0
BKG100317,WW 207,Training,93,FAC5055,IT,15:00,16:00,2026-07-14,Approved,0.93,4,0
BKG100318,WW 208,Class,50,FAC5097,EEE,14:00,15:00,2026-05-24,Approved,0.83,5,0
BKG100319,WW 208,Training,43,FAC5004,MECH,10:00,11:00,2026-07-16,Approved,0.72,5,1
BKG100320,WW 208,Meeting,49,FAC5031,AIML,14:00,16:00,2026-07-14,Approved,0.82,4,0
BKG100321,WW 209,Meeting,51,FAC5113,AIML,15:00,17:00,2026-05-05,Approved,0.85,4,0
BKG100322,WW 209,Class,55,FAC5124,CIVIL,12:00,13:00,2026-06-16,Approved,0.92,4,0
BKG100323,WW 209,Class,45,FAC5112,MECH,11:00,13:00,2026-06-04,Approved,0.75,5,1
BKG100324,WW 210,Training,60,FAC5074,CSE,15:00,16:00,2026-05-14,Approved,1.0,3,0
BKG100325,WW 210,Training,53,FAC5089,AIDS,12:00,15:00,2026-06-09,Approved,0.88,3,0
BKG100326,WW 210,Class,60,FAC5123,TEXTILE,15:00,17:00,2026-07-14,Approved,1.0,4,0
BKG100327,WW 113,Meeting,56,FAC5063,IT,09:00,11:00,2026-05-06,Approved,0.93,5,1
BKG100328,WW 113,Class,49,FAC5081,ECE,09:00,12:00,2026-07-04,Approved,0.82,5,1
BKG100329,WW 113,Meeting,43,FAC5007,MECH,12:00,15:00,2026-05-28,Approved,0.72,4,0
BKG100330,WW 114,Training,46,FAC5081,IT,12:00,13:00,2026-06-24,Approved,0.77,3,0
BKG100331,WW 114,Class,58,FAC5052,CIVIL,11:00,13:00,2026-07-19,Approved,0.97,5,1
BKG100332,WW 114,Training,48,FAC5110,AIDS,10:00,11:00,2026-05-13,Approved,0.8,5,1
BKG100333,WW 115,Meeting,58,FAC5087,IT,15:00,17:00,2026-06-29,Approved,0.97,3,0
BKG100334,WW 115,Class,43,FAC5117,MECH,12:00,15:00,2026-06-17,Approved,0.72,4,0
BKG100335,WW 115,Class,52,FAC5044,AIML,10:00,12:00,2026-07-22,Approved,0.87,4,1
BKG100336,WW 117,Training,54,FAC5128,IT,14:00,16:00,2026-05-01,Approved,0.9,3,0
BKG100337,WW 117,Training,52,FAC5120,EEE,14:00,16:00,2026-07-19,Approved,0.87,4,0
BKG100338,WW 117,Meeting,44,FAC5123,EEE,10:00,13:00,2026-07-14,Approved,0.73,5,1
BKG100339,WW 118,Training,45,FAC5073,CIVIL,11:00,12:00,2026-05-14,Approved,0.75,3,1
BKG100340,WW 118,Training,55,FAC5081,CIVIL,10:00,12:00,2026-07-02,Approved,0.92,4,1
BKG100341,WW 118,Training,48,FAC5131,ECE,12:00,14:00,2026-06-08,Approved,0.8,3,0
BKG100342,WW 211,Training,52,FAC5046,EEE,11:00,14:00,2026-06-21,Approved,0.87,5,1
BKG100343,WW 211,Training,57,FAC5102,IT,15:00,16:00,2026-07-12,Approved,0.95,4,0
BKG100344,WW 211,Training,54,FAC5089,IT,09:00,12:00,2026-07-21,Approved,0.9,4,1
BKG100345,WW 212,Meeting,82,FAC5009,AIML,15:00,18:00,2026-06-26,Approved,0.82,4,0
BKG100346,WW 212,Class,93,FAC5008,AIML,11:00,13:00,2026-07-03,Approved,0.93,5,1
BKG100347,WW 212,Training,90,FAC5015,ECE,15:00,16:00,2026-06-25,Approved,0.9,3,0
BKG100348,WW 213,Class,51,FAC5133,AIDS,10:00,13:00,2026-06-24,Approved,0.85,5,1
BKG100349,WW 213,Training,56,FAC5015,TEXTILE,14:00,16:00,2026-05-13,Approved,0.93,3,0
BKG100350,WW 213,Class,57,FAC5127,AIML,09:00,10:00,2026-06-05,Approved,0.95,5,1
BKG100351,WW 214,Training,41,FAC5022,CIVIL,14:00,16:00,2026-07-01,Approved,0.68,3,0
BKG100352,WW 214,Training,57,FAC5107,TEXTILE,11:00,14:00,2026-05-22,Approved,0.95,5,1
BKG100353,WW 214,Meeting,56,FAC5018,ECE,10:00,13:00,2026-04-29,Approved,0.93,4,1
BKG100354,WW 215,Class,48,FAC5086,MECH,09:00,12:00,2026-07-15,Approved,0.8,3,1
BKG100355,WW 215,Class,51,FAC5044,EEE,14:00,17:00,2026-06-29,Approved,0.85,4,0
BKG100356,WW 215,Class,51,FAC5042,AIDS,15:00,18:00,2026-05-28,Approved,0.85,4,0
BKG100357,WW 002,Meeting,20,FAC5063,IT,14:00,15:00,2026-05-08,Approved,0.5,5,0
BKG100358,WW 002,Class,23,FAC5031,CSE,14:00,17:00,2026-07-15,Approved,0.57,3,0
BKG100359,WW 002,Training,36,FAC5103,AIML,14:00,17:00,2026-05-26,Approved,0.9,4,0
BKG100360,WW 003,Meeting,30,FAC5104,TEXTILE,12:00,15:00,2026-06-15,Approved,0.75,5,0
BKG100361,WW 003,Class,27,FAC5034,CSE,09:00,10:00,2026-06-27,Approved,0.68,4,1
BKG100362,WW 003,Training,22,FAC5065,TEXTILE,12:00,13:00,2026-06-10,Approved,0.55,4,0
BKG100363,WW 004,Class,33,FAC5026,AIDS,11:00,13:00,2026-05-22,Approved,0.82,4,1
BKG100364,WW 004,Meeting,38,FAC5122,CIVIL,14:00,17:00,2026-06-05,Approved,0.95,4,0
BKG100365,WW 004,Training,21,FAC5033,EEE,11:00,12:00,2026-06-02,Approved,0.53,3,1
BKG100366,WW 005,Training,50,FAC5023,CSE,11:00,12:00,2026-07-09,Approved,1.0,5,1
BKG100367,WW 005,Meeting,33,FAC5054,AIDS,14:00,15:00,2026-06-19,Approved,0.66,4,0
BKG100368,WW 005,Meeting,46,FAC5094,AIML,12:00,14:00,2026-05-19,Approved,0.92,4,0
BKG100369,WW 006,Class,46,FAC5121,AIDS,11:00,14:00,2026-07-17,Approved,0.77,5,1
BKG100370,WW 006,Class,59,FAC5087,ECE,11:00,12:00,2026-06-05,Approved,0.98,3,1
BKG100371,WW 006,Training,41,FAC5027,AIML,11:00,12:00,2026-05-11,Approved,0.68,5,1
BKG100372,WW 007,Meeting,49,FAC5042,AIDS,10:00,12:00,2026-07-21,Approved,0.82,5,1
BKG100373,WW 007,Training,60,FAC5120,ECE,11:00,12:00,2026-07-08,Approved,1.0,3,1
BKG100374,WW 007,Class,43,FAC5007,MECH,11:00,14:00,2026-07-05,Approved,0.72,3,1
BKG100375,WW 008,Meeting,44,FAC5001,AIDS,11:00,13:00,2026-07-07,Approved,0.73,3,1
BKG100376,WW 008,Training,52,FAC5074,MECH,10:00,11:00,2026-07-05,Approved,0.87,5,1
BKG100377,WW 008,Meeting,55,FAC5115,TEXTILE,11:00,13:00,2026-07-08,Approved,0.92,4,1
BKG100378,WW 011,Training,60,FAC5043,AIDS,11:00,14:00,2026-05-01,Approved,1.0,3,1
BKG100379,WW 011,Training,50,FAC5102,IT,14:00,17:00,2026-07-21,Approved,0.83,5,0
BKG100380,WW 011,Meeting,44,FAC5062,CIVIL,10:00,11:00,2026-05-15,Approved,0.73,5,1
BKG100381,WW 012,Training,53,FAC5029,MECH,14:00,15:00,2026-05-16,Approved,0.88,4,0
BKG100382,WW 012,Training,47,FAC5048,MECH,11:00,12:00,2026-06-01,Approved,0.78,5,1
BKG100383,WW 012,Meeting,53,FAC5100,EEE,09:00,11:00,2026-06-23,Approved,0.88,5,1
BKG100384,WW 216,Class,20,FAC5119,EEE,10:00,12:00,2026-06-15,Approved,0.5,5,1
BKG100385,WW 216,Meeting,34,FAC5074,MECH,11:00,13:00,2026-07-07,Approved,0.85,4,1
BKG100386,WW 216,Meeting,27,FAC5074,TEXTILE,10:00,11:00,2026-05-09,Approved,0.68,3,1
BKG100387,WW 217,Meeting,24,FAC5061,ECE,09:00,12:00,2026-07-09,Approved,0.6,5,1
BKG100388,WW 217,Training,37,FAC5092,IT,11:00,14:00,2026-06-04,Approved,0.93,3,1
BKG100389,WW 217,Class,23,FAC5023,CSE,11:00,13:00,2026-05-04,Approved,0.57,5,1
BKG100390,WW 218,Training,55,FAC5008,EEE,14:00,16:00,2026-05-14,Approved,0.92,3,0
BKG100391,WW 218,Class,46,FAC5058,MECH,14:00,17:00,2026-06-29,Approved,0.77,4,0
BKG100392,WW 218,Class,60,FAC5133,EEE,15:00,18:00,2026-05-15,Approved,1.0,5,0
BKG100393,WW 219,Class,54,FAC5016,CSE,12:00,14:00,2026-05-22,Approved,0.9,4,0
BKG100394,WW 219,Training,52,FAC5120,AIDS,10:00,11:00,2026-05-08,Approved,0.87,4,1
BKG100395,WW 219,Class,49,FAC5105,TEXTILE,12:00,14:00,2026-06-28,Approved,0.82,4,0
BKG100396,WW 220,Meeting,40,FAC5133,AIDS,09:00,11:00,2026-06-21,Approved,1.0,5,1
BKG100397,WW 220,Training,32,FAC5108,AIDS,09:00,10:00,2026-05-02,Approved,0.8,5,1
BKG100398,WW 220,Training,31,FAC5080,CSE,14:00,17:00,2026-07-12,Approved,0.78,5,0
BKG100399,WW 221,Class,25,FAC5089,CIVIL,12:00,13:00,2026-05-14,Approved,0.62,5,0
BKG100400,WW 221,Training,33,FAC5114,MECH,15:00,18:00,2026-06-04,Approved,0.82,5,0
BKG100401,WW 221,Meeting,32,FAC5119,CSE,10:00,13:00,2026-05-06,Approved,0.8,4,1
BKG100402,WW 222,Meeting,86,FAC5006,ECE,14:00,15:00,2026-07-16,Approved,0.86,5,0
BKG100403,WW 222,Training,92,FAC5049,CIVIL,10:00,11:00,2026-06-17,Approved,0.92,4,1
BKG100404,WW 222,Training,91,FAC5054,CIVIL,09:00,12:00,2026-07-13,Approved,0.91,3,1
BKG100405,WW 223,Meeting,80,FAC5015,CIVIL,09:00,10:00,2026-05-07,Approved,0.8,3,1
BKG100406,WW 223,Class,85,FAC5105,IT,10:00,11:00,2026-05-15,Approved,0.85,4,1
BKG100407,WW 223,Class,84,FAC5070,IT,14:00,15:00,2026-06-20,Approved,0.84,3,0
BKG100408,WW 224,Class,97,FAC5005,AIML,09:00,11:00,2026-07-02,Approved,0.97,5,1
BKG100409,WW 224,Training,100,FAC5059,MECH,09:00,10:00,2026-05-26,Approved,1.0,3,1
BKG100410,WW 224,Meeting,86,FAC5024,IT,10:00,11:00,2026-05-08,Approved,0.86,5,1
BKG100411,WW 225,Training,84,FAC5129,ECE,09:00,10:00,2026-06-25,Approved,0.84,3,1
BKG100412,WW 225,Training,98,FAC5123,TEXTILE,14:00,17:00,2026-05-12,Approved,0.98,3,0
BKG100413,WW 225,Class,94,FAC5129,AIML,11:00,12:00,2026-05-03,Approved,0.94,4,1
BKG100414,WW 226,Meeting,82,FAC5110,MECH,10:00,13:00,2026-06-29,Approved,0.82,4,1
BKG100415,WW 226,Class,93,FAC5053,CSE,12:00,13:00,2026-06-14,Approved,0.93,4,0
BKG100416,WW 226,Training,93,FAC5043,AIDS,09:00,12:00,2026-05-24,Approved,0.93,5,1
BKG100417,WW 227,Training,95,FAC5047,EEE,11:00,14:00,2026-06-26,Approved,0.95,4,1
BKG100418,WW 227,Meeting,81,FAC5070,IT,11:00,13:00,2026-04-30,Approved,0.81,5,1
BKG100419,WW 227,Class,82,FAC5070,AIML,14:00,17:00,2026-06-21,Approved,0.82,3,0
BKG100420,IECC Launch Pad,Class,29,FAC5068,ECE,11:00,13:00,2026-07-11,Approved,0.72,4,1
BKG100421,IECC Launch Pad,Meeting,35,FAC5088,ECE,11:00,12:00,2026-06-17,Approved,0.88,5,1
BKG100422,IECC Launch Pad,Training,28,FAC5026,EEE,09:00,10:00,2026-05-26,Approved,0.7,3,1
BKG100423,EEE smart class,Class,60,FAC5104,EEE,10:00,13:00,2026-06-20,Approved,0.86,3,1
BKG100424,EEE smart class,Meeting,50,FAC5007,MECH,14:00,15:00,2026-06-21,Approved,0.71,3,0
BKG100425,EEE smart class,Class,52,FAC5076,TEXTILE,12:00,14:00,2026-07-04,Approved,0.74,3,0
BKG100426,EIE smart class,Training,49,FAC5053,AIDS,12:00,14:00,2026-07-09,Approved,0.98,4,0
BKG100427,EIE smart class,Meeting,49,FAC5096,MECH,10:00,12:00,2026-05-13,Approved,0.98,5,1
BKG100428,EIE smart class,Meeting,30,FAC5004,TEXTILE,12:00,15:00,2026-06-20,Approved,0.6,4,0
BKG100429,EIE CC Lab,Lab,42,FAC5013,AIDS,15:00,18:00,2026-06-20,Approved,0.71,3,0
BKG100430,EIE CC Lab,Lab,54,FAC5015,EEE,10:00,13:00,2026-07-22,Approved,0.92,5,1
BKG100431,EIE CC Lab,Lab,52,FAC5130,EEE,12:00,14:00,2026-06-27,Approved,0.88,3,0
BKG100432,TRAINING & PLACEMENT CONFERENCE HALL I,Seminar,6,FAC5124,AIDS,10:00,12:00,2026-06-19,Approved,0.46,5,1
BKG100433,TRAINING & PLACEMENT CONFERENCE HALL I,Workshop,1,FAC5059,CIVIL,10:00,11:00,2026-05-02,Approved,0.08,5,1
BKG100434,TRAINING & PLACEMENT CONFERENCE HALL I,Conference,7,FAC5067,TEXTILE,15:00,18:00,2026-06-07,Approved,0.54,4,0
BKG100435,TRAINING & PLACEMENT CONFERENCE HALL II,Workshop,3,FAC5069,TEXTILE,14:00,15:00,2026-06-08,Approved,0.23,4,0
BKG100436,TRAINING & PLACEMENT CONFERENCE HALL II,Seminar,1,FAC5121,TEXTILE,14:00,17:00,2026-05-26,Approved,0.08,5,0
BKG100437,TRAINING & PLACEMENT CONFERENCE HALL II,Conference,5,FAC5133,AIML,11:00,12:00,2026-07-02,Approved,0.38,5,1
BKG100438,TBI CONFERENCE HALL,Conference,5,FAC5025,TEXTILE,09:00,11:00,2026-07-12,Approved,0.33,5,1
BKG100439,TBI CONFERENCE HALL,Workshop,5,FAC5117,CIVIL,10:00,13:00,2026-06-22,Approved,0.33,3,1
BKG100440,TBI CONFERENCE HALL,Conference,11,FAC5079,MECH,12:00,13:00,2026-05-25,Approved,0.73,5,0
BKG100441,EIE CONFERENCE HALL,Seminar,22,FAC5135,EEE,11:00,12:00,2026-07-15,Approved,0.92,4,1
BKG100442,EIE CONFERENCE HALL,Seminar,13,FAC5094,AIDS,09:00,10:00,2026-06-01,Approved,0.54,5,1
BKG100443,EIE CONFERENCE HALL,Conference,8,FAC5109,IT,09:00,12:00,2026-05-30,Approved,0.33,3,1
BKG100444,EIE SEMINAR HALL,Workshop,145,FAC5111,AIDS,09:00,12:00,2026-05-15,Approved,0.91,4,1
BKG100445,EIE SEMINAR HALL,Workshop,158,FAC5053,AIDS,09:00,10:00,2026-07-13,Approved,0.99,4,1
BKG100446,EIE SEMINAR HALL,Conference,148,FAC5077,IT,14:00,16:00,2026-06-24,Approved,0.93,4,0
BKG100447,BIOTECH SEMINAR HALL,Seminar,103,FAC5115,AIDS,14:00,16:00,2026-07-21,Approved,0.86,3,0
BKG100448,BIOTECH SEMINAR HALL,Seminar,112,FAC5101,TEXTILE,11:00,13:00,2026-07-06,Approved,0.93,3,1
BKG100449,BIOTECH SEMINAR HALL,Conference,104,FAC5123,AIDS,11:00,14:00,2026-05-24,Approved,0.87,5,1
BKG100450,EEE SEMINAR HALL,Workshop,157,FAC5029,ECE,09:00,12:00,2026-06-20,Approved,0.98,5,1
BKG100451,EEE SEMINAR HALL,Conference,155,FAC5097,AIML,14:00,15:00,2026-05-09,Approved,0.97,4,0
BKG100452,EEE SEMINAR HALL,Seminar,144,FAC5084,ECE,12:00,14:00,2026-05-21,Approved,0.9,3,0
BKG100453,IECC SEMINAR HALL,Workshop,145,FAC5077,CSE,11:00,12:00,2026-05-31,Approved,0.91,5,1
BKG100454,IECC SEMINAR HALL,Conference,155,FAC5101,AIML,11:00,13:00,2026-05-20,Approved,0.97,3,1
BKG100455,IECC SEMINAR HALL,Conference,154,FAC5127,MECH,14:00,17:00,2026-05-22,Approved,0.96,4,0
BKG100456,TBI Conference Hall - Second Floor,Training,6,FAC5123,MECH,14:00,15:00,2026-05-07,Approved,0.6,5,0
BKG100457,TBI Conference Hall - Second Floor,Training,7,FAC5023,MECH,11:00,12:00,2026-07-06,Approved,0.7,4,1
BKG100458,TBI Conference Hall - Second Floor,Class,1,FAC5005,AIDS,09:00,10:00,2026-06-11,Approved,0.1,4,1
BKG100459,Bio Process laboratory,Lab,34,FAC5011,EEE,11:00,13:00,2026-05-15,Approved,0.71,4,1
BKG100460,Bio Process laboratory,Lab,35,FAC5017,AIML,09:00,10:00,2026-06-04,Approved,0.73,3,1
BKG100461,Bio Process laboratory,Lab,40,FAC5132,TEXTILE,15:00,16:00,2026-05-08,Approved,0.83,5,0
BKG100462,Internet Center,Lab,83,FAC5093,AIML,11:00,13:00,2026-07-13,Approved,0.83,4,1
BKG100463,Internet Center,Lab,89,FAC5121,IT,09:00,10:00,2026-07-05,Approved,0.89,5,1
BKG100464,Internet Center,Lab,100,FAC5125,MECH,10:00,11:00,2026-06-19,Approved,1.0,4,1
BKG100465,Centre of Excellence,Lab,65,FAC5085,ECE,15:00,17:00,2026-06-04,Approved,0.93,5,0
BKG100466,Centre of Excellence,Lab,65,FAC5013,ECE,12:00,15:00,2026-06-13,Approved,0.93,3,0
BKG100467,Centre of Excellence,Lab,51,FAC5052,CIVIL,12:00,15:00,2026-06-23,Approved,0.73,4,0
BKG100468,PLC Gurugulam,Lab,54,FAC5067,EEE,15:00,17:00,2026-05-12,Approved,0.77,3,0
BKG100469,PLC Gurugulam,Lab,61,FAC5008,CIVIL,12:00,13:00,2026-06-21,Approved,0.87,3,0
BKG100470,PLC Gurugulam,Lab,54,FAC5080,IT,11:00,12:00,2026-07-15,Approved,0.77,4,1
BKG100471,EEE CC LAB,Lab,117,FAC5042,IT,15:00,18:00,2026-05-28,Approved,0.9,5,0
BKG100472,EEE CC LAB,Lab,115,FAC5004,CIVIL,11:00,14:00,2026-07-06,Approved,0.88,4,1
BKG100473,EEE CC LAB,Lab,128,FAC5131,CSE,09:00,12:00,2026-05-15,Approved,0.98,3,1
BKG100474,Gurugulam - Embedded Lab,Lab,125,FAC5021,CSE,09:00,12:00,2026-06-22,Approved,0.96,5,1
BKG100475,Gurugulam - Embedded Lab,Lab,129,FAC5106,CIVIL,12:00,14:00,2026-05-25,Approved,0.99,5,0
BKG100476,Gurugulam - Embedded Lab,Lab,125,FAC5006,ECE,09:00,10:00,2026-06-06,Approved,0.96,3,1
BKG100477,Mechatronics - SEW EURODRIVE Centre for Drives and Automation,Lab,6,FAC5076,AIML,14:00,15:00,2026-05-27,Approved,0.23,5,0
BKG100478,Mechatronics - SEW EURODRIVE Centre for Drives and Automation,Lab,25,FAC5104,CIVIL,11:00,13:00,2026-05-22,Approved,0.96,3,1
BKG100479,Mechatronics - SEW EURODRIVE Centre for Drives and Automation,Lab,24,FAC5103,CSE,14:00,15:00,2026-05-21,Approved,0.92,5,0
BKG100480,Mechatronics - Sensor and Instrumentation Laboratory,Lab,19,FAC5092,IT,15:00,16:00,2026-05-31,Approved,0.53,3,0
BKG100481,Mechatronics - Sensor and Instrumentation Laboratory,Lab,19,FAC5107,EEE,10:00,11:00,2026-06-26,Approved,0.53,3,1
BKG100482,Mechatronics - Sensor and Instrumentation Laboratory,Lab,24,FAC5009,IT,15:00,16:00,2026-05-23,Approved,0.67,5,0
BKG100483,Mechatronics - Conference Room,Lab,2,FAC5011,ECE,12:00,15:00,2026-05-06,Approved,0.29,4,0
BKG100484,Mechatronics - Conference Room,Lab,6,FAC5086,EEE,12:00,14:00,2026-05-31,Approved,0.86,3,0
BKG100485,Mechatronics - Conference Room,Lab,3,FAC5047,ECE,12:00,14:00,2026-05-17,Approved,0.43,3,0
BKG100486,Mechatronics - Computer Center 49,Lab,25,FAC5125,AIDS,15:00,16:00,2026-05-27,Approved,0.83,5,0
BKG100487,Mechatronics - Computer Center 49,Lab,19,FAC5098,TEXTILE,10:00,11:00,2026-05-06,Approved,0.63,3,1
BKG100488,Mechatronics - Computer Center 49,Lab,22,FAC5086,MECH,10:00,12:00,2026-06-25,Approved,0.73,4,1
BKG100489,Process control laboratory,Lab,2,FAC5022,CIVIL,14:00,15:00,2026-07-04,Approved,0.12,3,0
BKG100490,Process control laboratory,Lab,2,FAC5133,MECH,15:00,17:00,2026-07-16,Approved,0.12,4,0
BKG100491,Process control laboratory,Lab,2,FAC5023,MECH,09:00,12:00,2026-07-15,Approved,0.12,5,1
BKG100492,PSKILL Lab 1,Lab,66,FAC5073,CIVIL,11:00,13:00,2026-06-05,Approved,1.0,3,1
BKG100493,PSKILL Lab 1,Lab,60,FAC5053,AIDS,15:00,18:00,2026-07-12,Approved,0.91,5,0
BKG100494,PSKILL Lab 1,Lab,61,FAC5110,TEXTILE,10:00,12:00,2026-07-10,Approved,0.92,4,1
BKG100495,PSKILL Lab 2,Lab,54,FAC5117,ECE,11:00,14:00,2026-05-19,Approved,0.82,4,1
BKG100496,PSKILL Lab 2,Lab,66,FAC5069,IT,10:00,11:00,2026-05-05,Approved,1.0,3,1
BKG100497,PSKILL Lab 2,Lab,58,FAC5010,CSE,12:00,14:00,2026-06-15,Approved,0.88,3,0
BKG100498,PSKILL Lab 3,Lab,55,FAC5058,EEE,12:00,15:00,2026-06-23,Approved,0.83,4,0
BKG100499,PSKILL Lab 3,Lab,62,FAC5017,ECE,14:00,16:00,2026-06-02,Approved,0.94,5,0
BKG100500,PSKILL Lab 3,Lab,61,FAC5114,AIDS,09:00,10:00,2026-05-19,Approved,0.92,3,1
BKG100501,Industrial instrumetation Laboratary,Lab,6,FAC5092,AIDS,11:00,13:00,2026-07-17,Approved,0.29,4,1
BKG100502,Industrial instrumetation Laboratary,Lab,9,FAC5023,EEE,15:00,16:00,2026-05-21,Approved,0.43,4,0
BKG100503,Industrial instrumetation Laboratary,Lab,14,FAC5001,CSE,09:00,10:00,2026-06-15,Approved,0.67,3,1
BKG100504,Electronics laboratary,Lab,41,FAC5052,ECE,10:00,13:00,2026-07-20,Approved,0.76,5,1
BKG100505,Electronics laboratary,Lab,49,FAC5002,TEXTILE,11:00,13:00,2026-06-02,Approved,0.91,3,1
BKG100506,Electronics laboratary,Lab,40,FAC5051,AIML,15:00,16:00,2026-05-18,Approved,0.74,4,0
BKG100507,Research laboratary,Lab,25,FAC5023,IT,12:00,13:00,2026-06-15,Approved,0.69,3,0
BKG100508,Research laboratary,Lab,32,FAC5044,TEXTILE,10:00,12:00,2026-06-04,Approved,0.89,4,1
BKG100509,Research laboratary,Lab,26,FAC5128,IT,15:00,16:00,2026-06-01,Approved,0.72,3,0
BKG100510,Power electronics laboratary,Lab,58,FAC5020,TEXTILE,09:00,10:00,2026-05-01,Approved,0.81,4,1
BKG100511,Power electronics laboratary,Lab,52,FAC5012,ECE,11:00,14:00,2026-06-28,Approved,0.72,4,1
BKG100512,Power electronics laboratary,Lab,61,FAC5081,ECE,15:00,17:00,2026-05-27,Approved,0.85,5,0
BKG100513,Advanced embedded system laboratary,Lab,67,FAC5049,AIML,09:00,10:00,2026-06-23,Approved,0.93,3,1
BKG100514,Advanced embedded system laboratary,Lab,68,FAC5113,EEE,10:00,13:00,2026-06-18,Approved,0.94,4,1
BKG100515,Advanced embedded system laboratary,Lab,62,FAC5084,IT,10:00,12:00,2026-07-07,Approved,0.86,5,1
BKG100516,EW 101,Class,59,FAC5096,MECH,14:00,17:00,2026-06-07,Approved,0.98,5,0
BKG100517,EW 101,Meeting,60,FAC5115,MECH,11:00,12:00,2026-06-22,Approved,1.0,4,1
BKG100518,EW 101,Meeting,44,FAC5106,MECH,14:00,15:00,2026-05-11,Approved,0.73,4,0
BKG100519,EW 102,Meeting,44,FAC5081,AIDS,09:00,12:00,2026-05-26,Approved,0.73,4,1
BKG100520,EW 102,Meeting,52,FAC5090,IT,15:00,16:00,2026-06-04,Approved,0.87,4,0
BKG100521,EW 102,Training,46,FAC5026,AIML,09:00,10:00,2026-06-17,Approved,0.77,3,1
BKG100522,EW 103,Meeting,50,FAC5131,AIDS,11:00,13:00,2026-04-28,Approved,0.83,3,1
BKG100523,EW 103,Meeting,49,FAC5099,CSE,09:00,11:00,2026-04-29,Approved,0.82,4,1
BKG100524,EW 103,Training,44,FAC5024,AIML,09:00,11:00,2026-06-26,Approved,0.73,5,1
BKG100525,EW 104,Training,56,FAC5128,CSE,10:00,11:00,2026-06-03,Approved,0.93,4,1
BKG100526,EW 104,Meeting,47,FAC5033,AIML,10:00,13:00,2026-05-28,Approved,0.78,5,1
BKG100527,EW 104,Training,54,FAC5051,MECH,15:00,18:00,2026-06-03,Approved,0.9,3,0
BKG100528,EW 105,Class,56,FAC5054,CSE,10:00,12:00,2026-06-04,Approved,0.93,3,1
BKG100529,EW 105,Meeting,51,FAC5071,TEXTILE,14:00,17:00,2026-05-12,Approved,0.85,3,0
BKG100530,EW 105,Class,59,FAC5069,IT,12:00,15:00,2026-05-09,Approved,0.98,5,0
BKG100531,EW 106,Class,59,FAC5129,TEXTILE,09:00,12:00,2026-05-25,Approved,0.98,5,1
BKG100532,EW 106,Meeting,51,FAC5076,AIDS,15:00,18:00,2026-07-08,Approved,0.85,3,0
BKG100533,EW 106,Class,45,FAC5078,AIML,09:00,10:00,2026-07-09,Approved,0.75,3,1
BKG100534,EW 201,Class,46,FAC5096,CSE,10:00,11:00,2026-07-13,Approved,0.77,4,1
BKG100535,EW 201,Class,47,FAC5050,MECH,11:00,13:00,2026-07-09,Approved,0.78,3,1
BKG100536,EW 201,Training,59,FAC5009,ECE,15:00,18:00,2026-07-07,Approved,0.98,4,0
BKG100537,EW 202,Meeting,52,FAC5022,AIDS,11:00,12:00,2026-06-09,Approved,0.87,5,1
BKG100538,EW 202,Meeting,45,FAC5113,AIML,10:00,12:00,2026-05-10,Approved,0.75,4,1
BKG100539,EW 202,Class,56,FAC5112,CSE,12:00,15:00,2026-05-02,Approved,0.93,5,0
BKG100540,EW 203,Meeting,55,FAC5106,CIVIL,12:00,14:00,2026-07-15,Approved,0.92,3,0
BKG100541,EW 203,Meeting,44,FAC5125,AIML,15:00,17:00,2026-05-16,Approved,0.73,3,0
BKG100542,EW 203,Class,51,FAC5128,ECE,14:00,15:00,2026-07-10,Approved,0.85,5,0
BKG100543,EW 204,Meeting,24,FAC5114,IT,10:00,13:00,2026-05-16,Approved,0.6,4,1
BKG100544,EW 204,Training,28,FAC5110,CIVIL,14:00,15:00,2026-06-20,Approved,0.7,4,0
BKG100545,EW 204,Training,32,FAC5134,ECE,11:00,13:00,2026-07-19,Approved,0.8,5,1
BKG100546,EW 205,Meeting,31,FAC5099,TEXTILE,14:00,15:00,2026-04-30,Approved,0.78,4,0
BKG100547,EW 205,Meeting,33,FAC5062,TEXTILE,12:00,14:00,2026-04-30,Approved,0.82,4,0
BKG100548,EW 205,Meeting,24,FAC5021,AIDS,11:00,13:00,2026-06-05,Approved,0.6,4,1
BKG100549,EW 206,Meeting,93,FAC5049,CIVIL,15:00,16:00,2026-06-29,Approved,0.93,4,0
BKG100550,EW 206,Training,98,FAC5071,MECH,14:00,15:00,2026-05-02,Approved,0.98,4,0
BKG100551,EW 206,Training,99,FAC5093,IT,11:00,12:00,2026-04-30,Approved,0.99,4,1
BKG100552,EW 107,Class,47,FAC5060,ECE,11:00,14:00,2026-07-17,Approved,0.78,5,1
BKG100553,EW 107,Class,46,FAC5026,TEXTILE,09:00,10:00,2026-05-25,Approved,0.77,3,1
BKG100554,EW 107,Meeting,44,FAC5047,ECE,15:00,16:00,2026-06-03,Approved,0.73,3,0
BKG100555,EW 108,Meeting,57,FAC5036,TEXTILE,11:00,12:00,2026-05-03,Approved,0.95,4,1
BKG100556,EW 108,Class,49,FAC5067,CIVIL,12:00,13:00,2026-05-31,Approved,0.82,4,0
BKG100557,EW 108,Training,47,FAC5051,IT,15:00,17:00,2026-06-06,Approved,0.78,5,0
BKG100558,EW 109,Training,44,FAC5082,IT,15:00,17:00,2026-05-21,Approved,0.73,3,0
BKG100559,EW 109,Meeting,59,FAC5097,CSE,09:00,11:00,2026-05-21,Approved,0.98,4,1
BKG100560,EW 109,Meeting,60,FAC5060,AIDS,09:00,12:00,2026-05-11,Approved,1.0,3,1
BKG100561,EW 111,Class,43,FAC5024,IT,11:00,13:00,2026-06-14,Approved,0.72,5,1
BKG100562,EW 111,Class,47,FAC5028,TEXTILE,11:00,14:00,2026-06-21,Approved,0.78,4,1
BKG100563,EW 111,Training,40,FAC5104,AIDS,12:00,14:00,2026-07-22,Approved,0.67,4,0
BKG100564,EW 112,Meeting,44,FAC5015,IT,12:00,13:00,2026-07-01,Approved,0.73,3,0
BKG100565,EW 112,Class,60,FAC5109,CIVIL,12:00,15:00,2026-07-21,Approved,1.0,5,0
BKG100566,EW 112,Training,60,FAC5075,AIDS,12:00,15:00,2026-05-18,Approved,1.0,4,0
BKG100567,EW 207,Training,41,FAC5088,ECE,12:00,13:00,2026-05-18,Approved,0.68,3,0
BKG100568,EW 207,Class,44,FAC5062,IT,10:00,11:00,2026-05-05,Approved,0.73,5,1
BKG100569,EW 207,Meeting,54,FAC5058,AIML,11:00,13:00,2026-05-28,Approved,0.9,3,1
BKG100570,EW 208,Class,49,FAC5081,TEXTILE,10:00,13:00,2026-05-17,Approved,0.82,5,1
BKG100571,EW 208,Meeting,55,FAC5026,CIVIL,14:00,15:00,2026-06-30,Approved,0.92,5,0
BKG100572,EW 208,Meeting,60,FAC5048,AIML,11:00,14:00,2026-06-15,Approved,1.0,4,1
BKG100573,EW 209,Training,42,FAC5065,EEE,11:00,12:00,2026-07-03,Approved,0.7,3,1
BKG100574,EW 209,Training,50,FAC5049,MECH,09:00,11:00,2026-05-14,Approved,0.83,4,1
BKG100575,EW 209,Meeting,53,FAC5111,TEXTILE,11:00,14:00,2026-05-02,Approved,0.88,3,1
BKG100576,EW 210,Training,24,FAC5080,ECE,09:00,10:00,2026-05-08,Approved,0.6,3,1
BKG100577,EW 210,Meeting,21,FAC5111,MECH,14:00,16:00,2026-05-09,Approved,0.53,4,0
BKG100578,EW 210,Meeting,31,FAC5005,CSE,11:00,13:00,2026-07-19,Approved,0.78,3,1
BKG100579,EW 211,Meeting,36,FAC5054,TEXTILE,10:00,11:00,2026-07-07,Approved,0.9,3,1
BKG100580,EW 211,Class,22,FAC5107,AIML,15:00,17:00,2026-05-02,Approved,0.55,4,0
BKG100581,EW 211,Training,28,FAC5056,ECE,14:00,16:00,2026-05-09,Approved,0.7,3,0
BKG100582,EW 212,Class,87,FAC5106,EEE,11:00,13:00,2026-07-19,Approved,0.87,4,1
BKG100583,EW 212,Class,84,FAC5104,ECE,12:00,14:00,2026-05-07,Approved,0.84,5,0
BKG100584,EW 212,Class,82,FAC5065,AIDS,09:00,12:00,2026-06-04,Approved,0.82,5,1
BKG100585,EW 113,Meeting,47,FAC5096,AIDS,10:00,12:00,2026-05-22,Approved,0.78,4,1
BKG100586,EW 113,Training,59,FAC5092,AIML,12:00,15:00,2026-07-06,Approved,0.98,5,0
BKG100587,EW 113,Meeting,44,FAC5110,IT,11:00,13:00,2026-05-19,Approved,0.73,5,1
BKG100588,EW 114,Meeting,58,FAC5054,ECE,09:00,12:00,2026-06-20,Approved,0.97,5,1
BKG100589,EW 114,Class,43,FAC5100,AIDS,09:00,12:00,2026-07-01,Approved,0.72,4,1
BKG100590,EW 114,Class,45,FAC5035,CIVIL,11:00,14:00,2026-05-01,Approved,0.75,3,1
BKG100591,EW 116,Training,51,FAC5063,ECE,10:00,13:00,2026-05-19,Approved,0.85,4,1
BKG100592,EW 116,Meeting,48,FAC5119,CIVIL,10:00,12:00,2026-05-08,Approved,0.8,5,1
BKG100593,EW 116,Class,48,FAC5113,MECH,14:00,17:00,2026-05-31,Approved,0.8,3,0
BKG100594,EW 117,Training,58,FAC5001,CIVIL,14:00,17:00,2026-06-23,Approved,0.97,5,0
BKG100595,EW 117,Meeting,44,FAC5133,AIML,09:00,11:00,2026-06-23,Approved,0.73,5,1
BKG100596,EW 117,Training,53,FAC5035,AIDS,10:00,11:00,2026-07-05,Approved,0.88,3,1
BKG100597,EW 118,Class,45,FAC5059,AIML,12:00,14:00,2026-07-12,Approved,0.75,3,0
BKG100598,EW 118,Training,48,FAC5091,CSE,10:00,11:00,2026-05-16,Approved,0.8,5,1
BKG100599,EW 118,Training,42,FAC5130,CSE,09:00,10:00,2026-07-12,Approved,0.7,3,1
BKG100600,EW 115,Class,50,FAC5054,CIVIL,10:00,13:00,2026-05-04,Approved,0.83,4,1
BKG100601,EW 115,Class,57,FAC5033,CIVIL,12:00,14:00,2026-05-27,Approved,0.95,4,0
BKG100602,EW 115,Meeting,45,FAC5064,IT,10:00,13:00,2026-05-25,Approved,0.75,5,1
BKG100603,EW 214,Class,49,FAC5044,AIDS,11:00,14:00,2026-05-13,Approved,0.82,5,1
BKG100604,EW 214,Training,60,FAC5057,ECE,15:00,17:00,2026-05-15,Approved,1.0,4,0
BKG100605,EW 214,Training,42,FAC5087,IT,09:00,12:00,2026-05-19,Approved,0.7,5,1
BKG100606,EW 215,Training,56,FAC5116,TEXTILE,11:00,14:00,2026-05-13,Approved,0.93,5,1
BKG100607,EW 215,Class,53,FAC5110,CSE,15:00,17:00,2026-05-23,Approved,0.88,4,0
BKG100608,EW 215,Meeting,50,FAC5092,TEXTILE,15:00,16:00,2026-06-30,Approved,0.83,4,0
BKG100609,EW 216,Class,34,FAC5023,CSE,11:00,13:00,2026-06-18,Approved,0.85,3,1
BKG100610,EW 216,Meeting,35,FAC5020,ECE,09:00,12:00,2026-07-06,Approved,0.88,3,1
BKG100611,EW 216,Class,25,FAC5083,CIVIL,11:00,13:00,2026-05-30,Approved,0.62,3,1
BKG100612,EW 217,Training,34,FAC5124,ECE,09:00,10:00,2026-05-19,Approved,0.85,5,1
BKG100613,EW 217,Class,37,FAC5088,EEE,14:00,15:00,2026-07-13,Approved,0.93,4,0
BKG100614,EW 217,Meeting,32,FAC5039,AIDS,09:00,11:00,2026-05-23,Approved,0.8,4,1
BKG100615,EW 218,Class,81,FAC5044,CSE,09:00,10:00,2026-05-15,Approved,0.81,4,1
BKG100616,EW 218,Class,83,FAC5009,AIDS,12:00,14:00,2026-05-25,Approved,0.83,5,0
BKG100617,EW 218,Class,95,FAC5121,IT,12:00,15:00,2026-06-29,Approved,0.95,5,0
BKG100618,EW 213,Class,47,FAC5090,TEXTILE,14:00,17:00,2026-07-01,Approved,0.78,5,0
BKG100619,EW 213,Training,40,FAC5075,CSE,12:00,15:00,2026-04-29,Approved,0.67,5,0
BKG100620,EW 213,Class,48,FAC5101,AIML,15:00,17:00,2026-05-20,Approved,0.8,3,0
BKG100621,Special lab Conference Hall 1,Conference,10,FAC5110,ECE,15:00,17:00,2026-07-21,Approved,1.0,4,0
BKG100622,Special lab Conference Hall 1,Seminar,10,FAC5109,CIVIL,09:00,11:00,2026-05-21,Approved,1.0,4,1
BKG100623,Special lab Conference Hall 1,Seminar,1,FAC5007,ECE,15:00,18:00,2026-07-06,Approved,0.1,3,0
BKG100624,Special lab Conference Hall 2,Seminar,2,FAC5035,ECE,11:00,13:00,2026-06-06,Approved,0.2,3,1
BKG100625,Special lab Conference Hall 2,Seminar,10,FAC5131,EEE,11:00,12:00,2026-05-27,Approved,1.0,3,1
BKG100626,Special lab Conference Hall 2,Conference,8,FAC5060,EEE,12:00,15:00,2026-05-13,Approved,0.8,3,0
BKG100627,TEXTILE SEMINAR HALL,Workshop,176,FAC5071,CIVIL,11:00,13:00,2026-07-04,Approved,0.98,3,1
BKG100628,TEXTILE SEMINAR HALL,Seminar,164,FAC5070,AIML,10:00,12:00,2026-05-13,Approved,0.91,5,1
BKG100629,TEXTILE SEMINAR HALL,Conference,167,FAC5027,EEE,11:00,12:00,2026-05-06,Approved,0.93,4,1
BKG100630,ECE SEMINAR HALL,Seminar,166,FAC5075,IT,15:00,17:00,2026-06-19,Approved,0.92,5,0
BKG100631,ECE SEMINAR HALL,Workshop,180,FAC5047,TEXTILE,14:00,15:00,2026-07-21,Approved,1.0,4,0
BKG100632,ECE SEMINAR HALL,Conference,165,FAC5134,TEXTILE,10:00,12:00,2026-06-07,Approved,0.92,5,1
BKG100633,CIVIL CONFERENCE HALL,Conference,20,FAC5046,CIVIL,14:00,17:00,2026-07-07,Approved,0.67,3,0
BKG100634,CIVIL CONFERENCE HALL,Conference,18,FAC5015,EEE,15:00,18:00,2026-07-04,Approved,0.6,3,0
BKG100635,CIVIL CONFERENCE HALL,Seminar,25,FAC5120,IT,11:00,12:00,2026-05-25,Approved,0.83,5,1
BKG100636,Full Stack lab,Lab,79,FAC5126,CIVIL,12:00,15:00,2026-07-01,Approved,0.93,4,0
BKG100637,Full Stack lab,Lab,83,FAC5112,MECH,12:00,15:00,2026-07-07,Approved,0.98,5,0
BKG100638,Full Stack lab,Lab,67,FAC5102,AIDS,09:00,10:00,2026-06-16,Approved,0.79,4,1
BKG100639,Data Science Lab,Lab,90,FAC5091,IT,11:00,13:00,2026-05-25,Approved,1.0,5,1
BKG100640,Data Science Lab,Lab,78,FAC5111,TEXTILE,14:00,15:00,2026-05-27,Approved,0.87,4,0
BKG100641,Data Science Lab,Lab,88,FAC5116,CSE,14:00,15:00,2026-06-02,Approved,0.98,3,0
BKG100642,IOT Lab,Lab,14,FAC5040,MECH,14:00,17:00,2026-07-11,Approved,0.47,3,0
BKG100643,IOT Lab,Lab,17,FAC5086,AIDS,12:00,13:00,2026-06-27,Approved,0.57,4,0
BKG100644,IOT Lab,Lab,25,FAC5020,AIDS,12:00,13:00,2026-07-10,Approved,0.83,5,0
BKG100645,HACKATHON LAB,Lab,59,FAC5017,CIVIL,14:00,15:00,2026-06-22,Approved,0.79,5,0
BKG100646,HACKATHON LAB,Lab,68,FAC5048,CSE,15:00,18:00,2026-06-19,Approved,0.91,4,0
BKG100647,HACKATHON LAB,Lab,59,FAC5071,TEXTILE,15:00,18:00,2026-07-21,Approved,0.79,3,0
BKG100648,DATA SCIENCE LAB 2,Lab,10,FAC5088,AIDS,12:00,14:00,2026-04-28,Approved,0.33,5,0
BKG100649,DATA SCIENCE LAB 2,Lab,14,FAC5050,AIDS,09:00,12:00,2026-06-29,Approved,0.47,5,1
BKG100650,DATA SCIENCE LAB 2,Lab,16,FAC5111,ECE,10:00,12:00,2026-04-28,Approved,0.53,5,1
BKG100651,AI Lab,Lab,8,FAC5125,ECE,12:00,15:00,2026-07-19,Approved,0.8,4,0
BKG100652,AI Lab,Lab,1,FAC5092,CIVIL,10:00,13:00,2026-06-02,Approved,0.1,4,1
BKG100653,AI Lab,Lab,1,FAC5026,AIDS,10:00,11:00,2026-06-19,Approved,0.1,3,1
BKG100654,Embeded Lab,Lab,94,FAC5061,ECE,15:00,18:00,2026-05-27,Approved,0.94,3,0
BKG100655,Embeded Lab,Lab,81,FAC5068,IT,12:00,15:00,2026-05-26,Approved,0.81,3,0
BKG100656,Embeded Lab,Lab,96,FAC5046,IT,12:00,15:00,2026-06-04,Approved,0.96,3,0
BKG100657,XR Studio,Lab,10,FAC5090,AIML,12:00,15:00,2026-05-30,Approved,0.5,5,0
BKG100658,XR Studio,Lab,4,FAC5077,IT,10:00,13:00,2026-05-14,Approved,0.2,5,1
BKG100659,XR Studio,Lab,14,FAC5068,AIML,10:00,11:00,2026-05-28,Approved,0.7,5,1
BKG100660,Smart AGRI,Lab,33,FAC5073,IT,15:00,18:00,2026-07-04,Approved,0.82,4,0
BKG100661,Smart AGRI,Lab,38,FAC5026,IT,15:00,16:00,2026-05-16,Approved,0.95,3,0
BKG100662,Smart AGRI,Lab,33,FAC5108,CIVIL,12:00,15:00,2026-07-06,Approved,0.82,5,0
BKG100663,Robotics and Automation Lab,Lab,21,FAC5129,EEE,15:00,16:00,2026-07-18,Approved,0.7,5,0
BKG100664,Robotics and Automation Lab,Lab,26,FAC5133,MECH,10:00,13:00,2026-06-20,Approved,0.87,5,1
BKG100665,Robotics and Automation Lab,Lab,15,FAC5068,MECH,10:00,12:00,2026-07-12,Approved,0.5,3,1
BKG100666,CPS LAB 1,Lab,28,FAC5054,CIVIL,10:00,12:00,2026-05-28,Approved,0.7,3,1
BKG100667,CPS LAB 1,Lab,31,FAC5005,ECE,14:00,17:00,2026-07-18,Approved,0.78,5,0
BKG100668,CPS LAB 1,Lab,40,FAC5101,EEE,11:00,13:00,2026-07-01,Approved,1.0,5,1
BKG100669,CPS LAB 2,Lab,26,FAC5135,TEXTILE,15:00,17:00,2026-06-03,Approved,0.65,4,0
BKG100670,CPS LAB 2,Lab,21,FAC5046,CIVIL,11:00,14:00,2026-07-09,Approved,0.53,4,1
BKG100671,CPS LAB 2,Lab,25,FAC5088,AIML,14:00,15:00,2026-05-03,Approved,0.62,5,0
BKG100672,Physics Lab 1,Lab,131,FAC5122,TEXTILE,09:00,12:00,2026-07-14,Approved,0.87,3,1
BKG100673,Physics Lab 1,Lab,147,FAC5037,AIML,10:00,11:00,2026-04-28,Approved,0.98,4,1
BKG100674,Physics Lab 1,Lab,149,FAC5065,ECE,09:00,10:00,2026-05-18,Approved,0.99,5,1
BKG100675,IOT Lab 1,Lab,36,FAC5095,IT,11:00,12:00,2026-05-09,Approved,0.8,3,1
BKG100676,IOT Lab 1,Lab,29,FAC5037,AIML,15:00,18:00,2026-06-29,Approved,0.64,5,0
BKG100677,IOT Lab 1,Lab,44,FAC5024,CIVIL,15:00,16:00,2026-06-14,Approved,0.98,5,0
BKG100678,IOT Lab 2,Lab,34,FAC5042,CSE,14:00,16:00,2026-06-19,Approved,0.76,3,0
BKG100679,IOT Lab 2,Lab,42,FAC5002,AIDS,09:00,10:00,2026-06-09,Approved,0.93,4,1
BKG100680,IOT Lab 2,Lab,26,FAC5055,AIML,11:00,13:00,2026-07-05,Approved,0.58,5,1
BKG100681,Physics Lab 2,Lab,94,FAC5078,ECE,12:00,14:00,2026-06-25,Approved,0.94,4,0
BKG100682,Physics Lab 2,Lab,89,FAC5084,MECH,11:00,12:00,2026-06-17,Approved,0.89,3,1
BKG100683,Physics Lab 2,Lab,97,FAC5042,CIVIL,09:00,12:00,2026-05-08,Approved,0.97,3,1
BKG100684,Chemistry Lab 1,Lab,85,FAC5094,CIVIL,12:00,15:00,2026-05-28,Approved,0.85,5,0
BKG100685,Chemistry Lab 1,Lab,89,FAC5072,ECE,12:00,14:00,2026-04-29,Approved,0.89,4,0
BKG100686,Chemistry Lab 1,Lab,92,FAC5099,CSE,11:00,14:00,2026-06-12,Approved,0.92,5,1
BKG100687,Chemistry Lab 2,Lab,87,FAC5007,EEE,10:00,12:00,2026-05-06,Approved,0.87,3,1
BKG100688,Chemistry Lab 2,Lab,92,FAC5022,AIML,11:00,14:00,2026-06-24,Approved,0.92,3,1
BKG100689,Chemistry Lab 2,Lab,96,FAC5085,CIVIL,09:00,10:00,2026-06-02,Approved,0.96,5,1
BKG100690,CPS LAB 3,Lab,34,FAC5078,TEXTILE,11:00,12:00,2026-06-20,Approved,0.87,5,1
BKG100691,CPS LAB 3,Lab,27,FAC5127,IT,14:00,15:00,2026-06-15,Approved,0.69,5,0
BKG100692,CPS LAB 3,Lab,28,FAC5053,CSE,14:00,17:00,2026-05-12,Approved,0.72,3,0
BKG100693,Analog Communication Lab,Lab,22,FAC5075,ECE,10:00,11:00,2026-07-13,Approved,0.61,3,1
BKG100694,Analog Communication Lab,Lab,32,FAC5100,CSE,15:00,17:00,2026-05-26,Approved,0.89,5,0
BKG100695,Analog Communication Lab,Lab,18,FAC5058,AIML,11:00,14:00,2026-07-09,Approved,0.5,5,1
BKG100696,Digital Communication Lab,Lab,23,FAC5076,AIDS,10:00,11:00,2026-06-01,Approved,0.64,3,1
BKG100697,Digital Communication Lab,Lab,28,FAC5109,EEE,12:00,15:00,2026-05-01,Approved,0.78,3,0
BKG100698,Digital Communication Lab,Lab,27,FAC5064,EEE,15:00,17:00,2026-06-19,Approved,0.75,4,0
BKG100699,Microwave Lab,Lab,44,FAC5070,TEXTILE,14:00,16:00,2026-05-14,Approved,0.92,4,0
BKG100700,Microwave Lab,Lab,33,FAC5110,TEXTILE,11:00,12:00,2026-04-29,Approved,0.69,5,1
BKG100701,Microwave Lab,Lab,32,FAC5092,CIVIL,10:00,11:00,2026-07-09,Approved,0.67,3,1
BKG100702,Network Lab,Lab,36,FAC5086,EEE,11:00,14:00,2026-04-29,Approved,0.68,4,1
BKG100703,Network Lab,Lab,49,FAC5010,AIDS,15:00,17:00,2026-07-12,Approved,0.92,4,0
BKG100704,Network Lab,Lab,49,FAC5017,CSE,09:00,11:00,2026-06-01,Approved,0.92,5,1
BKG100705,PG Communication Lab,Lab,19,FAC5025,ECE,12:00,14:00,2026-07-19,Approved,0.9,3,0
BKG100706,PG Communication Lab,Lab,15,FAC5116,TEXTILE,09:00,12:00,2026-07-04,Approved,0.71,4,1
BKG100707,PG Communication Lab,Lab,5,FAC5091,IT,14:00,16:00,2026-05-12,Approved,0.24,3,0
BKG100708,DSP Lab,Lab,31,FAC5006,CSE,10:00,11:00,2026-06-20,Approved,0.89,5,1
BKG100709,DSP Lab,Lab,29,FAC5024,TEXTILE,11:00,12:00,2026-05-28,Approved,0.83,4,1
BKG100710,DSP Lab,Lab,23,FAC5046,ECE,14:00,15:00,2026-05-08,Approved,0.66,4,0
BKG100711,VLSI Design,Lab,22,FAC5060,MECH,15:00,18:00,2026-07-08,Approved,0.55,3,0
BKG100712,VLSI Design,Lab,34,FAC5053,AIML,15:00,18:00,2026-07-19,Approved,0.85,4,0
BKG100713,VLSI Design,Lab,40,FAC5020,EEE,14:00,16:00,2026-06-03,Approved,1.0,5,0
BKG100714,Microcontroller Lab,Lab,10,FAC5004,CIVIL,14:00,17:00,2026-04-30,Approved,0.38,5,0
BKG100715,Microcontroller Lab,Lab,21,FAC5037,EEE,12:00,15:00,2026-07-06,Approved,0.81,4,0
BKG100716,Microcontroller Lab,Lab,18,FAC5080,EEE,11:00,12:00,2026-06-23,Approved,0.69,3,1
BKG100717,Digital Electronics Lab,Lab,40,FAC5035,TEXTILE,11:00,13:00,2026-06-24,Approved,0.83,4,1
BKG100718,Digital Electronics Lab,Lab,39,FAC5086,EEE,10:00,12:00,2026-07-15,Approved,0.81,5,1
BKG100719,Digital Electronics Lab,Lab,45,FAC5111,ECE,09:00,10:00,2026-05-05,Approved,0.94,5,1
BKG100720,Signal Processing Lab,Lab,32,FAC5088,CSE,10:00,13:00,2026-05-12,Approved,0.8,3,1
BKG100721,Signal Processing Lab,Lab,28,FAC5065,AIML,09:00,11:00,2026-07-03,Approved,0.7,3,1
BKG100722,Signal Processing Lab,Lab,25,FAC5044,IT,09:00,10:00,2026-06-17,Approved,0.62,5,1
BKG100723,PCB Design Lab,Lab,30,FAC5067,MECH,09:00,10:00,2026-05-02,Approved,0.75,3,1
BKG100724,PCB Design Lab,Lab,40,FAC5069,MECH,12:00,15:00,2026-06-22,Approved,1.0,4,0
BKG100725,PCB Design Lab,Lab,26,FAC5120,AIML,15:00,16:00,2026-06-01,Approved,0.65,4,0
BKG100726,PCB Fabrication Lab,Lab,31,FAC5007,EEE,14:00,16:00,2026-05-05,Approved,0.86,4,0
BKG100727,PCB Fabrication Lab,Lab,33,FAC5087,IT,12:00,15:00,2026-04-28,Approved,0.92,3,0
BKG100728,PCB Fabrication Lab,Lab,21,FAC5016,ECE,10:00,13:00,2026-05-15,Approved,0.58,4,1
BKG100729,Sensor and Tamil Computing Lab,Lab,5,FAC5035,AIDS,09:00,12:00,2026-06-20,Approved,0.25,4,1
BKG100730,Sensor and Tamil Computing Lab,Lab,3,FAC5018,EEE,12:00,13:00,2026-05-03,Approved,0.15,3,0
BKG100731,Sensor and Tamil Computing Lab,Lab,12,FAC5073,CIVIL,14:00,17:00,2026-07-17,Approved,0.6,5,0
BKG100732,DRAI Lab,Lab,34,FAC5008,CSE,09:00,12:00,2026-06-26,Approved,0.85,5,1
BKG100733,DRAI Lab,Lab,20,FAC5029,EEE,12:00,13:00,2026-06-09,Approved,0.5,3,0
BKG100734,DRAI Lab,Lab,25,FAC5061,IT,10:00,11:00,2026-06-13,Approved,0.62,4,1
BKG100735,AI BASED INDUSTRIAL AUTOMATION,Lab,40,FAC5127,ECE,10:00,13:00,2026-06-26,Approved,1.0,4,1
BKG100736,AI BASED INDUSTRIAL AUTOMATION,Lab,21,FAC5105,ECE,15:00,16:00,2026-07-11,Approved,0.53,3,0
BKG100737,AI BASED INDUSTRIAL AUTOMATION,Lab,39,FAC5123,MECH,10:00,11:00,2026-07-15,Approved,0.97,5,1
BKG100738,ELCC smart class,Training,26,FAC5116,MECH,12:00,13:00,2026-07-17,Approved,0.65,5,0
BKG100739,ELCC smart class,Meeting,24,FAC5125,CIVIL,12:00,14:00,2026-05-27,Approved,0.6,3,0
BKG100740,ELCC smart class,Meeting,27,FAC5079,CSE,09:00,10:00,2026-07-11,Approved,0.68,3,1
BKG100741,Servo Lab,Lab,192,FAC5134,IT,14:00,15:00,2026-07-16,Approved,0.94,3,0
BKG100742,Servo Lab,Lab,199,FAC5024,AIDS,11:00,14:00,2026-06-30,Approved,0.98,5,1
BKG100743,Servo Lab,Lab,204,FAC5048,ECE,09:00,10:00,2026-05-12,Approved,1.0,4,1
BKG100744,Next generation food laboratary,Lab,5,FAC5091,TEXTILE,09:00,12:00,2026-05-14,Approved,1.0,4,1
BKG100745,Next generation food laboratary,Lab,4,FAC5066,AIDS,10:00,11:00,2026-05-04,Approved,0.8,4,1
BKG100746,Next generation food laboratary,Lab,4,FAC5027,CIVIL,09:00,11:00,2026-06-01,Approved,0.8,5,1
BKG100747,Unit operation laboratary,Lab,21,FAC5130,EEE,14:00,15:00,2026-06-17,Approved,0.88,5,0
BKG100748,Unit operation laboratary,Lab,16,FAC5079,AIML,11:00,13:00,2026-07-09,Approved,0.67,5,1
BKG100749,Unit operation laboratary,Lab,10,FAC5117,CSE,11:00,13:00,2026-07-03,Approved,0.42,4,1
BKG100750,Food processing laboratary,Lab,41,FAC5023,MECH,09:00,10:00,2026-05-16,Approved,0.82,5,1
BKG100751,Food processing laboratary,Lab,38,FAC5065,TEXTILE,14:00,17:00,2026-06-06,Approved,0.76,3,0
BKG100752,Food processing laboratary,Lab,44,FAC5007,AIML,12:00,14:00,2026-05-10,Approved,0.88,4,0
BKG100753,Food informatics center,Lab,6,FAC5021,TEXTILE,12:00,13:00,2026-05-29,Approved,0.25,3,0
BKG100754,Food informatics center,Lab,5,FAC5100,CIVIL,11:00,12:00,2026-07-14,Approved,0.21,3,1
BKG100755,Food informatics center,Lab,8,FAC5006,AIDS,12:00,14:00,2026-07-22,Approved,0.33,3,0
BKG100756,Baking and confictionary laboratary,Lab,6,FAC5088,MECH,12:00,14:00,2026-07-11,Approved,0.6,4,0
BKG100757,Baking and confictionary laboratary,Lab,8,FAC5135,CIVIL,10:00,12:00,2026-06-17,Approved,0.8,4,1
BKG100758,Baking and confictionary laboratary,Lab,3,FAC5109,ECE,14:00,17:00,2026-06-28,Approved,0.3,5,0
BKG100759,Food innovation center,Lab,5,FAC5021,AIDS,12:00,13:00,2026-07-03,Approved,0.83,5,0
BKG100760,Food innovation center,Lab,5,FAC5049,MECH,12:00,14:00,2026-06-07,Approved,0.83,5,0
BKG100761,Food innovation center,Lab,2,FAC5006,CIVIL,15:00,18:00,2026-05-25,Approved,0.33,4,0
BKG100762,Food microbiology,Lab,1,FAC5097,ECE,10:00,13:00,2026-06-28,Approved,0.1,3,1
BKG100763,Food microbiology,Lab,9,FAC5014,AIML,12:00,13:00,2026-07-10,Approved,0.9,4,0
BKG100764,Food microbiology,Lab,5,FAC5038,TEXTILE,15:00,18:00,2026-05-26,Approved,0.5,4,0
BKG100765,AE301,Meeting,38,FAC5058,CIVIL,12:00,14:00,2026-05-18,Approved,0.76,4,0
BKG100766,AE301,Class,48,FAC5113,TEXTILE,10:00,11:00,2026-07-16,Approved,0.96,5,1
BKG100767,AE301,Meeting,44,FAC5037,MECH,09:00,10:00,2026-05-09,Approved,0.88,4,1
BKG100768,AE302,Training,44,FAC5005,EEE,14:00,16:00,2026-07-08,Approved,0.88,5,0
BKG100769,AE302,Meeting,50,FAC5008,MECH,09:00,10:00,2026-07-04,Approved,1.0,4,1
BKG100770,AE302,Meeting,41,FAC5106,TEXTILE,09:00,10:00,2026-06-18,Approved,0.82,4,1
BKG100771,MH301,Meeting,41,FAC5096,AIML,15:00,18:00,2026-06-03,Approved,0.82,5,0
BKG100772,MH301,Meeting,39,FAC5101,ECE,12:00,14:00,2026-05-09,Approved,0.78,5,0
BKG100773,MH301,Training,30,FAC5127,MECH,11:00,14:00,2026-05-12,Approved,0.6,3,1
BKG100774,MH302,Training,45,FAC5093,AIDS,12:00,14:00,2026-05-28,Approved,0.9,5,0
BKG100775,MH302,Training,33,FAC5049,AIDS,15:00,17:00,2026-07-04,Approved,0.66,5,0
BKG100776,MH302,Class,36,FAC5037,AIML,11:00,13:00,2026-07-11,Approved,0.72,4,1
BKG100777,MH303,Class,30,FAC5084,AIDS,11:00,14:00,2026-07-11,Approved,0.6,4,1
BKG100778,MH303,Training,35,FAC5134,AIDS,11:00,14:00,2026-06-03,Approved,0.7,5,1
BKG100779,MH303,Training,35,FAC5083,CSE,14:00,15:00,2026-07-10,Approved,0.7,3,0
BKG100780,MH305,Training,49,FAC5104,AIML,12:00,15:00,2026-05-27,Approved,0.98,4,0
BKG100781,MH305,Class,46,FAC5009,AIML,15:00,18:00,2026-06-22,Approved,0.92,4,0
BKG100782,MH305,Class,33,FAC5115,AIML,15:00,17:00,2026-05-09,Approved,0.66,3,0
BKG100783,MH306,Class,48,FAC5002,EEE,09:00,10:00,2026-07-05,Approved,0.96,5,1
BKG100784,MH306,Class,32,FAC5063,AIDS,11:00,14:00,2026-06-21,Approved,0.64,5,1
BKG100785,MH306,Training,43,FAC5077,ECE,11:00,14:00,2026-05-05,Approved,0.86,5,1
BKG100786,AE 202,Class,48,FAC5103,ECE,11:00,14:00,2026-06-23,Approved,0.96,4,1
BKG100787,AE 202,Meeting,32,FAC5070,TEXTILE,09:00,10:00,2026-05-13,Approved,0.64,4,1
BKG100788,AE 202,Meeting,35,FAC5125,ECE,11:00,14:00,2026-07-03,Approved,0.7,5,1
BKG100789,Aero DH,Training,83,FAC5085,CIVIL,09:00,12:00,2026-07-10,Approved,0.88,3,1
BKG100790,Aero DH,Training,75,FAC5048,AIML,15:00,18:00,2026-06-25,Approved,0.8,4,0
BKG100791,Aero DH,Class,74,FAC5051,CIVIL,09:00,10:00,2026-07-12,Approved,0.79,3,1
BKG100792,Aero Conference Hall,Workshop,6,FAC5018,EEE,14:00,16:00,2026-06-20,Approved,0.3,3,0
BKG100793,Aero Conference Hall,Workshop,6,FAC5117,TEXTILE,11:00,13:00,2026-05-08,Approved,0.3,3,1
BKG100794,Aero Conference Hall,Seminar,16,FAC5118,CSE,15:00,16:00,2026-06-06,Approved,0.8,3,0
BKG100795,AERO SEMINAR HALL,Conference,62,FAC5063,ECE,09:00,10:00,2026-05-27,Approved,0.86,3,1
BKG100796,AERO SEMINAR HALL,Seminar,57,FAC5059,CSE,12:00,15:00,2026-06-25,Approved,0.79,3,0
BKG100797,AERO SEMINAR HALL,Workshop,72,FAC5027,IT,09:00,11:00,2026-05-03,Approved,1.0,4,1
BKG100798,LEARNING CENTRE CONFERENCE HALL - I FLOOR,Seminar,2,FAC5128,AIDS,10:00,12:00,2026-07-18,Approved,0.15,3,1
BKG100799,LEARNING CENTRE CONFERENCE HALL - I FLOOR,Conference,11,FAC5126,AIDS,12:00,15:00,2026-06-20,Approved,0.85,4,0
BKG100800,LEARNING CENTRE CONFERENCE HALL - I FLOOR,Workshop,3,FAC5102,AIML,10:00,11:00,2026-07-18,Approved,0.23,4,1
BKG100801,LEARNING CENTRE CONFERENCE HALL - II FLOOR,Workshop,9,FAC5129,EEE,15:00,18:00,2026-06-05,Approved,0.64,4,0
BKG100802,LEARNING CENTRE CONFERENCE HALL - II FLOOR,Conference,10,FAC5068,AIML,09:00,10:00,2026-05-04,Approved,0.71,5,1
BKG100803,LEARNING CENTRE CONFERENCE HALL - II FLOOR,Conference,6,FAC5061,EEE,09:00,12:00,2026-06-13,Approved,0.43,3,1
BKG100804,LEARNING CENTRE CONFERENCE HALL - III FLOOR,Seminar,14,FAC5058,EEE,15:00,17:00,2026-05-05,Approved,1.0,5,0
BKG100805,LEARNING CENTRE CONFERENCE HALL - III FLOOR,Workshop,3,FAC5118,CSE,10:00,12:00,2026-06-10,Approved,0.21,3,1
BKG100806,LEARNING CENTRE CONFERENCE HALL - III FLOOR,Conference,3,FAC5111,TEXTILE,14:00,17:00,2026-05-29,Approved,0.21,5,0
BKG100807,LEARNING CENTRE CONFERENCE HALL - IV FLOOR,Workshop,5,FAC5103,AIML,10:00,11:00,2026-05-06,Approved,0.38,3,1
BKG100808,LEARNING CENTRE CONFERENCE HALL - IV FLOOR,Seminar,6,FAC5099,EEE,15:00,17:00,2026-05-22,Approved,0.46,3,0
BKG100809,LEARNING CENTRE CONFERENCE HALL - IV FLOOR,Conference,4,FAC5049,EEE,12:00,13:00,2026-06-18,Approved,0.31,4,0
BKG100810,LEARNING CENTRE DISCUSSION ROOM- 1 I FLOOR,Class,8,FAC5009,AIDS,09:00,10:00,2026-06-17,Approved,0.8,5,1
BKG100811,LEARNING CENTRE DISCUSSION ROOM- 1 I FLOOR,Training,7,FAC5086,TEXTILE,09:00,11:00,2026-05-22,Approved,0.7,4,1
BKG100812,LEARNING CENTRE DISCUSSION ROOM- 1 I FLOOR,Meeting,9,FAC5073,ECE,09:00,10:00,2026-06-09,Approved,0.9,3,1
BKG100813,LEARNING CENTRE DISCUSSION ROOM- 2 I FLOOR,Class,2,FAC5107,IT,15:00,16:00,2026-06-09,Approved,0.2,3,0
BKG100814,LEARNING CENTRE DISCUSSION ROOM- 2 I FLOOR,Training,8,FAC5101,ECE,11:00,12:00,2026-06-11,Approved,0.8,3,1
BKG100815,LEARNING CENTRE DISCUSSION ROOM- 2 I FLOOR,Meeting,9,FAC5101,CIVIL,14:00,15:00,2026-05-17,Approved,0.9,3,0
BKG100816,LEARNING CENTRE DISCUSSION ROOM- 1 II FLOOR,Class,6,FAC5044,EEE,10:00,12:00,2026-07-15,Approved,0.6,3,1
BKG100817,LEARNING CENTRE DISCUSSION ROOM- 1 II FLOOR,Training,1,FAC5068,AIML,15:00,18:00,2026-06-23,Approved,0.1,4,0
BKG100818,LEARNING CENTRE DISCUSSION ROOM- 1 II FLOOR,Meeting,7,FAC5007,AIDS,09:00,12:00,2026-07-18,Approved,0.7,4,1
BKG100819,LEARNING CENTRE DISCUSSION ROOM- 2 II FLOOR,Meeting,5,FAC5057,CSE,15:00,17:00,2026-05-20,Approved,0.5,4,0
BKG100820,LEARNING CENTRE DISCUSSION ROOM- 2 II FLOOR,Class,2,FAC5073,CSE,14:00,16:00,2026-07-09,Approved,0.2,3,0
BKG100821,LEARNING CENTRE DISCUSSION ROOM- 2 II FLOOR,Class,9,FAC5022,AIDS,09:00,11:00,2026-05-31,Approved,0.9,4,1
BKG100822,LEARNING CENTRE DISCUSSION ROOM- 1 III FLOOR,Training,5,FAC5024,AIML,15:00,18:00,2026-05-30,Approved,0.5,4,0
BKG100823,LEARNING CENTRE DISCUSSION ROOM- 1 III FLOOR,Training,7,FAC5090,AIDS,11:00,12:00,2026-07-06,Approved,0.7,3,1
BKG100824,LEARNING CENTRE DISCUSSION ROOM- 1 III FLOOR,Training,9,FAC5111,CSE,12:00,15:00,2026-06-19,Approved,0.9,3,0
BKG100825,LEARNING CENTRE DISCUSSION ROOM- 2 III FLOOR,Class,10,FAC5115,AIDS,14:00,15:00,2026-06-26,Approved,1.0,5,0
BKG100826,LEARNING CENTRE DISCUSSION ROOM- 2 III FLOOR,Class,7,FAC5100,AIML,11:00,13:00,2026-06-06,Approved,0.7,3,1
BKG100827,LEARNING CENTRE DISCUSSION ROOM- 2 III FLOOR,Training,8,FAC5128,CIVIL,15:00,18:00,2026-07-10,Approved,0.8,3,0
BKG100828,LEARNING CENTRE DISCUSSION ROOM- 1 IV FLOOR,Training,9,FAC5037,MECH,10:00,12:00,2026-05-17,Approved,0.9,5,1
BKG100829,LEARNING CENTRE DISCUSSION ROOM- 1 IV FLOOR,Training,3,FAC5019,ECE,15:00,17:00,2026-07-06,Approved,0.3,3,0
BKG100830,LEARNING CENTRE DISCUSSION ROOM- 1 IV FLOOR,Meeting,7,FAC5004,AIDS,14:00,15:00,2026-05-17,Approved,0.7,4,0
BKG100831,LEARNING CENTRE DISCUSSION ROOM- 2 IV FLOOR,Training,4,FAC5134,AIDS,11:00,13:00,2026-05-06,Approved,0.4,4,1
BKG100832,LEARNING CENTRE DISCUSSION ROOM- 2 IV FLOOR,Meeting,10,FAC5042,IT,10:00,12:00,2026-05-19,Approved,1.0,5,1
BKG100833,LEARNING CENTRE DISCUSSION ROOM- 2 IV FLOOR,Meeting,2,FAC5030,AIDS,11:00,12:00,2026-06-21,Approved,0.2,4,1
BKG100834,Library First Floor,Training,118,FAC5031,EEE,10:00,13:00,2026-06-27,Approved,0.98,3,1
BKG100835,Library First Floor,Meeting,117,FAC5066,ECE,12:00,13:00,2026-05-07,Approved,0.97,5,0
BKG100836,Library First Floor,Class,114,FAC5056,TEXTILE,10:00,11:00,2026-07-15,Approved,0.95,5,1
BKG100837,Library Second Floor,Class,132,FAC5104,IT,11:00,14:00,2026-06-19,Approved,0.88,3,1
BKG100838,Library Second Floor,Class,150,FAC5100,ECE,10:00,12:00,2026-04-28,Approved,1.0,4,1
BKG100839,Library Second Floor,Training,141,FAC5130,AIML,09:00,11:00,2026-06-09,Approved,0.94,3,1
BKG100840,Library Third Floor,Training,141,FAC5093,AIML,15:00,17:00,2026-07-07,Approved,0.94,3,0
BKG100841,Library Third Floor,Training,138,FAC5008,AIDS,09:00,11:00,2026-06-26,Approved,0.92,5,1
BKG100842,Library Third Floor,Training,137,FAC5001,TEXTILE,10:00,11:00,2026-06-08,Approved,0.91,5,1
BKG100843,Servo Lab,Placement,196,FAC5032,CSE,10:00,12:00,2026-06-26,Approved,0.96,3,1
BKG100844,Mech library,Conference,26,FAC5048,CSE,10:00,12:00,2026-05-23,Approved,0.65,5,1
BKG100845,COMPUTER LAB - 8,Lab,44,FAC5104,CIVIL,11:00,13:00,2026-05-11,Approved,0.75,3,1
BKG100846,COMPUTER LAB - 9,Lab,45,FAC5099,EEE,09:00,10:00,2026-05-21,Approved,0.76,3,1
BKG100847,Database management system(computer lab 5),Meeting,50,FAC5120,TEXTILE,11:00,13:00,2026-05-08,Approved,0.85,4,1
BKG100848,Data Mining Lab(COMPUTER LAB 3),Conference,59,FAC5093,AIML,15:00,18:00,2026-05-19,Approved,1.0,4,0
BKG100849,WW 003,Class,21,FAC5051,CIVIL,11:00,12:00,2026-05-05,Approved,0.52,5,1
BKG100850,IECC SEMINAR HALL,Seminar,153,FAC5032,AIDS,11:00,14:00,2026-05-31,Approved,0.96,4,1
BKG100851,Computer Lab (23),Conference,45,FAC5104,IT,14:00,15:00,2026-06-11,Approved,0.76,5,0
BKG100852,ECE SEMINAR HALL,Training,179,FAC5073,EEE,14:00,17:00,2026-06-16,Approved,0.99,3,0
BKG100853,WW 221,Seminar,23,FAC5068,MECH,14:00,16:00,2026-07-21,Approved,0.57,5,0
BKG100854,WW 109,Class,35,FAC5106,TEXTILE,11:00,12:00,2026-06-06,Approved,0.7,4,1
BKG100855,EEE CC LAB,Meeting,125,FAC5070,IT,12:00,14:00,2026-06-17,Approved,0.96,3,0
BKG100856,SF 102,Class,60,FAC5023,EEE,12:00,13:00,2026-05-25,Approved,0.75,5,0
BKG100857,EEE CC LAB,Lab,111,FAC5042,MECH,12:00,13:00,2026-05-06,Approved,0.85,3,0
BKG100858,ME101,Placement,89,FAC5025,AIML,11:00,12:00,2026-06-23,Approved,0.99,3,1
BKG100859,EW 108,Conference,57,FAC5094,AIDS,09:00,12:00,2026-06-05,Approved,0.95,5,1
BKG100860,EW 217,Placement,30,FAC5135,AIML,10:00,11:00,2026-07-20,Approved,0.75,3,1
BKG100861,WW 012,Conference,51,FAC5111,MECH,11:00,13:00,2026-06-30,Approved,0.85,5,1
BKG100862,WW 204,Class,60,FAC5036,EEE,12:00,15:00,2026-06-27,Approved,0.79,5,0
BKG100863,ME305,Class,71,FAC5072,EEE,15:00,18:00,2026-06-27,Approved,0.79,5,0
BKG100864,EW 215,Seminar,51,FAC5029,ECE,12:00,13:00,2026-06-05,Approved,0.85,3,0
BKG100865,WW 117,Training,53,FAC5133,IT,14:00,16:00,2026-07-10,Approved,0.88,5,0
BKG100866,Computer lab - (18),Lab,84,FAC5092,AIML,14:00,17:00,2026-06-13,Approved,0.94,4,0
BKG100867,WW 226,Workshop,97,FAC5049,ECE,09:00,12:00,2026-06-19,Approved,0.97,3,1
BKG100868,EW 206,Class,80,FAC5099,CSE,15:00,17:00,2026-07-22,Approved,0.8,5,0
BKG100869,EW 205,Placement,29,FAC5035,CSE,12:00,14:00,2026-06-10,Approved,0.72,4,0
BKG100870,EW 210,Conference,34,FAC5073,AIML,09:00,11:00,2026-05-21,Approved,0.85,3,1
BKG100871,WW 006,Workshop,43,FAC5057,CIVIL,09:00,12:00,2026-05-14,Approved,0.72,3,1
BKG100872,WW 213,Conference,46,FAC5090,CIVIL,11:00,14:00,2026-06-14,Approved,0.77,4,1
BKG100873,WW 215,Placement,41,FAC5036,CSE,09:00,10:00,2026-06-03,Approved,0.68,4,1
BKG100874,EEE SEMINAR HALL,Placement,156,FAC5089,AIML,11:00,13:00,2026-06-05,Approved,0.98,4,1
BKG100875,WW 002,Meeting,35,FAC5036,CIVIL,15:00,17:00,2026-07-01,Approved,0.88,3,0
BKG100876,SF B02,Workshop,63,FAC5067,CIVIL,11:00,12:00,2026-07-08,Approved,0.79,5,1
BKG100877,COMPUTER LAB - 7,Lab,59,FAC5121,CIVIL,15:00,16:00,2026-06-29,Approved,0.83,3,0
BKG100878,Smart AGRI,Workshop,20,FAC5042,TEXTILE,10:00,12:00,2026-06-16,Approved,0.5,4,1
BKG100879,WW 008,Class,50,FAC5116,IT,11:00,13:00,2026-05-19,Approved,0.83,3,1
BKG100880,MH301,Class,32,FAC5057,EEE,09:00,12:00,2026-07-09,Approved,0.64,5,1
BKG100881,EW 215,Placement,52,FAC5087,ECE,10:00,11:00,2026-05-27,Approved,0.87,3,1
BKG100882,WW 222,Seminar,99,FAC5119,AIML,14:00,16:00,2026-05-21,Approved,0.99,3,0
BKG100883,EW 102,Training,49,FAC5110,CIVIL,14:00,15:00,2026-07-22,Approved,0.82,5,0
BKG100884,EW 115,Meeting,55,FAC5114,IT,12:00,13:00,2026-06-07,Approved,0.92,3,0
BKG100885,EW 118,Training,46,FAC5109,ECE,12:00,15:00,2026-06-20,Approved,0.77,5,0
BKG100886,AERO SEMINAR HALL,Class,52,FAC5061,ECE,11:00,12:00,2026-07-08,Approved,0.72,5,1
BKG100887,WW 011,Placement,52,FAC5068,CSE,11:00,14:00,2026-05-22,Approved,0.87,3,1
BKG100888,PSKILL Lab 1,Class,66,FAC5001,CIVIL,12:00,14:00,2026-05-13,Approved,1.0,4,0
BKG100889,WW 216,Placement,34,FAC5127,AIML,15:00,17:00,2026-05-26,Approved,0.85,3,0
BKG100890,Computer Lab  (24) - CAD Lab,Lab,74,FAC5093,AIDS,12:00,15:00,2026-05-20,Approved,0.94,3,0
BKG100891,COMPUTER LAB - 12,Meeting,59,FAC5130,AIML,10:00,12:00,2026-05-04,Approved,1.0,4,1
BKG100892,Mech library,Meeting,33,FAC5133,TEXTILE,11:00,14:00,2026-07-20,Approved,0.82,4,1
BKG100893,SF B03,Training,74,FAC5046,ECE,12:00,15:00,2026-06-28,Approved,0.92,5,0
BKG100894,Class Room 1,Conference,55,FAC5050,MECH,14:00,15:00,2026-05-27,Approved,0.92,4,0
BKG100895,COMPUTER LAB - 10,Lab,48,FAC5134,MECH,09:00,10:00,2026-06-06,Approved,0.81,3,1
BKG100896,ME303,Class,87,FAC5126,IT,10:00,12:00,2026-06-28,Approved,0.97,4,1
BKG100897,DATA SCIENCE LAB 2,Training,13,FAC5094,CIVIL,09:00,11:00,2026-05-28,Approved,0.43,5,1
BKG100898,EW 204,Lab,26,FAC5060,CSE,14:00,17:00,2026-06-20,Approved,0.65,4,0
BKG100899,ME205,Workshop,80,FAC5013,MECH,09:00,10:00,2026-06-18,Approved,0.89,4,1
BKG100900,Data Structure Lab (Computer  Lab-13),Training,46,FAC5026,ECE,15:00,18:00,2026-06-12,Approved,0.78,3,0
BKG100901,BIOTECH SEMINAR HALL,Class,109,FAC5006,CIVIL,10:00,11:00,2026-07-09,Approved,0.91,4,1
BKG100902,Artificial Intelligence Lab(COMPUTER LAB 2),Meeting,56,FAC5067,CIVIL,14:00,17:00,2026-05-28,Approved,0.79,3,0
BKG100903,Mech Smart class,Conference,15,FAC5071,AIDS,11:00,14:00,2026-06-16,Approved,0.47,4,1
BKG100904,WW 215,Conference,52,FAC5019,CSE,09:00,11:00,2026-07-14,Approved,0.87,4,1
BKG100905,WW 117,Workshop,40,FAC5016,AIDS,10:00,13:00,2026-06-02,Approved,0.67,3,1
BKG100906,EW 211,Meeting,35,FAC5002,MECH,11:00,13:00,2026-07-05,Approved,0.88,3,1
BKG100907,WW 210,Class,60,FAC5100,EEE,10:00,13:00,2026-05-25,Approved,1.0,5,1
BKG100908,Computer Lab (21),Lab,56,FAC5055,CIVIL,12:00,13:00,2026-05-03,Approved,0.95,3,0
BKG100909,COMPUTER LAB - 10,Lab,49,FAC5015,AIDS,11:00,13:00,2026-05-28,Approved,0.83,3,1
BKG100910,WW 004,Training,20,FAC5014,AIDS,10:00,12:00,2026-05-12,Approved,0.5,5,1
BKG100911,Physics Lab 2,Seminar,94,FAC5125,ECE,14:00,16:00,2026-05-14,Approved,0.94,4,0
BKG100912,ME108,Seminar,77,FAC5129,CIVIL,10:00,12:00,2026-05-22,Approved,0.86,5,1
BKG100913,WW 217,Meeting,35,FAC5010,ECE,15:00,16:00,2026-05-17,Approved,0.88,3,0
BKG100914,ME103,Training,25,FAC5004,IT,12:00,13:00,2026-05-03,Approved,0.62,3,0
BKG100915,EW 212,Training,92,FAC5059,ECE,15:00,18:00,2026-05-27,Approved,0.92,3,0
BKG100916,Basic work shop,Meeting,28,FAC5069,ECE,11:00,14:00,2026-06-05,Approved,0.7,3,1
BKG100917,EW 203,Conference,57,FAC5068,CSE,14:00,15:00,2026-05-26,Approved,0.95,5,0
BKG100918,DRAI Lab,Meeting,35,FAC5100,TEXTILE,11:00,13:00,2026-05-30,Approved,0.88,5,1
BKG100919,WW 213,Placement,51,FAC5113,AIML,11:00,12:00,2026-07-01,Approved,0.85,3,1
BKG100920,WW 227,Conference,99,FAC5132,CSE,14:00,17:00,2026-07-08,Approved,0.99,3,0
BKG100921,WW 114,Conference,50,FAC5066,TEXTILE,15:00,17:00,2026-05-16,Approved,0.83,5,0
BKG100922,Computer Lab (26),Meeting,56,FAC5127,ECE,11:00,14:00,2026-07-01,Approved,0.81,5,1
BKG100923,ME102,Placement,70,FAC5109,AIML,10:00,11:00,2026-06-22,Approved,0.78,3,1
BKG100924,SF 203,Class,79,FAC5123,TEXTILE,09:00,11:00,2026-05-12,Approved,0.99,5,1
BKG100925,ME202,Class,89,FAC5056,AIML,12:00,15:00,2026-06-04,Approved,0.99,4,0
BKG100926,Mech library,Conference,38,FAC5029,CSE,11:00,13:00,2026-05-22,Approved,0.95,3,1
BKG100927,Mech Smart class,Workshop,24,FAC5108,AIML,09:00,12:00,2026-05-25,Approved,0.75,3,1
BKG100928,COMPUTER LAB - 12,Training,41,FAC5009,AIML,09:00,12:00,2026-07-16,Approved,0.69,3,1
BKG100929,EW 115,Conference,58,FAC5059,MECH,10:00,11:00,2026-05-09,Approved,0.97,4,1
BKG100930,Mechatronics - Sensor and Instrumentation Laboratory,Workshop,16,FAC5041,CSE,09:00,12:00,2026-05-03,Approved,0.44,3,1
BKG100931,MH306,Class,45,FAC5077,CSE,09:00,12:00,2026-05-09,Approved,0.9,3,1
BKG100932,ME101,Conference,81,FAC5101,IT,11:00,13:00,2026-06-19,Approved,0.9,5,1
BKG100933,SF B02,Meeting,71,FAC5078,MECH,09:00,12:00,2026-06-16,Approved,0.89,3,1
BKG100934,WW 007,Conference,58,FAC5019,CSE,15:00,18:00,2026-07-06,Approved,0.97,5,0
BKG100935,ME102,Meeting,82,FAC5133,CSE,09:00,10:00,2026-06-21,Approved,0.91,4,1
BKG100936,EW 214,Placement,50,FAC5066,IT,15:00,16:00,2026-05-19,Approved,0.83,3,0
BKG100937,EW 118,Conference,54,FAC5015,ECE,14:00,15:00,2026-05-04,Approved,0.9,5,0
BKG100938,EW 214,Workshop,44,FAC5074,TEXTILE,09:00,10:00,2026-06-23,Approved,0.73,5,1
BKG100939,ME202,Class,79,FAC5071,AIDS,14:00,15:00,2026-05-29,Approved,0.88,5,0
BKG100940,WW 227,Meeting,100,FAC5030,CSE,15:00,17:00,2026-05-22,Approved,1.0,5,0
BKG100941,SF 202,Workshop,73,FAC5103,CSE,15:00,16:00,2026-07-17,Approved,0.91,4,0
BKG100942,ELCC smart class,Lab,40,FAC5129,CIVIL,12:00,15:00,2026-06-14,Approved,1.0,5,0
BKG100943,EW 105,Seminar,59,FAC5070,EEE,15:00,17:00,2026-07-05,Approved,0.98,4,0
BKG100944,WW 212,Training,93,FAC5018,AIML,15:00,16:00,2026-07-21,Approved,0.93,3,0
BKG100945,Agri Lab,Seminar,30,FAC5108,CIVIL,15:00,17:00,2026-06-17,Approved,0.67,4,0
BKG100946,EW 116,Class,57,FAC5036,EEE,14:00,16:00,2026-05-15,Approved,0.95,4,0
BKG100947,EW 106,Placement,60,FAC5028,TEXTILE,11:00,13:00,2026-07-22,Approved,1.0,3,1
BKG100948,ME101,Placement,82,FAC5076,ECE,11:00,12:00,2026-06-21,Approved,0.91,4,1
BKG100949,ME305,Workshop,86,FAC5002,EEE,12:00,15:00,2026-05-23,Approved,0.96,3,0
BKG100950,WW 008,Meeting,51,FAC5025,ECE,09:00,10:00,2026-05-03,Approved,0.85,4,1
BKG100951,ME304,Class,89,FAC5077,CIVIL,11:00,14:00,2026-05-24,Approved,0.99,3,1
BKG100952,Mechatronics - Computer Center 49,Lab,25,FAC5037,IT,12:00,13:00,2026-06-24,Approved,0.83,5,0
BKG100953,Computer Lab (26),Training,58,FAC5012,AIML,12:00,13:00,2026-05-19,Approved,0.84,5,0
BKG100954,BIOTECH SEMINAR HALL,Workshop,105,FAC5112,AIML,12:00,13:00,2026-05-21,Approved,0.88,3,0
BKG100955,Servo Lab,Seminar,195,FAC5004,CIVIL,10:00,13:00,2026-05-17,Approved,0.96,4,1
BKG100956,EW 103,Conference,47,FAC5033,EEE,11:00,12:00,2026-07-04,Approved,0.78,5,1
BKG100957,ME201,Placement,90,FAC5072,AIML,10:00,12:00,2026-05-26,Approved,1.0,4,1
BKG100958,ME304,Placement,71,FAC5133,AIML,11:00,13:00,2026-05-30,Approved,0.79,4,1
BKG100959,WW 008,Placement,48,FAC5039,ECE,11:00,13:00,2026-05-21,Approved,0.8,3,1
BKG100960,EW 214,Training,53,FAC5116,AIDS,09:00,12:00,2026-05-25,Approved,0.88,4,1
BKG100961,ME204,Class,90,FAC5120,EEE,09:00,11:00,2026-04-28,Approved,1.0,3,1
BKG100962,ME303,Meeting,88,FAC5011,IT,12:00,13:00,2026-05-19,Approved,0.98,4,0
BKG100963,Computer Lab (21),Workshop,49,FAC5123,IT,15:00,16:00,2026-05-20,Approved,0.83,4,0
BKG100964,SF 101,Meeting,74,FAC5027,TEXTILE,10:00,12:00,2026-05-15,Approved,0.92,4,1
BKG100965,EW 108,Placement,54,FAC5082,CIVIL,09:00,10:00,2026-05-31,Approved,0.9,5,1
BKG100966,Computer Lab (26),Workshop,50,FAC5074,IT,10:00,12:00,2026-07-07,Approved,0.72,5,1
BKG100967,WW 214,Placement,40,FAC5131,MECH,11:00,13:00,2026-06-04,Approved,0.67,4,1
BKG100968,ECE SEMINAR HALL,Workshop,160,FAC5088,CSE,14:00,16:00,2026-07-21,Approved,0.89,3,0
BKG100969,EW 102,Placement,40,FAC5110,MECH,11:00,14:00,2026-07-17,Approved,0.67,3,1
BKG100970,WW 005,Conference,36,FAC5039,IT,12:00,13:00,2026-06-03,Approved,0.72,4,0
BKG100971,Smart AGRI,Conference,36,FAC5058,TEXTILE,12:00,15:00,2026-05-12,Approved,0.9,4,0
BKG100972,WW 205,Training,39,FAC5033,ECE,14:00,16:00,2026-05-12,Approved,0.98,3,0
BKG100973,SF B03,Class,63,FAC5090,AIDS,15:00,17:00,2026-05-15,Approved,0.79,5,0
BKG100974,Cyber security Lab,Placement,51,FAC5117,CIVIL,14:00,17:00,2026-07-22,Approved,0.85,5,0
BKG100975,EIE CC Lab,Meeting,51,FAC5046,AIML,15:00,18:00,2026-06-21,Approved,0.86,5,0
BKG100976,BIOTECH SEMINAR HALL,Placement,109,FAC5005,IT,15:00,18:00,2026-06-05,Approved,0.91,3,0
BKG100977,ME206,Class,83,FAC5014,TEXTILE,14:00,16:00,2026-05-16,Approved,0.92,4,0
BKG100978,WW 117,Seminar,55,FAC5072,CSE,14:00,16:00,2026-06-24,Approved,0.92,4,0
BKG100979,WW 217,Training,21,FAC5104,AIDS,10:00,12:00,2026-05-15,Approved,0.52,3,1
BKG100980,Data Structure Lab (Computer  Lab-13),Lab,40,FAC5083,TEXTILE,15:00,17:00,2026-05-15,Approved,0.68,3,0
BKG100981,WW 002,Training,23,FAC5091,CIVIL,15:00,18:00,2026-07-20,Approved,0.57,4,0
BKG100982,ME304,Conference,78,FAC5055,CSE,11:00,12:00,2026-05-19,Approved,0.87,3,1
BKG100983,Cyber security Lab,Training,48,FAC5065,AIDS,14:00,15:00,2026-07-08,Approved,0.8,3,0
BKG100984,WW 223,Meeting,95,FAC5009,TEXTILE,15:00,17:00,2026-06-09,Approved,0.95,3,0
BKG100985,WW 226,Placement,81,FAC5023,CSE,15:00,16:00,2026-06-11,Approved,0.81,5,0
BKG100986,EW 201,Workshop,60,FAC5048,EEE,09:00,11:00,2026-07-06,Approved,1.0,4,1
BKG100987,EW 111,Workshop,46,FAC5024,CIVIL,15:00,18:00,2026-07-20,Approved,0.77,4,0
BKG100988,EW 104,Lab,59,FAC5076,AIML,10:00,12:00,2026-06-20,Approved,0.98,4,1
BKG100989,COMPUTER LAB - 9,Class,43,FAC5080,TEXTILE,15:00,18:00,2026-06-27,Approved,0.73,4,0
BKG100990,WW 219,Workshop,59,FAC5057,IT,12:00,13:00,2026-05-22,Approved,0.98,3,0
BKG100991,Mechatronics - Sensor and Instrumentation Laboratory,Class,30,FAC5036,ECE,14:00,16:00,2026-06-24,Approved,0.83,3,0
BKG100992,EW 209,Conference,50,FAC5030,CIVIL,15:00,16:00,2026-05-24,Approved,0.83,5,0
BKG100993,Computer Lab  (19) - Harita Lab,Lab,28,FAC5133,ECE,10:00,11:00,2026-06-22,Approved,0.72,5,1
BKG100994,Advanced embedded system laboratary,Training,54,FAC5110,MECH,09:00,10:00,2026-06-01,Approved,0.75,4,1
BKG100995,Programming Lab(COMPUTER LAB 6),Lab,59,FAC5099,CIVIL,09:00,12:00,2026-05-16,Approved,1.0,5,1
BKG100996,EW 218,Workshop,90,FAC5058,CSE,15:00,18:00,2026-06-16,Approved,0.9,5,0
BKG100997,Internet Center,Meeting,86,FAC5005,AIDS,15:00,16:00,2026-07-20,Approved,0.86,5,0
BKG100998,WW 217,Class,28,FAC5083,MECH,15:00,16:00,2026-05-06,Approved,0.7,5,0
BKG100999,EEE CC LAB,Training,125,FAC5007,AIML,11:00,13:00,2026-06-08,Approved,0.96,4,1
BKG101000,Computer Lab  (24) - CAD Lab,Lab,79,FAC5071,EEE,14:00,17:00,2026-06-22,Approved,1.0,5,0
BKG101001,COMPUTER LAB - 11,Conference,49,FAC5016,TEXTILE,12:00,13:00,2026-06-25,Approved,0.83,3,0
BKG101002,ME301,Seminar,71,FAC5071,CIVIL,12:00,14:00,2026-05-16,Approved,0.79,4,0
BKG101003,WW 227,Meeting,93,FAC5048,AIDS,10:00,12:00,2026-05-19,Approved,0.93,4,1
BKG101004,COMPUTER LAB - 8,Lab,47,FAC5117,AIDS,11:00,14:00,2026-07-22,Approved,0.8,3,1
BKG101005,ME202,Workshop,73,FAC5069,AIDS,10:00,13:00,2026-06-27,Approved,0.81,4,1
BKG101006,SUN FLOWER BLOCK - SEMINAR HALL I,Class,291,FAC5132,AIDS,10:00,13:00,2026-07-15,Approved,0.96,5,1
BKG101007,Mechatronics - Computer Center 49,Lab,20,FAC5032,IT,12:00,14:00,2026-04-29,Approved,0.67,4,0
BKG101008,EW 217,Seminar,21,FAC5037,ECE,11:00,13:00,2026-06-28,Approved,0.52,3,1
BKG101009,ME107,Class,89,FAC5043,TEXTILE,09:00,11:00,2026-07-06,Approved,0.99,4,1
BKG101010,EW 203,Conference,60,FAC5019,ECE,12:00,15:00,2026-05-15,Approved,1.0,3,0
BKG101011,ELCC smart class,Training,39,FAC5108,CSE,09:00,12:00,2026-05-17,Approved,0.98,5,1
BKG101012,WW 006,Conference,52,FAC5086,TEXTILE,15:00,17:00,2026-05-09,Approved,0.87,4,0
BKG101013,EW 113,Workshop,51,FAC5099,AIML,14:00,16:00,2026-04-29,Approved,0.85,4,0
BKG101014,EW 105,Class,50,FAC5082,ECE,15:00,17:00,2026-06-03,Approved,0.83,4,0
BKG101015,WW 005,Placement,30,FAC5013,MECH,10:00,12:00,2026-06-21,Approved,0.6,3,1
BKG101016,EW 113,Class,41,FAC5041,MECH,10:00,13:00,2026-05-14,Approved,0.68,4,1
BKG101017,WW 226,Seminar,96,FAC5037,ECE,10:00,12:00,2026-06-04,Approved,0.96,3,1
BKG101018,Mech Drawing Hall,Conference,145,FAC5048,ECE,15:00,16:00,2026-07-17,Approved,0.97,5,0
BKG101019,Computer Lab  (19) - Harita Lab,Placement,33,FAC5049,AIDS,10:00,11:00,2026-07-22,Approved,0.85,5,1
BKG101020,Cloud Computing(COMPUTER LAB 4),Meeting,57,FAC5042,AIDS,09:00,10:00,2026-05-19,Approved,0.97,5,1
BKG101021,WW 006,Conference,47,FAC5050,ECE,15:00,18:00,2026-05-30,Approved,0.78,3,0
BKG101022,EIE SEMINAR HALL,Class,147,FAC5106,MECH,09:00,12:00,2026-07-02,Approved,0.92,4,1
BKG101023,ELCC smart class,Seminar,23,FAC5027,AIML,09:00,11:00,2026-05-21,Approved,0.57,4,1
BKG101024,EW 107,Class,44,FAC5088,AIDS,14:00,16:00,2026-05-21,Approved,0.73,5,0
BKG101025,SF 001,Seminar,71,FAC5039,CIVIL,11:00,13:00,2026-05-18,Approved,0.89,5,1
BKG101026,EW 216,Meeting,32,FAC5036,IT,10:00,11:00,2026-05-27,Approved,0.8,5,1
BKG101027,WW 225,Lab,83,FAC5122,ECE,09:00,12:00,2026-05-30,Approved,0.83,3,1
BKG101028,COMPUTER LAB - 8,Lab,54,FAC5023,IT,12:00,13:00,2026-06-07,Approved,0.92,5,0
BKG101029,EIE smart class,Placement,47,FAC5017,AIDS,10:00,11:00,2026-06-01,Approved,0.94,3,1
BKG101030,Computer Lab  (19) - Harita Lab,Placement,35,FAC5022,TEXTILE,14:00,15:00,2026-06-20,Approved,0.9,3,0
BKG101031,EW 210,Meeting,31,FAC5043,TEXTILE,11:00,12:00,2026-05-12,Approved,0.78,5,1
BKG101032,BAS Lab(Computer Lab 1),Conference,36,FAC5115,AIML,10:00,12:00,2026-07-01,Approved,0.9,3,1
BKG101033,Mech library,Conference,27,FAC5025,IT,14:00,17:00,2026-07-06,Approved,0.68,5,0
BKG101034,Cyber security Lab,Workshop,52,FAC5110,IT,11:00,14:00,2026-07-11,Approved,0.87,4,1
BKG101035,WW 003,Workshop,30,FAC5094,CSE,10:00,12:00,2026-06-05,Approved,0.75,4,1
BKG101036,AERO SEMINAR HALL,Class,69,FAC5020,ECE,11:00,13:00,2026-07-08,Approved,0.96,5,1
BKG101037,EW 101,Class,40,FAC5081,EEE,11:00,13:00,2026-06-17,Approved,0.67,3,1
BKG101038,SF 102,Meeting,67,FAC5130,CSE,11:00,13:00,2026-06-04,Approved,0.84,5,1
BKG101039,Servo Lab,Workshop,200,FAC5098,AIML,14:00,15:00,2026-06-06,Approved,0.98,5,0
BKG101040,WW 007,Workshop,42,FAC5038,CSE,09:00,10:00,2026-05-22,Approved,0.7,5,1
BKG101041,Power electronics laboratary,Training,67,FAC5109,AIML,12:00,13:00,2026-06-05,Approved,0.93,5,0
BKG101042,SF 102,Conference,79,FAC5041,ECE,11:00,12:00,2026-06-01,Approved,0.99,5,1
BKG101043,WW 221,Meeting,26,FAC5008,EEE,11:00,12:00,2026-06-07,Approved,0.65,4,1
BKG101044,WW 205,Meeting,30,FAC5030,IT,15:00,17:00,2026-07-13,Approved,0.75,5,0
BKG101045,EW 203,Workshop,45,FAC5079,CSE,10:00,12:00,2026-05-18,Approved,0.75,4,1
BKG101046,COMPUTER LAB - 8,Lab,40,FAC5022,ECE,14:00,16:00,2026-07-08,Approved,0.68,4,0
BKG101047,WW 212,Workshop,88,FAC5092,CSE,09:00,12:00,2026-05-13,Approved,0.88,3,1
BKG101048,EW 115,Workshop,40,FAC5004,AIDS,12:00,15:00,2026-07-14,Approved,0.67,4,0
BKG101049,EW 203,Placement,57,FAC5036,AIDS,12:00,15:00,2026-07-06,Approved,0.95,4,0
BKG101050,COMPUTER LAB - 8,Seminar,45,FAC5014,AIDS,10:00,13:00,2026-06-26,Approved,0.76,4,1
BKG101051,Godrej lab,Meeting,36,FAC5121,TEXTILE,11:00,13:00,2026-07-16,Approved,0.64,4,1
BKG101052,ME101,Conference,89,FAC5112,ECE,14:00,16:00,2026-05-28,Approved,0.99,3,0
BKG101053,ME201,Placement,81,FAC5133,CIVIL,15:00,16:00,2026-07-18,Approved,0.9,3,0
BKG101054,EEE smart class,Seminar,67,FAC5072,AIDS,09:00,10:00,2026-05-21,Approved,0.96,4,1
BKG101055,Computer Lab (26),Class,65,FAC5089,ECE,09:00,11:00,2026-06-18,Approved,0.94,4,1
BKG101056,Programming Lab(COMPUTER LAB 6),Meeting,54,FAC5105,AIML,10:00,12:00,2026-07-01,Approved,0.92,3,1
BKG101057,WW 008,Workshop,52,FAC5035,AIML,11:00,13:00,2026-05-14,Approved,0.87,4,1
BKG101058,EW 116,Class,49,FAC5067,AIDS,10:00,12:00,2026-05-12,Approved,0.82,5,1
BKG101059,WW 220,Class,38,FAC5105,CSE,11:00,12:00,2026-06-11,Approved,0.95,5,1
BKG101060,WW 106,Training,31,FAC5083,IT,12:00,15:00,2026-05-03,Approved,0.62,3,0
BKG101061,Artificial Intelligence Lab(COMPUTER LAB 2),Seminar,59,FAC5135,TEXTILE,15:00,17:00,2026-07-18,Approved,0.83,5,0
BKG101062,WW 114,Conference,40,FAC5016,CIVIL,09:00,12:00,2026-05-07,Approved,0.67,4,1
BKG101063,EW 114,Training,50,FAC5129,ECE,12:00,13:00,2026-04-28,Approved,0.83,4,0
BKG101064,ME205,Placement,77,FAC5055,TEXTILE,09:00,12:00,2026-06-23,Approved,0.86,5,1
BKG101065,Analog Communication Lab,Seminar,20,FAC5072,MECH,14:00,15:00,2026-07-17,Approved,0.56,5,0
BKG101066,SF 103,Seminar,71,FAC5027,MECH,11:00,14:00,2026-05-15,Approved,0.89,5,1
BKG101067,SF 103,Workshop,80,FAC5124,ECE,09:00,11:00,2026-06-29,Approved,1.0,3,1
BKG101068,Smart AGRI,Conference,26,FAC5098,AIML,15:00,16:00,2026-05-27,Approved,0.65,5,0
BKG101069,IECC SEMINAR HALL,Placement,157,FAC5010,TEXTILE,12:00,13:00,2026-06-30,Approved,0.98,3,0
BKG101070,WW 218,Seminar,48,FAC5129,AIML,15:00,17:00,2026-06-15,Approved,0.8,4,0
BKG101071,WW 226,Seminar,92,FAC5108,IT,12:00,13:00,2026-06-13,Approved,0.92,5,0
BKG101072,Class Room 2,Lab,52,FAC5056,CIVIL,10:00,12:00,2026-05-15,Approved,0.87,4,1
BKG101073,Computer Lab (26),Meeting,66,FAC5089,AIML,10:00,13:00,2026-06-08,Approved,0.96,4,1
BKG101074,EW 205,Conference,26,FAC5122,EEE,14:00,15:00,2026-06-29,Approved,0.65,4,0
BKG101075,EW 101,Workshop,50,FAC5098,TEXTILE,14:00,15:00,2026-07-22,Approved,0.83,5,0
BKG101076,SF 203,Conference,71,FAC5049,ECE,09:00,12:00,2026-07-15,Approved,0.89,5,1
BKG101077,ME102,Training,70,FAC5018,CIVIL,11:00,14:00,2026-05-16,Approved,0.78,5,1
BKG101078,PSKILL Lab 3,Meeting,66,FAC5098,CSE,15:00,16:00,2026-07-21,Approved,1.0,4,0
BKG101079,Database management system(computer lab 5),Placement,57,FAC5035,ECE,12:00,14:00,2026-05-01,Approved,0.97,5,0
BKG101080,Mechatronics - Computer Center 49,Meeting,14,FAC5111,CIVIL,10:00,11:00,2026-05-12,Approved,0.47,5,1
BKG101081,Computer lab - (18),Lab,80,FAC5096,ECE,12:00,13:00,2026-07-18,Approved,0.9,5,0
BKG101082,EW 207,Placement,52,FAC5072,MECH,10:00,12:00,2026-07-02,Approved,0.87,5,1
BKG101083,Agri Lab,Placement,25,FAC5057,IT,09:00,10:00,2026-07-08,Approved,0.56,4,1
BKG101084,PSKILL Lab 3,Meeting,56,FAC5115,TEXTILE,15:00,16:00,2026-06-24,Approved,0.85,5,0
BKG101085,ME201,Workshop,71,FAC5085,CSE,11:00,12:00,2026-05-15,Approved,0.79,3,1
BKG101086,SUN FLOWER BLOCK - SEMINAR HALL II,Training,176,FAC5029,EEE,11:00,14:00,2026-04-28,Approved,0.98,4,1
BKG101087,ME302,Seminar,81,FAC5037,AIDS,10:00,13:00,2026-05-21,Approved,0.9,5,1
BKG101088,Agri Lab,Placement,26,FAC5130,CIVIL,09:00,10:00,2026-05-15,Approved,0.58,4,1
BKG101089,COMPUTER LAB - 10,Training,46,FAC5101,ECE,10:00,12:00,2026-07-14,Approved,0.78,4,1
BKG101090,Smart AGRI,Conference,30,FAC5015,IT,15:00,17:00,2026-07-14,Approved,0.75,4,0
BKG101091,ME305,Placement,74,FAC5005,MECH,15:00,17:00,2026-05-23,Approved,0.82,3,0
BKG101092,COMPUTER LAB - 12,Lab,45,FAC5075,CSE,11:00,12:00,2026-05-15,Approved,0.76,3,1
BKG101093,Computer Lab (21),Workshop,55,FAC5080,AIML,14:00,15:00,2026-05-10,Approved,0.93,4,0
BKG101094,COMPUTER LAB - 12,Conference,43,FAC5050,TEXTILE,10:00,12:00,2026-05-27,Approved,0.73,4,1
BKG101095,WW 211,Seminar,57,FAC5080,AIDS,09:00,11:00,2026-05-06,Approved,0.95,4,1
BKG101096,EW 115,Training,46,FAC5113,AIDS,09:00,12:00,2026-06-03,Approved,0.77,4,1
BKG101097,ME302,Training,72,FAC5124,ECE,11:00,13:00,2026-07-22,Approved,0.8,3,1
BKG101098,ME202,Meeting,86,FAC5128,ECE,14:00,15:00,2026-06-02,Approved,0.96,5,0
BKG101099,WW 216,Placement,40,FAC5073,AIML,14:00,15:00,2026-06-08,Approved,1.0,3,0
BKG101100,Internet Center,Lab,80,FAC5119,ECE,12:00,13:00,2026-07-07,Approved,0.8,3,0
BKG101101,WW 114,Placement,41,FAC5069,CSE,14:00,15:00,2026-05-29,Approved,0.68,3,0
BKG101102,WW 221,Seminar,32,FAC5041,AIDS,15:00,16:00,2026-05-06,Approved,0.8,4,0
BKG101103,WW 219,Workshop,48,FAC5020,AIDS,12:00,14:00,2026-06-19,Approved,0.8,4,0
BKG101104,Computer lab - (18),Conference,75,FAC5073,EEE,15:00,16:00,2026-05-14,Approved,0.84,5,0
BKG101105,Data Science Lab,Class,89,FAC5093,EEE,11:00,13:00,2026-06-14,Approved,0.99,5,1
BKG101106,Artificial Intelligence Lab(COMPUTER LAB 2),Conference,65,FAC5023,CIVIL,14:00,15:00,2026-06-13,Approved,0.92,3,0
BKG101107,EW 214,Placement,44,FAC5033,EEE,11:00,13:00,2026-05-11,Approved,0.73,3,1
BKG101108,Signal Processing Lab,Meeting,27,FAC5028,AIML,12:00,14:00,2026-06-04,Approved,0.68,5,0
BKG101109,EW 111,Training,58,FAC5109,CSE,10:00,13:00,2026-06-18,Approved,0.97,3,1
BKG101110,ME202,Placement,89,FAC5016,CSE,12:00,14:00,2026-07-02,Approved,0.99,3,0
BKG101111,PSKILL Lab 2,Training,63,FAC5038,TEXTILE,14:00,17:00,2026-06-12,Approved,0.95,3,0
BKG101112,EW 217,Placement,39,FAC5075,MECH,14:00,15:00,2026-06-21,Approved,0.98,5,0
BKG101113,WW 110,Class,35,FAC5098,IT,12:00,15:00,2026-05-21,Approved,0.7,3,0
BKG101114,Analog Communication Lab,Training,33,FAC5068,EEE,12:00,14:00,2026-07-03,Approved,0.92,4,0
BKG101115,ECE SEMINAR HALL,Training,179,FAC5011,MECH,11:00,14:00,2026-07-21,Approved,0.99,5,1
BKG101116,WW 214,Lab,48,FAC5078,AIDS,09:00,11:00,2026-07-21,Approved,0.8,5,1
BKG101117,EIE SEMINAR HALL,Training,157,FAC5011,EEE,12:00,15:00,2026-05-09,Approved,0.98,5,0
BKG101118,COMPUTER LAB - 11,Meeting,42,FAC5005,CSE,10:00,11:00,2026-06-06,Approved,0.71,4,1
BKG101119,Mechatronics - Computer Center 49,Lab,10,FAC5122,EEE,11:00,14:00,2026-05-22,Approved,0.33,3,1
BKG101120,EW 117,Placement,60,FAC5083,IT,11:00,14:00,2026-06-22,Approved,1.0,4,1
BKG101121,Cyber security Lab,Workshop,48,FAC5080,AIDS,09:00,10:00,2026-06-29,Approved,0.8,5,1
BKG101122,COMPUTER LAB - 9,Workshop,51,FAC5029,EEE,11:00,13:00,2026-06-01,Approved,0.86,4,1
BKG101123,Programming Lab(COMPUTER LAB 6),Lab,46,FAC5073,EEE,15:00,16:00,2026-05-07,Approved,0.78,4,0
BKG101124,ME107,Training,85,FAC5049,CIVIL,12:00,15:00,2026-06-17,Approved,0.94,4,0
BKG101125,WW 224,Workshop,97,FAC5046,MECH,11:00,12:00,2026-05-14,Approved,0.97,4,1
BKG101126,EW 103,Training,56,FAC5090,IT,14:00,17:00,2026-07-11,Approved,0.93,4,0
BKG101127,Database management system(computer lab 5),Conference,40,FAC5102,CIVIL,11:00,14:00,2026-07-22,Approved,0.68,4,1
BKG101128,WW 004,Seminar,22,FAC5105,MECH,11:00,12:00,2026-06-05,Approved,0.55,5,1
BKG101129,Computer Lab  (24) - CAD Lab,Seminar,68,FAC5018,EEE,11:00,13:00,2026-07-11,Approved,0.86,3,1
BKG101130,EW 116,Seminar,43,FAC5027,EEE,11:00,13:00,2026-05-11,Approved,0.72,5,1
BKG101131,EW 209,Conference,56,FAC5126,MECH,11:00,12:00,2026-07-08,Approved,0.93,3,1
BKG101132,EIE CC Lab,Workshop,47,FAC5085,CSE,12:00,13:00,2026-06-24,Approved,0.8,4,0
BKG101133,WW 114,Placement,41,FAC5054,TEXTILE,10:00,11:00,2026-05-21,Approved,0.68,5,1
BKG101134,Mechatronics - Computer Center 49,Seminar,20,FAC5082,EEE,15:00,16:00,2026-06-04,Approved,0.67,4,0
BKG101135,EW 209,Seminar,60,FAC5131,TEXTILE,09:00,11:00,2026-07-18,Approved,1.0,4,1
BKG101136,WW 221,Meeting,36,FAC5054,TEXTILE,15:00,18:00,2026-06-24,Approved,0.9,3,0
BKG101137,EW 201,Seminar,46,FAC5115,ECE,10:00,13:00,2026-06-23,Approved,0.77,5,1
BKG101138,WW 214,Class,53,FAC5016,CSE,15:00,16:00,2026-06-24,Approved,0.88,4,0
BKG101139,AERO SEMINAR HALL,Workshop,58,FAC5015,EEE,11:00,14:00,2026-05-20,Approved,0.81,3,1
BKG101140,BAS Lab(Computer Lab 1),Lab,22,FAC5099,EEE,11:00,13:00,2026-06-13,Approved,0.55,4,1
BKG101141,WW 218,Workshop,60,FAC5006,AIML,14:00,15:00,2026-05-26,Approved,1.0,5,0
BKG101142,EW 208,Placement,47,FAC5059,CSE,12:00,15:00,2026-05-25,Approved,0.78,3,0
BKG101143,Internet Center,Class,99,FAC5028,TEXTILE,11:00,13:00,2026-05-02,Approved,0.99,3,1
BKG101144,Computer Lab (26),Lab,63,FAC5012,CIVIL,09:00,10:00,2026-07-21,Approved,0.91,4,1
BKG101145,COMPUTER LAB - 8,Meeting,59,FAC5103,ECE,15:00,16:00,2026-06-27,Approved,1.0,5,0
BKG101146,CIVIL CONFERENCE HALL,Seminar,20,FAC5008,ECE,14:00,15:00,2026-07-12,Approved,0.67,4,0
BKG101147,EW 216,Workshop,32,FAC5081,AIDS,14:00,15:00,2026-04-30,Approved,0.8,5,0
BKG101148,TEXTILE SEMINAR HALL,Conference,170,FAC5011,AIML,15:00,18:00,2026-06-01,Approved,0.94,5,0
BKG101149,Computer Lab  (24) - CAD Lab,Conference,75,FAC5104,MECH,10:00,11:00,2026-05-28,Approved,0.95,3,1
BKG101150,WW 011,Class,52,FAC5084,TEXTILE,15:00,18:00,2026-07-13,Approved,0.87,4,0
BKG101151,EW 210,Placement,39,FAC5092,EEE,15:00,17:00,2026-07-18,Approved,0.98,3,0
BKG101152,CIVIL CONFERENCE HALL,Placement,16,FAC5036,TEXTILE,14:00,16:00,2026-07-04,Approved,0.53,4,0
BKG101153,Programming Lab(COMPUTER LAB 6),Lab,48,FAC5027,ECE,12:00,15:00,2026-06-28,Approved,0.81,5,0
BKG101154,Computer lab - (18),Workshop,71,FAC5110,CSE,09:00,10:00,2026-06-16,Approved,0.8,3,1
BKG101155,Strength of materials,Training,42,FAC5054,AIDS,09:00,11:00,2026-05-24,Approved,0.88,5,1
BKG101156,ME204,Seminar,72,FAC5117,AIML,09:00,11:00,2026-06-09,Approved,0.8,5,1
BKG101157,ME108,Meeting,76,FAC5022,TEXTILE,10:00,12:00,2026-06-14,Approved,0.84,5,1
BKG101158,EW 114,Seminar,52,FAC5118,AIDS,11:00,13:00,2026-05-26,Approved,0.87,4,1
BKG101159,EW 215,Conference,60,FAC5123,AIDS,10:00,13:00,2026-07-13,Approved,1.0,5,1
BKG101160,WW 220,Conference,25,FAC5127,ECE,11:00,13:00,2026-07-04,Approved,0.62,5,1
BKG101161,WW 215,Conference,56,FAC5084,IT,09:00,12:00,2026-06-16,Approved,0.93,4,1
BKG101162,Class Room 1,Training,41,FAC5048,AIML,09:00,11:00,2026-06-19,Approved,0.68,5,1
BKG101163,Computer Lab (20),Lab,43,FAC5068,IT,11:00,12:00,2026-06-11,Approved,0.73,4,1
BKG101164,WW 214,Workshop,50,FAC5032,ECE,10:00,12:00,2026-06-13,Approved,0.83,4,1
BKG101165,AI BASED INDUSTRIAL AUTOMATION,Training,23,FAC5058,CIVIL,09:00,11:00,2026-07-03,Approved,0.57,5,1
BKG101166,WW 225,Conference,91,FAC5061,EEE,11:00,12:00,2026-06-04,Approved,0.91,3,1
BKG101167,SF 202,Seminar,69,FAC5096,EEE,14:00,17:00,2026-05-25,Approved,0.86,5,0
BKG101168,Computer Lab (26),Lab,53,FAC5088,CSE,10:00,11:00,2026-06-17,Approved,0.77,3,1
BKG101169,Artificial Intelligence Lab(COMPUTER LAB 2),Lab,69,FAC5060,CSE,15:00,16:00,2026-05-27,Approved,0.97,5,0
BKG101170,WW 227,Seminar,92,FAC5099,CSE,10:00,12:00,2026-07-05,Approved,0.92,4,1
BKG101171,EW 207,Placement,45,FAC5064,CSE,15:00,18:00,2026-05-03,Approved,0.75,5,0
BKG101172,EW 117,Conference,45,FAC5014,EEE,09:00,10:00,2026-06-03,Approved,0.75,5,1
BKG101173,CIVIL CONFERENCE HALL,Placement,24,FAC5042,TEXTILE,12:00,15:00,2026-05-02,Approved,0.8,5,0
BKG101174,ME303,Class,74,FAC5046,MECH,14:00,17:00,2026-07-01,Approved,0.82,5,0
BKG101175,EW 214,Lab,59,FAC5103,ECE,11:00,13:00,2026-07-15,Approved,0.98,3,1
BKG101176,Internet Center,Seminar,90,FAC5110,CSE,12:00,14:00,2026-07-06,Approved,0.9,5,0
BKG101177,WW 006,Training,44,FAC5075,AIML,10:00,13:00,2026-05-03,Approved,0.73,5,1
BKG101178,Smart AGRI,Placement,23,FAC5088,MECH,15:00,17:00,2026-06-18,Approved,0.57,3,0
BKG101179,WW 106,Meeting,49,FAC5012,AIDS,14:00,15:00,2026-06-23,Approved,0.98,4,0
BKG101180,WW 220,Meeting,24,FAC5009,AIDS,10:00,12:00,2026-05-05,Approved,0.6,3,1
BKG101181,EW 218,Class,88,FAC5010,AIML,12:00,15:00,2026-05-07,Approved,0.88,5,0
BKG101182,WW 002,Training,26,FAC5001,MECH,10:00,12:00,2026-05-20,Approved,0.65,4,1
BKG101183,EW 203,Placement,43,FAC5125,AIDS,12:00,15:00,2026-07-03,Approved,0.72,5,0
BKG101184,WW 219,Class,50,FAC5082,EEE,12:00,15:00,2026-06-24,Approved,0.83,5,0
BKG101185,EW 203,Meeting,56,FAC5057,CIVIL,12:00,14:00,2026-05-20,Approved,0.93,3,0
BKG101186,EW 118,Workshop,42,FAC5018,TEXTILE,11:00,14:00,2026-07-20,Approved,0.7,5,1
BKG101187,Analog Communication Lab,Workshop,24,FAC5085,CSE,15:00,16:00,2026-07-11,Approved,0.67,4,0
BKG101188,WW 226,Training,83,FAC5098,AIDS,10:00,13:00,2026-07-01,Approved,0.83,5,1
BKG101189,SF B02,Placement,74,FAC5009,CIVIL,12:00,14:00,2026-06-27,Approved,0.92,4,0
BKG101190,EW 209,Workshop,47,FAC5042,IT,10:00,11:00,2026-04-28,Approved,0.78,4,1
BKG101191,WW 225,Class,88,FAC5050,CSE,14:00,15:00,2026-06-13,Approved,0.88,4,0
BKG101192,EIE SEMINAR HALL,Seminar,160,FAC5100,TEXTILE,15:00,16:00,2026-06-16,Approved,1.0,5,0
BKG101193,ME202,Conference,82,FAC5035,CIVIL,15:00,16:00,2026-05-31,Approved,0.91,5,0
BKG101194,EEE CC LAB,Lab,111,FAC5100,CIVIL,14:00,16:00,2026-06-10,Approved,0.85,3,0
BKG101195,EW 208,Class,43,FAC5112,EEE,10:00,12:00,2026-06-17,Approved,0.72,5,1
BKG101196,Agri Lab,Meeting,40,FAC5033,AIML,09:00,11:00,2026-05-30,Approved,0.89,5,1
BKG101197,Computer Lab  (19) - Harita Lab,Lab,22,FAC5064,MECH,10:00,13:00,2026-05-21,Approved,0.56,5,1
BKG101198,WW 220,Training,35,FAC5078,MECH,15:00,18:00,2026-05-06,Approved,0.88,3,0
BKG101199,PLC Gurugulam,Class,50,FAC5047,CSE,11:00,12:00,2026-05-20,Approved,0.71,5,1
BKG101200,EIE smart class,Placement,41,FAC5054,TEXTILE,15:00,18:00,2026-05-27,Approved,0.82,5,0
BKG101201,IECC SEMINAR HALL,Training,140,FAC5097,TEXTILE,09:00,11:00,2026-05-31,Approved,0.88,5,1
BKG101202,ME101,Lab,84,FAC5038,CIVIL,10:00,12:00,2026-05-23,Approved,0.93,4,1
BKG101203,EW 104,Conference,40,FAC5085,MECH,14:00,16:00,2026-06-01,Approved,0.67,5,0
BKG101204,SF 001,Seminar,76,FAC5085,ECE,14:00,17:00,2026-06-29,Approved,0.95,5,0
BKG101205,WW 006,Training,59,FAC5002,IT,12:00,13:00,2026-05-29,Approved,0.98,3,0
BKG101206,DSP Lab,Class,15,FAC5052,AIML,09:00,11:00,2026-06-02,Approved,0.43,4,1
BKG101207,EW 103,Lab,40,FAC5124,ECE,12:00,14:00,2026-06-14,Approved,0.67,4,0
BKG101208,Mech Smart class,Class,19,FAC5016,AIDS,14:00,15:00,2026-05-14,Approved,0.59,5,0
BKG101209,EW 108,Workshop,44,FAC5096,IT,09:00,12:00,2026-05-30,Approved,0.73,5,1
BKG101210,AERO SEMINAR HALL,Meeting,68,FAC5030,AIML,14:00,17:00,2026-07-01,Approved,0.94,5,0
BKG101211,Computer Lab (20),Lab,45,FAC5132,AIML,15:00,16:00,2026-06-06,Approved,0.76,4,0
BKG101212,EIE smart class,Seminar,42,FAC5024,TEXTILE,14:00,16:00,2026-05-05,Approved,0.84,3,0
BKG101213,WW 205,Class,34,FAC5046,IT,10:00,12:00,2026-06-23,Approved,0.85,4,1
BKG101214,SF 103,Conference,61,FAC5065,CSE,12:00,14:00,2026-06-28,Approved,0.76,3,0
BKG101215,SF 102,Training,80,FAC5051,EEE,15:00,16:00,2026-07-16,Approved,1.0,3,0
BKG101216,EW 116,Class,57,FAC5081,AIML,14:00,16:00,2026-06-09,Approved,0.95,4,0
BKG101217,WW 212,Placement,81,FAC5111,CIVIL,10:00,13:00,2026-06-20,Approved,0.81,5,1
BKG101218,Internet Center,Lab,89,FAC5010,AIDS,11:00,14:00,2026-04-30,Approved,0.89,3,1
BKG101219,Smart AGRI,Placement,35,FAC5005,IT,10:00,11:00,2026-05-04,Approved,0.88,5,1
BKG101220,SF 102,Training,67,FAC5093,AIDS,11:00,14:00,2026-04-30,Approved,0.84,5,1
BKG101221,EW 108,Seminar,52,FAC5023,EEE,10:00,13:00,2026-07-12,Approved,0.87,4,1
BKG101222,ME303,Training,84,FAC5088,TEXTILE,14:00,15:00,2026-06-27,Approved,0.93,5,0
BKG101223,ME205,Conference,88,FAC5035,CSE,15:00,17:00,2026-06-09,Approved,0.98,3,0
BKG101224,EEE CC LAB,Lab,113,FAC5010,EEE,12:00,14:00,2026-05-25,Approved,0.87,5,0
BKG101225,SF B02,Conference,61,FAC5046,ECE,12:00,14:00,2026-05-14,Approved,0.76,3,0
BKG101226,Mech library,Class,26,FAC5002,EEE,12:00,15:00,2026-04-30,Approved,0.65,3,0
BKG101227,WW 216,Class,39,FAC5001,AIML,12:00,15:00,2026-07-09,Approved,0.98,5,0
BKG101228,WW 002,Seminar,25,FAC5090,AIDS,14:00,16:00,2026-05-24,Approved,0.62,3,0
BKG101229,SF B01,Meeting,74,FAC5127,MECH,15:00,18:00,2026-05-19,Approved,0.92,5,0
BKG101230,EW 202,Conference,51,FAC5092,IT,09:00,11:00,2026-05-24,Approved,0.85,5,1
BKG101231,WW 223,Class,89,FAC5080,TEXTILE,12:00,13:00,2026-06-11,Approved,0.89,3,0
BKG101232,HACKATHON LAB,Meeting,69,FAC5040,AIDS,12:00,15:00,2026-05-19,Approved,0.92,3,0
BKG101233,WW 108,Class,41,FAC5054,ECE,09:00,11:00,2026-06-04,Approved,0.82,4,1
BKG101234,EW 118,Conference,50,FAC5031,TEXTILE,15:00,18:00,2026-06-01,Approved,0.83,3,0
BKG101235,Computer Lab (23),Seminar,46,FAC5066,CSE,12:00,13:00,2026-07-01,Approved,0.78,3,0
BKG101236,EIE CC Lab,Workshop,50,FAC5132,MECH,12:00,15:00,2026-07-09,Approved,0.85,4,0
BKG101237,SF 203,Training,71,FAC5083,CSE,10:00,11:00,2026-07-07,Approved,0.89,3,1
BKG101238,Computer Lab  (19) - Harita Lab,Lab,25,FAC5105,EEE,14:00,16:00,2026-06-23,Approved,0.64,5,0
BKG101239,Full Stack lab,Class,68,FAC5028,ECE,11:00,12:00,2026-05-10,Approved,0.8,4,1
BKG101240,WW 012,Placement,49,FAC5131,CIVIL,14:00,15:00,2026-05-05,Approved,0.82,5,0
BKG101241,Data Science Lab,Meeting,81,FAC5046,EEE,11:00,13:00,2026-05-24,Approved,0.9,3,1
BKG101242,ME305,Class,71,FAC5118,EEE,12:00,13:00,2026-05-30,Approved,0.79,3,0
BKG101243,EW 201,Workshop,52,FAC5055,AIML,11:00,13:00,2026-07-19,Approved,0.87,4,1
BKG101244,EW 210,Conference,20,FAC5013,MECH,09:00,12:00,2026-07-20,Approved,0.5,5,1
BKG101245,EW 211,Class,38,FAC5030,ECE,11:00,13:00,2026-05-16,Approved,0.95,5,1
BKG101246,ELCC smart class,Conference,38,FAC5022,AIDS,12:00,13:00,2026-05-21,Approved,0.95,5,0
BKG101247,EW 206,Class,88,FAC5022,TEXTILE,11:00,12:00,2026-07-16,Approved,0.88,4,1
BKG101248,EW 209,Class,54,FAC5016,IT,15:00,18:00,2026-07-18,Approved,0.9,5,0
BKG101249,WW 225,Training,94,FAC5076,MECH,14:00,15:00,2026-06-13,Approved,0.94,3,0
BKG101250,EW 206,Seminar,100,FAC5106,CSE,14:00,16:00,2026-06-28,Approved,1.0,5,0
BKG101251,COMPUTER LAB - 9,Class,53,FAC5023,TEXTILE,11:00,14:00,2026-06-15,Approved,0.9,4,1
BKG101252,EEE smart class,Workshop,51,FAC5096,MECH,11:00,14:00,2026-07-20,Approved,0.73,4,1
BKG101253,EEE SEMINAR HALL,Conference,148,FAC5129,TEXTILE,09:00,11:00,2026-07-10,Approved,0.92,4,1
BKG101254,EEE SEMINAR HALL,Class,147,FAC5034,TEXTILE,09:00,11:00,2026-07-02,Approved,0.92,4,1
BKG101255,ME101,Placement,88,FAC5003,AIDS,10:00,11:00,2026-04-30,Approved,0.98,4,1
BKG101256,ME202,Workshop,86,FAC5049,MECH,09:00,10:00,2026-04-28,Approved,0.96,5,1
BKG101257,WW 226,Class,89,FAC5117,CIVIL,14:00,17:00,2026-05-05,Approved,0.89,3,0
BKG101258,WW 224,Training,80,FAC5112,TEXTILE,14:00,15:00,2026-06-05,Approved,0.8,3,0
BKG101259,WW 211,Conference,47,FAC5054,CSE,12:00,14:00,2026-07-11,Approved,0.78,4,0
BKG101260,Network Lab,Seminar,38,FAC5041,AIDS,10:00,13:00,2026-07-12,Approved,0.72,5,1
BKG101261,EW 218,Seminar,100,FAC5111,CSE,15:00,16:00,2026-05-26,Approved,1.0,4,0
BKG101262,EW 203,Class,51,FAC5082,TEXTILE,15:00,16:00,2026-06-01,Approved,0.85,4,0
BKG101263,EIE SEMINAR HALL,Placement,140,FAC5098,CIVIL,11:00,13:00,2026-07-06,Approved,0.88,3,1
BKG101264,EIE SEMINAR HALL,Workshop,140,FAC5067,CIVIL,12:00,14:00,2026-05-08,Approved,0.88,5,0
BKG101265,EW 116,Placement,54,FAC5065,AIML,09:00,10:00,2026-07-09,Approved,0.9,3,1
BKG101266,ECE SEMINAR HALL,Seminar,161,FAC5031,ECE,12:00,13:00,2026-07-10,Approved,0.89,5,0
BKG101267,Cyber security Lab,Placement,47,FAC5026,CSE,09:00,10:00,2026-06-12,Approved,0.78,3,1
BKG101268,ELCC smart class,Workshop,21,FAC5045,AIML,15:00,16:00,2026-05-18,Approved,0.52,4,0
BKG101269,WW 213,Workshop,54,FAC5091,EEE,11:00,13:00,2026-05-07,Approved,0.9,4,1
BKG101270,TEXTILE SEMINAR HALL,Placement,163,FAC5077,EEE,12:00,15:00,2026-06-18,Approved,0.91,4,0
BKG101271,EW 213,Meeting,55,FAC5065,AIML,14:00,16:00,2026-05-14,Approved,0.92,5,0
BKG101272,WW 108,Class,39,FAC5094,EEE,12:00,13:00,2026-04-28,Approved,0.78,3,0
BKG101273,Computer Lab (23),Meeting,51,FAC5128,EEE,14:00,15:00,2026-05-29,Approved,0.86,5,0
BKG101274,SF 102,Training,71,FAC5065,ECE,10:00,13:00,2026-05-28,Approved,0.89,5,1
BKG101275,ME305,Class,70,FAC5102,EEE,09:00,11:00,2026-07-21,Approved,0.78,4,1
BKG101276,Mechatronics - Computer Center 49,Class,26,FAC5032,CSE,10:00,13:00,2026-05-05,Approved,0.87,5,1
BKG101277,EIE CC Lab,Lab,47,FAC5041,CSE,14:00,17:00,2026-06-28,Approved,0.8,4,0
BKG101278,EW 205,Class,36,FAC5133,MECH,12:00,15:00,2026-05-03,Approved,0.9,5,0
BKG101279,Mechatronics - Sensor and Instrumentation Laboratory,Meeting,27,FAC5134,CIVIL,09:00,10:00,2026-05-02,Approved,0.75,4,1
BKG101280,ME304,Placement,82,FAC5061,EEE,11:00,13:00,2026-07-04,Approved,0.91,3,1
BKG101281,EW 207,Training,54,FAC5032,CSE,15:00,16:00,2026-07-12,Approved,0.9,5,0
BKG101282,Mech Smart class,Placement,18,FAC5083,ECE,15:00,16:00,2026-07-18,Approved,0.56,3,0
BKG101283,Computer Lab (26),Conference,63,FAC5091,CSE,12:00,14:00,2026-07-18,Approved,0.91,5,0
BKG101284,Mech Smart class,Placement,28,FAC5134,TEXTILE,11:00,14:00,2026-05-15,Approved,0.88,5,1
BKG101285,Mechatronics - Computer Center 49,Conference,20,FAC5055,EEE,14:00,16:00,2026-05-26,Approved,0.67,3,0
BKG101286,Artificial Intelligence Lab(COMPUTER LAB 2),Training,69,FAC5065,CIVIL,15:00,18:00,2026-07-22,Approved,0.97,5,0
BKG101287,EW 205,Class,24,FAC5035,EEE,12:00,14:00,2026-06-19,Approved,0.6,5,0
BKG101288,EW 207,Seminar,42,FAC5127,EEE,11:00,13:00,2026-05-14,Approved,0.7,5,1
BKG101289,TEXTILE SEMINAR HALL,Meeting,173,FAC5028,AIDS,11:00,12:00,2026-06-18,Approved,0.96,3,1
BKG101290,Microwave Lab,Meeting,28,FAC5075,TEXTILE,12:00,13:00,2026-06-05,Approved,0.58,5,0
BKG101291,Computer lab - (18),Class,85,FAC5063,ECE,14:00,17:00,2026-07-17,Approved,0.96,4,0
BKG101292,Class Room 2,Workshop,43,FAC5083,AIML,12:00,14:00,2026-06-26,Approved,0.72,4,0
BKG101293,Network Lab,Meeting,39,FAC5001,ECE,12:00,13:00,2026-06-01,Approved,0.74,3,0
BKG101294,WW 006,Seminar,57,FAC5047,MECH,09:00,11:00,2026-05-21,Approved,0.95,5,1
BKG101295,PCB Design Lab,Workshop,28,FAC5102,EEE,15:00,16:00,2026-06-12,Approved,0.7,5,0
BKG101296,PSKILL Lab 2,Training,48,FAC5065,MECH,09:00,11:00,2026-04-29,Approved,0.73,4,1
BKG101297,Database management system(computer lab 5),Class,40,FAC5007,AIML,14:00,17:00,2026-05-27,Approved,0.68,4,0
BKG101298,COMPUTER LAB - 11,Lab,50,FAC5067,TEXTILE,09:00,12:00,2026-07-13,Approved,0.85,4,1
BKG101299,Computer lab - (18),Seminar,86,FAC5093,AIML,10:00,12:00,2026-06-19,Approved,0.97,3,1
BKG101300,Computer Lab  (24) - CAD Lab,Meeting,68,FAC5065,IT,14:00,17:00,2026-06-11,Approved,0.86,3,0
BKG101301,WW 224,Class,94,FAC5050,IT,10:00,12:00,2026-05-24,Approved,0.94,4,1
BKG101302,SF 002,Placement,68,FAC5013,CSE,11:00,14:00,2026-06-24,Approved,0.85,5,1
BKG101303,WW 215,Seminar,46,FAC5080,CIVIL,10:00,12:00,2026-07-20,Approved,0.77,3,1
BKG101304,COMPUTER LAB - 10,Workshop,41,FAC5129,IT,15:00,16:00,2026-05-07,Approved,0.69,4,0
BKG101305,Artificial Intelligence Lab(COMPUTER LAB 2),Lab,70,FAC5064,TEXTILE,14:00,15:00,2026-06-05,Approved,0.99,4,0
BKG101306,SF 103,Placement,63,FAC5050,CSE,09:00,12:00,2026-06-08,Approved,0.79,5,1
BKG101307,ME306,Training,88,FAC5125,AIML,14:00,15:00,2026-06-23,Approved,0.98,4,0
BKG101308,EW 111,Lab,43,FAC5128,ECE,15:00,18:00,2026-06-18,Approved,0.72,3,0
BKG101309,EW 215,Seminar,57,FAC5017,TEXTILE,12:00,15:00,2026-05-23,Approved,0.95,3,0
BKG101310,SF 002,Class,64,FAC5064,IT,11:00,12:00,2026-06-21,Approved,0.8,5,1
BKG101311,AERO SEMINAR HALL,Seminar,57,FAC5019,ECE,09:00,10:00,2026-06-06,Approved,0.79,4,1
BKG101312,Data Mining Lab(COMPUTER LAB 3),Lab,55,FAC5102,AIML,14:00,16:00,2026-04-29,Approved,0.93,5,0
BKG101313,WW 007,Seminar,40,FAC5081,MECH,15:00,18:00,2026-05-31,Approved,0.67,4,0
BKG101314,ME206,Conference,76,FAC5050,EEE,11:00,14:00,2026-06-29,Approved,0.84,4,1
BKG101315,BIOTECH SEMINAR HALL,Workshop,103,FAC5024,AIDS,14:00,17:00,2026-04-30,Approved,0.86,5,0
BKG101316,WW 227,Conference,94,FAC5030,IT,14:00,17:00,2026-06-13,Approved,0.94,5,0
BKG101317,ME103,Training,26,FAC5069,MECH,12:00,14:00,2026-05-13,Approved,0.65,5,0
BKG101318,COMPUTER LAB - 11,Lab,46,FAC5126,AIDS,15:00,18:00,2026-07-05,Approved,0.78,5,0
BKG101319,SF 201,Class,77,FAC5033,EEE,14:00,16:00,2026-07-20,Approved,0.96,3,0
BKG101320,EW 211,Conference,26,FAC5047,TEXTILE,11:00,14:00,2026-05-06,Approved,0.65,3,1
BKG101321,SF B03,Meeting,67,FAC5089,MECH,11:00,14:00,2026-07-07,Approved,0.84,3,1
BKG101322,TEXTILE SEMINAR HALL,Seminar,161,FAC5053,IT,11:00,13:00,2026-06-15,Approved,0.89,5,1
BKG101323,EW 113,Training,51,FAC5024,EEE,11:00,12:00,2026-05-13,Approved,0.85,4,1
BKG101324,ME204,Workshop,71,FAC5030,CIVIL,14:00,15:00,2026-06-27,Approved,0.79,5,0
BKG101325,TEXTILE SEMINAR HALL,Conference,164,FAC5088,CIVIL,12:00,15:00,2026-05-31,Approved,0.91,3,0
BKG101326,ME202,Workshop,82,FAC5060,CIVIL,10:00,11:00,2026-05-17,Approved,0.91,3,1
BKG101327,EW 114,Seminar,45,FAC5065,MECH,14:00,15:00,2026-06-19,Approved,0.75,5,0
BKG101328,EW 113,Seminar,56,FAC5056,EEE,15:00,18:00,2026-06-19,Approved,0.93,4,0
BKG101329,SF B01,Class,71,FAC5061,AIML,14:00,16:00,2026-05-30,Approved,0.89,4,0
BKG101330,Data Mining Lab(COMPUTER LAB 3),Training,52,FAC5110,IT,14:00,16:00,2026-05-14,Approved,0.88,3,0
BKG101331,Computer Lab  (19) - Harita Lab,Placement,26,FAC5094,CSE,12:00,13:00,2026-07-17,Approved,0.67,5,0
BKG101332,WW 011,Seminar,49,FAC5130,CIVIL,15:00,18:00,2026-07-21,Approved,0.82,4,0
BKG101333,WW 217,Conference,38,FAC5114,AIML,12:00,15:00,2026-06-28,Approved,0.95,4,0
BKG101334,Artificial Intelligence Lab(COMPUTER LAB 2),Placement,64,FAC5033,CSE,10:00,12:00,2026-06-02,Approved,0.9,4,1
BKG101335,EW 214,Training,46,FAC5123,TEXTILE,11:00,13:00,2026-07-19,Approved,0.77,3,1
BKG101336,WW 114,Placement,48,FAC5070,CIVIL,15:00,17:00,2026-07-13,Approved,0.8,3,0
BKG101337,WW 226,Placement,93,FAC5003,EEE,10:00,11:00,2026-06-10,Approved,0.93,3,1
BKG101338,ME206,Lab,71,FAC5013,EEE,10:00,11:00,2026-07-13,Approved,0.79,4,1
BKG101339,ME304,Workshop,76,FAC5076,ECE,12:00,13:00,2026-06-09,Approved,0.84,3,0
BKG101340,Internet Center,Placement,86,FAC5028,AIML,14:00,17:00,2026-05-01,Approved,0.86,4,0
BKG101341,EW 113,Class,52,FAC5010,CIVIL,09:00,12:00,2026-05-20,Approved,0.87,3,1
BKG101342,Internet Center,Lab,95,FAC5133,ECE,10:00,11:00,2026-05-24,Approved,0.95,3,1
BKG101343,ME202,Workshop,71,FAC5067,CIVIL,15:00,18:00,2026-05-27,Approved,0.79,3,0
BKG101344,Computer Lab (23),Workshop,50,FAC5101,ECE,14:00,16:00,2026-07-02,Approved,0.85,5,0
BKG101345,ME303,Workshop,70,FAC5120,CIVIL,15:00,16:00,2026-06-08,Approved,0.78,4,0
BKG101346,SF 102,Conference,79,FAC5135,ECE,14:00,15:00,2026-07-10,Approved,0.99,3,0
BKG101347,EW 206,Placement,94,FAC5119,MECH,10:00,12:00,2026-06-15,Approved,0.94,5,1
BKG101348,EW 214,Conference,47,FAC5002,AIML,12:00,15:00,2026-04-29,Approved,0.78,3,0
BKG101349,EEE CC LAB,Class,115,FAC5106,CSE,10:00,13:00,2026-05-28,Approved,0.88,3,1
BKG101350,Physics Lab 1,Workshop,139,FAC5112,CIVIL,15:00,16:00,2026-05-31,Approved,0.93,4,0
BKG101351,EW 202,Lab,47,FAC5046,EEE,14:00,17:00,2026-07-18,Approved,0.78,3,0
BKG101352,Computer Lab  (24) - CAD Lab,Workshop,71,FAC5032,EEE,09:00,12:00,2026-06-30,Approved,0.9,3,1
BKG101353,EW 203,Lab,42,FAC5075,AIML,12:00,13:00,2026-06-16,Approved,0.7,4,0
BKG101354,Mechatronics - Sensor and Instrumentation Laboratory,Seminar,28,FAC5059,AIML,10:00,13:00,2026-05-08,Approved,0.78,5,1
BKG101355,WW 219,Seminar,57,FAC5039,CSE,09:00,10:00,2026-07-10,Approved,0.95,4,1
BKG101356,Database management system(computer lab 5),Meeting,48,FAC5066,CIVIL,12:00,13:00,2026-07-07,Approved,0.81,3,0
BKG101357,WW 219,Workshop,50,FAC5109,AIDS,15:00,17:00,2026-05-31,Approved,0.83,4,0
BKG101358,Agri Lab,Placement,44,FAC5118,ECE,12:00,15:00,2026-07-03,Approved,0.98,3,0
BKG101359,WW 008,Seminar,57,FAC5045,TEXTILE,10:00,12:00,2026-05-29,Approved,0.95,4,1
BKG101360,Godrej lab,Training,36,FAC5042,AIML,11:00,12:00,2026-06-17,Approved,0.64,5,1
BKG101361,Cloud Computing(COMPUTER LAB 4),Seminar,46,FAC5099,AIDS,15:00,17:00,2026-06-15,Approved,0.78,5,0
BKG101362,Computer Lab  (19) - Harita Lab,Seminar,20,FAC5107,CIVIL,09:00,10:00,2026-06-29,Approved,0.51,4,1
BKG101363,EIE CC Lab,Conference,58,FAC5068,IT,12:00,13:00,2026-06-15,Approved,0.98,5,0
BKG101364,MH305,Meeting,37,FAC5070,ECE,09:00,12:00,2026-05-12,Approved,0.74,3,1
BKG101365,COMPUTER LAB - 11,Placement,45,FAC5057,CSE,11:00,13:00,2026-04-29,Approved,0.76,4,1
BKG101366,WW 220,Workshop,33,FAC5119,CIVIL,09:00,10:00,2026-07-17,Approved,0.82,4,1
BKG101367,EW 102,Placement,58,FAC5118,EEE,14:00,17:00,2026-05-24,Approved,0.97,4,0
BKG101368,ECE SEMINAR HALL,Workshop,173,FAC5055,CSE,10:00,13:00,2026-06-12,Approved,0.96,4,1
BKG101369,ME305,Class,79,FAC5124,ECE,14:00,16:00,2026-07-04,Approved,0.88,3,0
BKG101370,WW 218,Training,40,FAC5038,MECH,10:00,11:00,2026-05-17,Approved,0.67,5,1
BKG101371,WW 118,Workshop,59,FAC5031,EEE,15:00,18:00,2026-06-19,Approved,0.98,5,0
BKG101372,EW 107,Training,40,FAC5071,TEXTILE,15:00,16:00,2026-07-16,Approved,0.67,4,0
BKG101373,WW 006,Meeting,44,FAC5082,IT,11:00,12:00,2026-04-29,Approved,0.73,5,1
BKG101374,EEE CC LAB,Seminar,130,FAC5008,IT,11:00,12:00,2026-05-30,Approved,1.0,5,1
BKG101375,Data Mining Lab(COMPUTER LAB 3),Lab,48,FAC5060,IT,12:00,13:00,2026-07-19,Approved,0.81,4,0
BKG101376,IECC SEMINAR HALL,Placement,149,FAC5064,CSE,15:00,17:00,2026-05-14,Approved,0.93,5,0
BKG101377,WW 223,Placement,96,FAC5101,TEXTILE,09:00,12:00,2026-07-09,Approved,0.96,3,1
BKG101378,EW 216,Meeting,40,FAC5038,AIDS,12:00,13:00,2026-07-10,Approved,1.0,5,0
BKG101379,ME206,Lab,75,FAC5095,ECE,15:00,16:00,2026-07-14,Approved,0.83,3,0
BKG101380,EW 208,Workshop,43,FAC5087,AIML,11:00,12:00,2026-05-14,Approved,0.72,3,1
BKG101381,TEXTILE SEMINAR HALL,Placement,164,FAC5128,MECH,12:00,13:00,2026-06-11,Approved,0.91,5,0
BKG101382,ECE SEMINAR HALL,Workshop,168,FAC5126,AIML,09:00,10:00,2026-06-14,Approved,0.93,3,1
BKG101383,EW 113,Meeting,42,FAC5051,MECH,10:00,13:00,2026-07-06,Approved,0.7,5,1
BKG101384,EW 115,Workshop,47,FAC5110,AIDS,14:00,17:00,2026-06-18,Approved,0.78,3,0
BKG101385,Mech Drawing Hall,Workshop,148,FAC5090,ECE,14:00,15:00,2026-06-03,Approved,0.99,4,0
BKG101386,EW 116,Conference,51,FAC5079,CIVIL,10:00,11:00,2026-05-20,Approved,0.85,4,1
BKG101387,Gurugulam - Embedded Lab,Lab,126,FAC5061,MECH,15:00,18:00,2026-05-14,Approved,0.97,5,0
BKG101388,ME205,Meeting,88,FAC5008,IT,10:00,13:00,2026-06-19,Approved,0.98,5,1
BKG101389,WW 002,Workshop,23,FAC5060,AIDS,15:00,16:00,2026-05-30,Approved,0.57,5,0
BKG101390,WW 227,Seminar,95,FAC5021,IT,14:00,15:00,2026-06-27,Approved,0.95,5,0
BKG101391,WW 117,Meeting,50,FAC5090,CIVIL,14:00,17:00,2026-07-14,Approved,0.83,5,0
BKG101392,SF 201,Workshop,78,FAC5110,EEE,12:00,14:00,2026-06-25,Approved,0.98,5,0
BKG101393,EW 209,Seminar,53,FAC5028,MECH,12:00,15:00,2026-06-17,Approved,0.88,3,0
BKG101394,Computer Lab (25),Workshop,59,FAC5007,EEE,15:00,18:00,2026-06-08,Approved,1.0,3,0
BKG101395,EEE CC LAB,Seminar,110,FAC5054,ECE,12:00,14:00,2026-05-30,Approved,0.85,5,0
BKG101396,CIVIL CONFERENCE HALL,Conference,23,FAC5048,IT,11:00,12:00,2026-06-03,Approved,0.77,5,1
BKG101397,Computer Lab (21),Class,45,FAC5045,MECH,15:00,16:00,2026-05-26,Approved,0.76,4,0
BKG101398,COMPUTER LAB - 9,Lab,48,FAC5015,IT,11:00,14:00,2026-06-05,Approved,0.81,5,1
BKG101399,Network Lab,Conference,37,FAC5078,CSE,14:00,15:00,2026-07-18,Approved,0.7,4,0
BKG101400,SF B03,Conference,65,FAC5024,AIDS,15:00,18:00,2026-07-03,Approved,0.81,3,0
BKG101401,EEE CC LAB,Lab,121,FAC5086,AIML,11:00,12:00,2026-05-14,Approved,0.93,5,1
BKG101402,COMPUTER LAB - 9,Meeting,43,FAC5017,AIDS,11:00,12:00,2026-05-03,Approved,0.73,3,1
BKG101403,ME203,Conference,90,FAC5131,AIML,10:00,12:00,2026-06-01,Approved,1.0,3,1
BKG101404,WW 117,Seminar,42,FAC5063,EEE,15:00,16:00,2026-05-22,Approved,0.7,4,0
BKG101405,EW 211,Lab,24,FAC5072,ECE,11:00,13:00,2026-06-03,Approved,0.6,5,1
BKG101406,EW 201,Workshop,46,FAC5092,TEXTILE,09:00,12:00,2026-06-09,Approved,0.77,5,1
BKG101407,EW 104,Workshop,51,FAC5130,IT,15:00,17:00,2026-05-27,Approved,0.85,4,0
BKG101408,ME202,Seminar,71,FAC5043,ECE,15:00,17:00,2026-06-22,Approved,0.79,3,0
BKG101409,Computer Lab (20),Workshop,40,FAC5124,IT,10:00,11:00,2026-06-24,Approved,0.68,3,1
BKG101410,EW 209,Conference,59,FAC5099,ECE,09:00,10:00,2026-06-18,Approved,0.98,4,1
BKG101411,COMPUTER LAB - 9,Seminar,43,FAC5054,IT,14:00,16:00,2026-05-19,Approved,0.73,3,0
BKG101412,Data Mining Lab(COMPUTER LAB 3),Lab,50,FAC5098,IT,12:00,13:00,2026-06-17,Approved,0.85,5,0
BKG101413,WW 012,Training,60,FAC5101,TEXTILE,15:00,18:00,2026-06-25,Approved,1.0,4,0
BKG101414,PCB Design Lab,Placement,21,FAC5034,AIDS,14:00,17:00,2026-05-07,Approved,0.52,3,0
BKG101415,Programming Lab(COMPUTER LAB 6),Workshop,41,FAC5001,AIML,15:00,18:00,2026-06-03,Approved,0.69,3,0
BKG101416,EW 209,Seminar,57,FAC5122,AIML,10:00,12:00,2026-06-03,Approved,0.95,3,1
BKG101417,EW 202,Placement,53,FAC5096,CSE,10:00,11:00,2026-06-12,Approved,0.88,3,1
BKG101418,Data Mining Lab(COMPUTER LAB 3),Seminar,50,FAC5123,EEE,10:00,13:00,2026-07-11,Approved,0.85,5,1
BKG101419,EW 218,Workshop,98,FAC5039,ECE,12:00,13:00,2026-06-12,Approved,0.98,5,0
BKG101420,BAS Lab(Computer Lab 1),Lab,33,FAC5014,CSE,09:00,10:00,2026-06-22,Approved,0.82,3,1
BKG101421,SF B03,Conference,68,FAC5070,TEXTILE,12:00,15:00,2026-07-14,Approved,0.85,3,0
BKG101422,WW 004,Meeting,39,FAC5043,AIDS,12:00,14:00,2026-05-18,Approved,0.98,5,0
BKG101423,WW 218,Lab,53,FAC5023,ECE,14:00,17:00,2026-06-23,Approved,0.88,4,0
BKG101424,EEE smart class,Lab,64,FAC5022,TEXTILE,12:00,14:00,2026-07-01,Approved,0.91,4,0
BKG101425,EW 210,Conference,25,FAC5102,MECH,14:00,16:00,2026-05-20,Approved,0.62,3,0
BKG101426,EW 217,Placement,24,FAC5102,MECH,11:00,12:00,2026-06-10,Approved,0.6,3,1
BKG101427,WW 227,Meeting,98,FAC5083,MECH,12:00,13:00,2026-05-07,Approved,0.98,4,0
BKG101428,SF B02,Class,61,FAC5047,AIDS,09:00,10:00,2026-06-06,Approved,0.76,5,1
BKG101429,PCB Design Lab,Training,26,FAC5061,CSE,11:00,14:00,2026-06-24,Approved,0.65,4,1
BKG101430,EW 109,Seminar,43,FAC5069,IT,14:00,17:00,2026-05-01,Approved,0.72,3,0
BKG101431,PSKILL Lab 3,Meeting,55,FAC5055,AIML,15:00,17:00,2026-04-28,Approved,0.83,5,0
BKG101432,Artificial Intelligence Lab(COMPUTER LAB 2),Conference,66,FAC5046,MECH,11:00,14:00,2026-06-09,Approved,0.93,5,1
BKG101433,WW 214,Workshop,52,FAC5108,EEE,10:00,12:00,2026-05-15,Approved,0.87,3,1
BKG101434,EW 116,Training,48,FAC5089,AIML,15:00,17:00,2026-06-10,Approved,0.8,3,0
BKG101435,WW 214,Placement,48,FAC5096,AIML,15:00,17:00,2026-05-14,Approved,0.8,4,0
BKG101436,WW 212,Workshop,100,FAC5011,MECH,12:00,14:00,2026-07-19,Approved,1.0,3,0
BKG101437,ME108,Lab,73,FAC5128,TEXTILE,15:00,16:00,2026-06-17,Approved,0.81,5,0
BKG101438,PCB Design Lab,Class,34,FAC5049,CSE,14:00,17:00,2026-06-23,Approved,0.85,5,0
BKG101439,ME304,Seminar,81,FAC5112,TEXTILE,14:00,16:00,2026-06-19,Approved,0.9,3,0
BKG101440,Physics Lab 2,Seminar,91,FAC5035,AIDS,10:00,11:00,2026-05-20,Approved,0.91,5,1
BKG101441,SF 101,Seminar,74,FAC5130,CIVIL,15:00,17:00,2026-05-25,Approved,0.92,3,0
BKG101442,ELCC smart class,Placement,29,FAC5135,EEE,12:00,13:00,2026-07-08,Approved,0.72,3,0
BKG101443,Database management system(computer lab 5),Lab,40,FAC5081,IT,10:00,13:00,2026-07-05,Approved,0.68,4,1
BKG101444,EEE CC LAB,Conference,113,FAC5078,CIVIL,11:00,14:00,2026-07-18,Approved,0.87,5,1
BKG101445,WW 221,Placement,34,FAC5019,TEXTILE,15:00,18:00,2026-05-16,Approved,0.85,5,0
BKG101446,WW 007,Training,56,FAC5010,IT,15:00,16:00,2026-06-30,Approved,0.93,3,0
BKG101447,ME108,Lab,70,FAC5039,AIML,10:00,11:00,2026-05-19,Approved,0.78,5,1
BKG101448,ME202,Conference,70,FAC5023,EEE,14:00,15:00,2026-06-14,Approved,0.78,3,0
BKG101449,EEE smart class,Placement,62,FAC5134,ECE,15:00,16:00,2026-06-07,Approved,0.89,3,0
BKG101450,Computer Lab (20),Seminar,45,FAC5044,MECH,15:00,16:00,2026-07-02,Approved,0.76,3,0
BKG101451,Database management system(computer lab 5),Lab,39,FAC5057,CSE,14:00,15:00,2026-05-11,Approved,0.66,3,0
BKG101452,EW 208,Class,51,FAC5091,AIDS,15:00,16:00,2026-04-30,Approved,0.85,3,0
BKG101453,ME305,Workshop,84,FAC5094,MECH,10:00,11:00,2026-05-12,Approved,0.93,4,1
BKG101454,EW 203,Meeting,43,FAC5019,AIML,14:00,17:00,2026-05-08,Approved,0.72,4,0
BKG101455,Cloud Computing(COMPUTER LAB 4),Placement,53,FAC5018,CSE,14:00,15:00,2026-06-19,Approved,0.9,4,0
BKG101456,EW 118,Training,60,FAC5006,AIML,12:00,14:00,2026-06-08,Approved,1.0,5,0
BKG101457,EW 117,Workshop,59,FAC5054,MECH,11:00,12:00,2026-05-23,Approved,0.98,4,1
BKG101458,WW 106,Class,43,FAC5009,AIML,15:00,16:00,2026-04-28,Approved,0.86,4,0
BKG101459,ME201,Training,74,FAC5055,EEE,11:00,13:00,2026-05-20,Approved,0.82,4,1
BKG101460,EEE smart class,Meeting,51,FAC5074,ECE,14:00,15:00,2026-05-16,Approved,0.73,3,0
BKG101461,WW 212,Training,90,FAC5129,AIML,10:00,13:00,2026-04-29,Approved,0.9,4,1
BKG101462,EW 205,Workshop,20,FAC5032,MECH,09:00,10:00,2026-07-07,Approved,0.5,4,1
BKG101463,COMPUTER LAB - 7,Lab,52,FAC5124,AIDS,11:00,12:00,2026-05-18,Approved,0.73,3,1
BKG101464,WW 213,Conference,59,FAC5022,IT,14:00,15:00,2026-07-16,Approved,0.98,3,0
BKG101465,Class Room 1,Workshop,50,FAC5099,CIVIL,15:00,17:00,2026-07-09,Approved,0.83,5,0
BKG101466,EW 113,Training,48,FAC5024,EEE,11:00,14:00,2026-05-25,Approved,0.8,3,1
BKG101467,Artificial Intelligence Lab(COMPUTER LAB 2),Conference,54,FAC5110,TEXTILE,15:00,18:00,2026-05-17,Approved,0.76,5,0
BKG101468,WW 215,Training,40,FAC5125,CSE,11:00,12:00,2026-06-12,Approved,0.67,5,1
BKG101469,EEE CC LAB,Class,124,FAC5088,ECE,15:00,16:00,2026-05-01,Approved,0.95,3,0
BKG101470,WW 115,Seminar,49,FAC5046,IT,09:00,10:00,2026-05-30,Approved,0.82,5,1
BKG101471,EW 106,Seminar,52,FAC5100,EEE,14:00,16:00,2026-05-24,Approved,0.87,3,0
BKG101472,Analog Communication Lab,Meeting,18,FAC5018,CSE,09:00,10:00,2026-06-14,Approved,0.5,4,1
BKG101473,MH306,Meeting,40,FAC5131,CSE,12:00,13:00,2026-04-28,Approved,0.8,5,0
BKG101474,Computer Lab (23),Workshop,42,FAC5033,AIML,14:00,15:00,2026-05-17,Approved,0.71,4,0
BKG101475,Computer Lab  (19) - Harita Lab,Placement,23,FAC5047,CIVIL,10:00,13:00,2026-05-22,Approved,0.59,5,1
BKG101476,DSP Lab,Training,15,FAC5056,ECE,15:00,16:00,2026-05-23,Approved,0.43,5,0
BKG101477,Computer Lab (23),Meeting,55,FAC5082,ECE,10:00,11:00,2026-06-19,Approved,0.93,4,1
BKG101478,WW 221,Workshop,24,FAC5009,ECE,11:00,13:00,2026-05-13,Approved,0.6,5,1
BKG101479,WW 220,Meeting,24,FAC5042,CSE,15:00,18:00,2026-07-12,Approved,0.6,3,0
BKG101480,WW 213,Workshop,40,FAC5019,IT,10:00,11:00,2026-05-06,Approved,0.67,4,1
BKG101481,WW 117,Conference,51,FAC5061,CSE,10:00,12:00,2026-07-12,Approved,0.85,4,1
BKG101482,WW 223,Training,83,FAC5047,ECE,09:00,12:00,2026-07-14,Approved,0.83,3,1
BKG101483,EW 210,Lab,29,FAC5078,CIVIL,14:00,15:00,2026-05-20,Approved,0.72,4,0
BKG101484,ME108,Lab,81,FAC5073,EEE,09:00,12:00,2026-05-13,Approved,0.9,5,1
BKG101485,WW 008,Conference,57,FAC5029,AIDS,11:00,14:00,2026-06-14,Approved,0.95,3,1
BKG101486,ECE SEMINAR HALL,Training,161,FAC5035,CSE,10:00,11:00,2026-06-11,Approved,0.89,5,1
BKG101487,Smart AGRI,Conference,31,FAC5016,AIDS,12:00,15:00,2026-05-01,Approved,0.78,4,0
BKG101488,EW 109,Workshop,57,FAC5113,IT,09:00,11:00,2026-05-13,Approved,0.95,3,1
BKG101489,EW 101,Placement,50,FAC5049,CSE,10:00,11:00,2026-06-24,Approved,0.83,4,1
BKG101490,Mech Drawing Hall,Training,134,FAC5010,CSE,11:00,12:00,2026-05-26,Approved,0.89,3,1
BKG101491,Computer lab - (18),Seminar,82,FAC5052,MECH,10:00,13:00,2026-05-04,Approved,0.92,3,1
BKG101492,EW 212,Placement,89,FAC5072,AIDS,14:00,17:00,2026-05-31,Approved,0.89,5,0
BKG101493,Cloud Computing(COMPUTER LAB 4),Workshop,59,FAC5056,MECH,11:00,14:00,2026-07-11,Approved,1.0,5,1
BKG101494,EW 116,Seminar,52,FAC5126,MECH,10:00,12:00,2026-06-04,Approved,0.87,4,1
BKG101495,ME101,Placement,85,FAC5052,CSE,15:00,18:00,2026-06-12,Approved,0.94,4,0
BKG101496,WW 003,Placement,36,FAC5040,ECE,10:00,11:00,2026-06-05,Approved,0.9,4,1
BKG101497,SF 201,Seminar,67,FAC5010,AIML,10:00,11:00,2026-07-05,Approved,0.84,4,1
BKG101498,ME203,Class,75,FAC5058,CIVIL,12:00,14:00,2026-07-12,Approved,0.83,5,0
BKG101499,EIE CC Lab,Conference,42,FAC5092,AIDS,12:00,15:00,2026-05-06,Approved,0.71,4,0
