student_id,name,department,year,semester,is_disabled
BIT10001,Student_10001,CSE,1,1,0
BIT10002,Student_10002,CSE,1,1,0
BIT10003,Student_10003,CSE,1,1,0
BIT10004,Student_10004,CSE,1,1,0
BIT10005,Student_10005,CSE,1,1,0
BIT10006,Student_10006,CSE,1,1,0
BIT10007,Student_10007,CSE,1,1,0
BIT10008,Student_10008,CSE,1,1,0
BIT10009,Student_10009,CSE,1,1,0
BIT10010,Student_10010,CSE,1,1,0
BIT10011,Student_10011,CSE,1,1,0
BIT10012,Student_10012,CSE,1,1,0
BIT10013,Student_10013,CSE,1,1,0
BIT10014,Student_10014,CSE,1,1,0
BIT10015,Student_10015,CSE,1,1,0
BIT10016,Student_10016,CSE,1,1,0
BIT10017,Student_10017,CSE,1,1,0
BIT10018,Student_10018,CSE,1,1,0
BIT10019,Student_10019,CSE,1,1,0
BIT10020,Student_10020,CSE,1,1,0
BIT10021,Student_10021,CSE,1,1,0
BIT10022,Student_10022,CSE,1,1,0
BIT10023,Student_10023,CSE,1,1,0
BIT10024,Student_10024,CSE,1,1,0
BIT10025,Student_10025,CSE,1,1,0
BIT10026,Student_10026,CSE,1,1,0
BIT10027,Student_10027,CSE,1,1,0
BIT10028,Student_10028,CSE,1,1,0
BIT10029,Student_10029,CSE,1,1,0
BIT10030,Student_10030,CSE,1,1,0
BIT10031,Student_10031,CSE,1,1,0
BIT10032,Student_10032,CSE,1,1,0
BIT10033,Student_10033,CSE,1,1,0
BIT10034,Student_10034,CSE,1,1,0
BIT10035,Student_10035,CSE,1,1,0
BIT10036,Student_10036,CSE,1,1,0
BIT10037,Student_10037,CSE,1,1,0
BIT10038,Student_10038,CSE,1,1,0
BIT10039,Student_10039,CSE,1,1,0
BIT10040,Student_10040,CSE,1,1,0
BIT10041,Student_10041,CSE,1,1,0
BIT10042,Student_10042,CSE,1,1,0
BIT10043,Student_10043,CSE,1,1,0
BIT10044,Student_10044,CSE,1,1,0
BIT10045,Student_10045,CSE,1,1,0
BIT10046,Student_10046,CSE,1,1,0
BIT10047,Student_10047,CSE,1,1,0
BIT10048,Student_10048,CSE,1,1,0
BIT10049,Student_10049,CSE,1,1,0
BIT10050,Student_10050,CSE,1,1,0
BIT10051,Student_10051,CSE,1,1,0
BIT10052,Student_10052,CSE,1,1,0
BIT10053,Student_10053,CSE,1,1,0
BIT10054,Student_10054,CSE,1,1,0
BIT10055,Student_10055,CSE,1,1,0
BIT10056,Student_10056,CSE,1,1,0
BIT10057,Student_10057,CSE,1,2,0
BIT10058,Student_10058,CSE,1,2,0
BIT10059,Student_10059,CSE,1,2,0
BIT10060,Student_10060,CSE,1,2,0
BIT10061,Student_10061,CSE,1,2,0
BIT10062,Student_10062,CSE,1,2,0
BIT10063,Student_10063,CSE,1,2,0
BIT10064,Student_10064,CSE,1,2,0
BIT10065,Student_10065,CSE,1,2,0
BIT10066,Student_10066,CSE,1,2,0
BIT10067,Student_10067,CSE,1,2,0
BIT10068,Student_10068,CSE,1,2,0
BIT10069,Student_10069,CSE,1,2,0
BIT10070,Student_10070,CSE,1,2,0
BIT10071,Student_10071,CSE,1,2,0
BIT10072,Student_10072,CSE,1,2,0
BIT10073,Student_10073,CSE,1,2,0
BIT10074,Student_10074,CSE,1,2,0
BIT10075,Student_10075,CSE,1,2,0
BIT10076,Student_10076,CSE,1,2,0
BIT10077,Student_10077,CSE,1,2,0
BIT10078,Student_10078,CSE,1,2,0
BIT10079,Student_10079,CSE,1,2,0
BIT10080,Student_10080,CSE,1,2,0
BIT10081,Student_10081,CSE,1,2,0
BIT10082,Student_10082,CSE,1,2,0
BIT10083,Student_10083,CSE,1,2,0
BIT10084,Student_10084,CSE,1,2,0
BIT10085,Student_10085,CSE,1,2,0
BIT10086,Student_10086,CSE,1,2,1
BIT10087,Student_10087,CSE,1,2,0
BIT10088,Student_10088,CSE,1,2,0
BIT10089,Student_10089,CSE,1,2,0
BIT10090,Student_10090,CSE,1,2,0
BIT10091,Student_10091,CSE,1,2,0
BIT10092,Student_10092,CSE,1,2,0
BIT10093,Student_10093,CSE,1,2,0
BIT10094,Student_10094,CSE,1,2,0
BIT10095,Student_10095,CSE,1,2,0
BIT10096,Student_10096,CSE,1,2,0
BIT10097,Student_10097,CSE,1,2,0
BIT10098,Student_10098,CSE,1,2,0
BIT10099,Student_10099,CSE,1,2,0
BIT10100,Student_10100,CSE,1,2,0
BIT10101,Student_10101,CSE,1,2,0
BIT10102,Student_10102,CSE,1,2,0
BIT10103,Student_10103,CSE,1,2,0
BIT10104,Student_10104,CSE,1,2,0
BIT10105,Student_10105,CSE,1,2,0
BIT10106,Student_10106,CSE,1,2,0
BIT10107,Student_10107,CSE,2,3,0
BIT10108,Student_10108,CSE,2,3,0
BIT10109,Student_10109,CSE,2,3,0
BIT10110,Student_10110,CSE,2,3,0
BIT10111,Student_10111,CSE,2,3,0
BIT10112,Student_10112,CSE,2,3,0
BIT10113,Student_10113,CSE,2,3,0
BIT10114,Student_10114,CSE,2,3,0
BIT10115,Student_10115,CSE,2,3,0
BIT10116,Student_10116,CSE,2,3,0
BIT10117,Student_10117,CSE,2,3,0
BIT10118,Student_10118,CSE,2,3,0
BIT10119,Student_10119,CSE,2,3,0
BIT10120,Student_10120,CSE,2,3,0
BIT10121,Student_10121,CSE,2,3,0
BIT10122,Student_10122,CSE,2,3,0
BIT10123,Student_10123,CSE,2,3,0
BIT10124,Student_10124,CSE,2,3,0
BIT10125,Student_10125,CSE,2,3,0
BIT10126,Student_10126,CSE,2,3,0
BIT10127,Student_10127,CSE,2,3,0
BIT10128,Student_10128,CSE,2,3,0
BIT10129,Student_10129,CSE,2,3,0
BIT10130,Student_10130,CSE,2,3,0
BIT10131,Student_10131,CSE,2,3,0
BIT10132,Student_10132,CSE,2,3,0
BIT10133,Student_10133,CSE,2,3,0
BIT10134,Student_10134,CSE,2,3,0
BIT10135,Student_10135,CSE,2,3,0
BIT10136,Student_10136,CSE,2,3,0
BIT10137,Student_10137,CSE,2,3,0
BIT10138,Student_10138,CSE,2,3,0
BIT10139,Student_10139,CSE,2,3,0
BIT10140,Student_10140,CSE,2,3,0
BIT10141,Student_10141,CSE,2,3,0
BIT10142,Student_10142,CSE,2,3,0
BIT10143,Student_10143,CSE,2,3,0
BIT10144,Student_10144,CSE,2,3,0
BIT10145,Student_10145,CSE,2,3,1
BIT10146,Student_10146,CSE,2,3,0
BIT10147,Student_10147,CSE,2,3,0
BIT10148,Student_10148,CSE,2,3,0
BIT10149,Student_10149,CSE,2,3,0
BIT10150,Student_10150,CSE,2,3,0
BIT10151,Student_10151,CSE,2,3,0
BIT10152,Student_10152,CSE,2,3,0
BIT10153,Student_10153,CSE,2,3,0
BIT10154,Student_10154,CSE,2,3,0
BIT10155,Student_10155,CSE,2,3,0
BIT10156,Student_10156,CSE,2,3,0
BIT10157,Student_10157,CSE,2,3,0
BIT10158,Student_10158,CSE,2,3,0
BIT10159,Student_10159,CSE,2,3,0
BIT10160,Student_10160,CSE,2,3,0
BIT10161,Student_10161,CSE,2,3,0
BIT10162,Student_10162,CSE,2,3,0
BIT10163,Student_10163,CSE,2,3,0
BIT10164,Student_10164,CSE,2,3,0
BIT10165,Student_10165,CSE,2,3,0
BIT10166,Student_10166,CSE,2,3,0
BIT10167,Student_10167,CSE,2,3,0
BIT10168,Student_10168,CSE,2,4,0
BIT10169,Student_10169,CSE,2,4,0
BIT10170,Student_10170,CSE,2,4,0
BIT10171,Student_10171,CSE,2,4,0
BIT10172,Student_10172,CSE,2,4,0
BIT10173,Student_10173,CSE,2,4,0
BIT10174,Student_10174,CSE,2,4,0
BIT10175,Student_10175,CSE,2,4,0
BIT10176,Student_10176,CSE,2,4,0
BIT10177,Student_10177,CSE,2,4,0
BIT10178,Student_10178,CSE,2,4,0
BIT10179,Student_10179,CSE,2,4,0
BIT10180,Student_10180,CSE,2,4,0
BIT10181,Student_10181,CSE,2,4,0
BIT10182,Student_10182,CSE,2,4,0
BIT10183,Student_10183,CSE,2,4,0
BIT10184,Student_10184,CSE,2,4,0
BIT10185,Student_10185,CSE,2,4,0
BIT10186,Student_10186,CSE,2,4,0
BIT10187,Student_10187,CSE,2,4,0
BIT10188,Student_10188,CSE,2,4,0
BIT10189,Student_10189,CSE,2,4,0
BIT10190,Student_10190,CSE,2,4,0
BIT10191,Student_10191,CSE,2,4,0
BIT10192,Student_10192,CSE,2,4,0
BIT10193,Student_10193,CSE,2,4,0
BIT10194,Student_10194,CSE,2,4,0
BIT10195,Student_10195,CSE,2,4,0
BIT10196,Student_10196,CSE,2,4,0
BIT10197,Student_10197,CSE,2,4,0
BIT10198,Student_10198,CSE,2,4,0
BIT10199,Student_10199,CSE,2,4,0
BIT10200,Student_10200,CSE,2,4,0
BIT10201,Student_10201,CSE,2,4,0
BIT10202,Student_10202,CSE,2,4,0
BIT10203,Student_10203,CSE,2,4,0
BIT10204,Student_10204,CSE,2,4,0
BIT10205,Student_10205,CSE,2,4,0
BIT10206,Student_10206,CSE,2,4,0
BIT10207,Student_10207,CSE,2,4,0
BIT10208,Student_10208,CSE,2,4,0
BIT10209,Student_10209,CSE,2,4,0
BIT10210,Student_10210,CSE,2,4,1
BIT10211,Student_10211,CSE,2,4,0
BIT10212,Student_10212,CSE,2,4,0
BIT10213,Student_10213,CSE,2,4,0
BIT10214,Student_10214,CSE,2,4,0
BIT10215,Student_10215,CSE,2,4,0
BIT10216,Student_10216,CSE,2,4,0
BIT10217,Student_10217,CSE,3,5,0
BIT10218,Student_10218,CSE,3,5,0
BIT10219,Student_10219,CSE,3,5,0
BIT10220,Student_10220,CSE,3,5,0
BIT10221,Student_10221,CSE,3,5,0
BIT10222,Student_10222,CSE,3,5,0
BIT10223,Student_10223,CSE,3,5,0
BIT10224,Student_10224,CSE,3,5,0
BIT10225,Student_10225,CSE,3,5,0
BIT10226,Student_10226,CSE,3,5,0
BIT10227,Student_10227,CSE,3,5,0
BIT10228,Student_10228,CSE,3,5,0
BIT10229,Student_10229,CSE,3,5,0
BIT10230,Student_10230,CSE,3,5,0
BIT10231,Student_10231,CSE,3,5,0
BIT10232,Student_10232,CSE,3,5,0
BIT10233,Student_10233,CSE,3,5,0
BIT10234,Student_10234,CSE,3,5,0
BIT10235,Student_10235,CSE,3,5,0
BIT10236,Student_10236,CSE,3,5,0
BIT10237,Student_10237,CSE,3,5,0
BIT10238,Student_10238,CSE,3,5,0
BIT10239,Student_10239,CSE,3,5,0
BIT10240,Student_10240,CSE,3,5,0
BIT10241,Student_10241,CSE,3,5,0
BIT10242,Student_10242,CSE,3,5,0
BIT10243,Student_10243,CSE,3,5,0
BIT10244,Student_10244,CSE,3,5,0
BIT10245,Student_10245,CSE,3,5,0
BIT10246,Student_10246,CSE,3,5,0
BIT10247,Student_10247,CSE,3,5,0
BIT10248,Student_10248,CSE,3,5,0
BIT10249,Student_10249,CSE,3,5,0
BIT10250,Student_10250,CSE,3,5,0
BIT10251,Student_10251,CSE,3,5,0
BIT10252,Student_10252,CSE,3,5,0
BIT10253,Student_10253,CSE,3,5,0
BIT10254,Student_10254,CSE,3,5,0
BIT10255,Student_10255,CSE,3,5,0
BIT10256,Student_10256,CSE,3,5,0
BIT10257,Student_10257,CSE,3,5,0
BIT10258,Student_10258,CSE,3,5,0
BIT10259,Student_10259,CSE,3,5,0
BIT10260,Student_10260,CSE,3,5,0
BIT10261,Student_10261,CSE,3,5,1
BIT10262,Student_10262,CSE,3,5,0
BIT10263,Student_10263,CSE,3,5,0
BIT10264,Student_10264,CSE,3,5,0
BIT10265,Student_10265,CSE,3,5,0
BIT10266,Student_10266,CSE,3,5,0
BIT10267,Student_10267,CSE,3,5,0
BIT10268,Student_10268,CSE,3,5,0
BIT10269,Student_10269,CSE,3,5,0
BIT10270,Student_10270,CSE,3,5,0
BIT10271,Student_10271,CSE,3,5,0
BIT10272,Student_10272,CSE,3,5,0
BIT10273,Student_10273,CSE,3,5,0
BIT10274,Student_10274,CSE,3,5,0
BIT10275,Student_10275,CSE,3,5,0
BIT10276,Student_10276,CSE,3,6,0
BIT10277,Student_10277,CSE,3,6,0
BIT10278,Student_10278,CSE,3,6,0
BIT10279,Student_10279,CSE,3,6,0
BIT10280,Student_10280,CSE,3,6,0
BIT10281,Student_10281,CSE,3,6,0
BIT10282,Student_10282,CSE,3,6,0
BIT10283,Student_10283,CSE,3,6,0
BIT10284,Student_10284,CSE,3,6,0
BIT10285,Student_10285,CSE,3,6,0
BIT10286,Student_10286,CSE,3,6,0
BIT10287,Student_10287,CSE,3,6,0
BIT10288,Student_10288,CSE,3,6,0
BIT10289,Student_10289,CSE,3,6,0
BIT10290,Student_10290,CSE,3,6,0
BIT10291,Student_10291,CSE,3,6,0
BIT10292,Student_10292,CSE,3,6,0
BIT10293,Student_10293,CSE,3,6,0
BIT10294,Student_10294,CSE,3,6,0
BIT10295,Student_10295,CSE,3,6,0
BIT10296,Student_10296,CSE,3,6,0
BIT10297,Student_10297,CSE,3,6,0
BIT10298,Student_10298,CSE,3,6,0
BIT10299,Student_10299,CSE,3,6,0
BIT10300,Student_10300,CSE,3,6,0
BIT10301,Student_10301,CSE,3,6,0
BIT10302,Student_10302,CSE,3,6,0
BIT10303,Student_10303,CSE,3,6,0
BIT10304,Student_10304,CSE,3,6,0
BIT10305,Student_10305,CSE,3,6,0
BIT10306,Student_10306,CSE,3,6,0
BIT10307,Student_10307,CSE,3,6,0
BIT10308,Student_10308,CSE,3,6,0
BIT10309,Student_10309,CSE,3,6,0
BIT10310,Student_10310,CSE,3,6,0
BIT10311,Student_10311,CSE,3,6,0
BIT10312,Student_10312,CSE,3,6,0
BIT10313,Student_10313,CSE,3,6,0
BIT10314,Student_10314,CSE,3,6,0
BIT10315,Student_10315,CSE,3,6,0
BIT10316,Student_10316,CSE,3,6,0
BIT10317,Student_10317,CSE,3,6,0
BIT10318,Student_10318,CSE,3,6,0
BIT10319,Student_10319,CSE,3,6,0
BIT10320,Student_10320,CSE,3,6,0
BIT10321,Student_10321,CSE,3,6,0
BIT10322,Student_10322,CSE,3,6,0
BIT10323,Student_10323,CSE,3,6,0
BIT10324,Student_10324,CSE,3,6,0
BIT10325,Student_10325,CSE,3,6,0
BIT10326,Student_10326,CSE,3,6,0
BIT10327,Student_10327,CSE,3,6,0
BIT10328,Student_10328,CSE,3,6,0
BIT10329,Student_10329,CSE,3,6,0
BIT10330,Student_10330,CSE,3,6,0
BIT10331,Student_10331,CSE,3,6,0
BIT10332,Student_10332,CSE,3,6,0
BIT10333,Student_10333,CSE,3,6,0
BIT10334,Student_10334,CSE,3,6,0
BIT10335,Student_10335,CSE,3,6,0
BIT10336,Student_10336,CSE,3,6,0
BIT10337,Student_10337,CSE,3,6,0
BIT10338,Student_10338,CSE,3,6,0
BIT10339,Student_10339,CSE,3,6,0
BIT10340,Student_10340,CSE,3,6,0
BIT10341,Student_10341,CSE,3,6,0
BIT10342,Student_10342,CSE,3,6,0
BIT10343,Student_10343,CSE,3,6,0
BIT10344,Student_10344,CSE,3,6,0
BIT10345,Student_10345,CSE,3,6,0
BIT10346,Student_10346,CSE,3,6,0
BIT10347,Student_10347,CSE,3,6,0
BIT10348,Student_10348,CSE,4,7,0
BIT10349,Student_10349,CSE,4,7,0
BIT10350,Student_10350,CSE,4,7,0
BIT10351,Student_10351,CSE,4,7,0
BIT10352,Student_10352,CSE,4,7,0
BIT10353,Student_10353,CSE,4,7,0
BIT10354,Student_10354,CSE,4,7,0
BIT10355,Student_10355,CSE,4,7,0
BIT10356,Student_10356,CSE,4,7,0
BIT10357,Student_10357,CSE,4,7,0
BIT10358,Student_10358,CSE,4,7,0
BIT10359,Student_10359,CSE,4,7,0
BIT10360,Student_10360,CSE,4,7,0
BIT10361,Student_10361,CSE,4,7,0
BIT10362,Student_10362,CSE,4,7,0
BIT10363,Student_10363,CSE,4,7,0
BIT10364,Student_10364,CSE,4,7,0
BIT10365,Student_10365,CSE,4,7,0
BIT10366,Student_10366,CSE,4,7,0
BIT10367,Student_10367,CSE,4,7,0
BIT10368,Student_10368,CSE,4,7,0
BIT10369,Student_10369,CSE,4,7,0
BIT10370,Student_10370,CSE,4,7,0
BIT10371,Student_10371,CSE,4,7,0
BIT10372,Student_10372,CSE,4,7,0
BIT10373,Student_10373,CSE,4,7,0
BIT10374,Student_10374,CSE,4,7,0
BIT10375,Student_10375,CSE,4,7,0
BIT10376,Student_10376,CSE,4,7,0
BIT10377,Student_10377,CSE,4,7,0
BIT10378,Student_10378,CSE,4,7,0
BIT10379,Student_10379,CSE,4,7,0
BIT10380,Student_10380,CSE,4,7,0
BIT10381,Student_10381,CSE,4,7,0
BIT10382,Student_10382,CSE,4,7,0
BIT10383,Student_10383,CSE,4,7,0
BIT10384,Student_10384,CSE,4,7,0
BIT10385,Student_10385,CSE,4,7,0
BIT10386,Student_10386,CSE,4,7,0
BIT10387,Student_10387,CSE,4,7,0
BIT10388,Student_10388,CSE,4,7,1
BIT10389,Student_10389,CSE,4,7,0
BIT10390,Student_10390,CSE,4,7,0
BIT10391,Student_10391,CSE,4,7,0
BIT10392,Student_10392,CSE,4,7,0
BIT10393,Student_10393,CSE,4,7,0
BIT10394,Student_10394,CSE,4,7,0
BIT10395,Student_10395,CSE,4,7,0
BIT10396,Student_10396,CSE,4,7,0
BIT10397,Student_10397,CSE,4,7,0
BIT10398,Student_10398,CSE,4,7,0
BIT10399,Student_10399,CSE,4,7,0
BIT10400,Student_10400,CSE,4,7,0
BIT10401,Student_10401,CSE,4,7,0
BIT10402,Student_10402,CSE,4,7,0
BIT10403,Student_10403,CSE,4,7,0
BIT10404,Student_10404,CSE,4,7,0
BIT10405,Student_10405,CSE,4,8,0
BIT10406,Student_10406,CSE,4,8,0
BIT10407,Student_10407,CSE,4,8,0
BIT10408,Student_10408,CSE,4,8,0
BIT10409,Student_10409,CSE,4,8,0
BIT10410,Student_10410,CSE,4,8,0
BIT10411,Student_10411,CSE,4,8,0
BIT10412,Student_10412,CSE,4,8,0
BIT10413,Student_10413,CSE,4,8,0
BIT10414,Student_10414,CSE,4,8,0
BIT10415,Student_10415,CSE,4,8,0
BIT10416,Student_10416,CSE,4,8,0
BIT10417,Student_10417,CSE,4,8,0
BIT10418,Student_10418,CSE,4,8,0
BIT10419,Student_10419,CSE,4,8,0
BIT10420,Student_10420,CSE,4,8,0
BIT10421,Student_10421,CSE,4,8,0
BIT10422,Student_10422,CSE,4,8,0
BIT10423,Student_10423,CSE,4,8,1
BIT10424,Student_10424,CSE,4,8,0
BIT10425,Student_10425,CSE,4,8,0
BIT10426,Student_10426,CSE,4,8,0
BIT10427,Student_10427,CSE,4,8,0
BIT10428,Student_10428,CSE,4,8,0
BIT10429,Student_10429,CSE,4,8,0
BIT10430,Student_10430,CSE,4,8,0
BIT10431,Student_10431,CSE,4,8,0
BIT10432,Student_10432,CSE,4,8,0
BIT10433,Student_10433,CSE,4,8,0
BIT10434,Student_10434,CSE,4,8,0
BIT10435,Student_10435,CSE,4,8,0
BIT10436,Student_10436,CSE,4,8,0
BIT10437,Student_10437,CSE,4,8,0
BIT10438,Student_10438,CSE,4,8,0
BIT10439,Student_10439,CSE,4,8,0
BIT10440,Student_10440,CSE,4,8,0
BIT10441,Student_10441,CSE,4,8,0
BIT10442,Student_10442,CSE,4,8,0
BIT10443,Student_10443,CSE,4,8,0
BIT10444,Student_10444,CSE,4,8,0
BIT10445,Student_10445,CSE,4,8,0
BIT10446,Student_10446,CSE,4,8,0
BIT10447,Student_10447,CSE,4,8,0
BIT10448,Student_10448,CSE,4,8,0
BIT10449,Student_10449,CSE,4,8,0
BIT10450,Student_10450,CSE,4,8,0
BIT10451,Student_10451,CSE,4,8,0
BIT10452,Student_10452,CSE,4,8,0
BIT10453,Student_10453,CSE,4,8,0
BIT10454,Student_10454,CSE,4,8,0
BIT10455,Student_10455,CSE,4,8,0
BIT10456,Student_10456,CSE,4,8,0
BIT10457,Student_10457,CSE,4,8,0
BIT10458,Student_10458,CSE,4,8,0
BIT10459,Student_10459,CSE,4,8,0
BIT10460,Student_10460,CSE,4,8,0
BIT10461,Student_10461,AIML,1,1,0
BIT10462,Student_10462,AIML,1,1,0
BIT10463,Student_10463,AIML,1,1,0
BIT10464,Student_10464,AIML,1,1,0
BIT10465,Student_10465,AIML,1,1,0
BIT10466,Student_10466,AIML,1,1,0
BIT10467,Student_10467,AIML,1,1,0
BIT10468,Student_10468,AIML,1,1,0
BIT10469,Student_10469,AIML,1,1,0
BIT10470,Student_10470,AIML,1,1,0
BIT10471,Student_10471,AIML,1,1,0
BIT10472,Student_10472,AIML,1,1,0
BIT10473,Student_10473,AIML,1,1,0
BIT10474,Student_10474,AIML,1,1,0
BIT10475,Student_10475,AIML,1,1,0
BIT10476,Student_10476,AIML,1,1,0
BIT10477,Student_10477,AIML,1,1,0
BIT10478,Student_10478,AIML,1,1,0
BIT10479,Student_10479,AIML,1,1,0
BIT10480,Student_10480,AIML,1,1,0
BIT10481,Student_10481,AIML,1,1,0
BIT10482,Student_10482,AIML,1,1,0
BIT10483,Student_10483,AIML,1,1,0
BIT10484,Student_10484,AIML,1,1,0
BIT10485,Student_10485,AIML,1,1,0
BIT10486,Student_10486,AIML,1,1,0
BIT10487,Student_10487,AIML,1,1,0
BIT10488,Student_10488,AIML,1,1,0
BIT10489,Student_10489,AIML,1,1,0
BIT10490,Student_10490,AIML,1,1,0
BIT10491,Student_10491,AIML,1,1,0
BIT10492,Student_10492,AIML,1,1,0
BIT10493,Student_10493,AIML,1,1,1
BIT10494,Student_10494,AIML,1,1,0
BIT10495,Student_10495,AIML,1,1,0
BIT10496,Student_10496,AIML,1,1,0
BIT10497,Student_10497,AIML,1,1,0
BIT10498,Student_10498,AIML,1,1,0
BIT10499,Student_10499,AIML,1,1,0
BIT10500,Student_10500,AIML,1,1,0
BIT10501,Student_10501,AIML,1,1,0
BIT10502,Student_10502,AIML,1,1,0
BIT10503,Student_10503,AIML,1,1,0
BIT10504,Student_10504,AIML,1,1,0
BIT10505,Student_10505,AIML,1,1,0
BIT10506,Student_10506,AIML,1,1,0
BIT10507,Student_10507,AIML,1,1,0
BIT10508,Student_10508,AIML,1,1,0
BIT10509,Student_10509,AIML,1,1,0
BIT10510,Student_10510,AIML,1,1,0
BIT10511,Student_10511,AIML,1,1,0
BIT10512,Student_10512,AIML,1,1,0
BIT10513,Student_10513,AIML,1,1,0
BIT10514,Student_10514,AIML,1,1,0
BIT10515,Student_10515,AIML,1,1,0
BIT10516,Student_10516,AIML,1,1,0
BIT10517,Student_10517,AIML,1,1,0
BIT10518,Student_10518,AIML,1,1,0
BIT10519,Student_10519,AIML,1,1,0
BIT10520,Student_10520,AIML,1,1,0
BIT10521,Student_10521,AIML,1,1,0
BIT10522,Student_10522,AIML,1,1,0
BIT10523,Student_10523,AIML,1,1,0
BIT10524,Student_10524,AIML,1,1,0
BIT10525,Student_10525,AIML,1,2,0
BIT10526,Student_10526,AIML,1,2,0
BIT10527,Student_10527,AIML,1,2,0
BIT10528,Student_10528,AIML,1,2,0
BIT10529,Student_10529,AIML,1,2,0
BIT10530,Student_10530,AIML,1,2,0
BIT10531,Student_10531,AIML,1,2,0
BIT10532,Student_10532,AIML,1,2,0
BIT10533,Student_10533,AIML,1,2,0
BIT10534,Student_10534,AIML,1,2,0
BIT10535,Student_10535,AIML,1,2,0
BIT10536,Student_10536,AIML,1,2,0
BIT10537,Student_10537,AIML,1,2,0
BIT10538,Student_10538,AIML,1,2,0
BIT10539,Student_10539,AIML,1,2,0
BIT10540,Student_10540,AIML,1,2,0
BIT10541,Student_10541,AIML,1,2,0
BIT10542,Student_10542,AIML,1,2,0
BIT10543,Student_10543,AIML,1,2,0
BIT10544,Student_10544,AIML,1,2,0
BIT10545,Student_10545,AIML,1,2,0
BIT10546,Student_10546,AIML,1,2,0
BIT10547,Student_10547,AIML,1,2,0
BIT10548,Student_10548,AIML,1,2,0
BIT10549,Student_10549,AIML,1,2,0
BIT10550,Student_10550,AIML,1,2,0
BIT10551,Student_10551,AIML,1,2,0
BIT10552,Student_10552,AIML,1,2,0
BIT10553,Student_10553,AIML,1,2,0
BIT10554,Student_10554,AIML,1,2,0
BIT10555,Student_10555,AIML,1,2,0
BIT10556,Student_10556,AIML,1,2,0
BIT10557,Student_10557,AIML,1,2,0
BIT10558,Student_10558,AIML,1,2,0
BIT10559,Student_10559,AIML,1,2,0
BIT10560,Student_10560,AIML,1,2,0
BIT10561,Student_10561,AIML,1,2,0
BIT10562,Student_10562,AIML,1,2,0
BIT10563,Student_10563,AIML,1,2,0
BIT10564,Student_10564,AIML,1,2,0
BIT10565,Student_10565,AIML,1,2,0
BIT10566,Student_10566,AIML,1,2,0
BIT10567,Student_10567,AIML,1,2,0
BIT10568,Student_10568,AIML,1,2,0
BIT10569,Student_10569,AIML,1,2,0
BIT10570,Student_10570,AIML,1,2,0
BIT10571,Student_10571,AIML,1,2,0
BIT10572,Student_10572,AIML,1,2,0
BIT10573,Student_10573,AIML,1,2,0
BIT10574,Student_10574,AIML,1,2,0
BIT10575,Student_10575,AIML,1,2,0
BIT10576,Student_10576,AIML,1,2,0
BIT10577,Student_10577,AIML,1,2,0
BIT10578,Student_10578,AIML,1,2,0
BIT10579,Student_10579,AIML,1,2,0
BIT10580,Student_10580,AIML,1,2,0
BIT10581,Student_10581,AIML,1,2,0
BIT10582,Student_10582,AIML,1,2,1
BIT10583,Student_10583,AIML,1,2,0
BIT10584,Student_10584,AIML,1,2,0
BIT10585,Student_10585,AIML,1,2,0
BIT10586,Student_10586,AIML,1,2,0
BIT10587,Student_10587,AIML,1,2,0
BIT10588,Student_10588,AIML,1,2,0
BIT10589,Student_10589,AIML,1,2,0
BIT10590,Student_10590,AIML,2,3,0
BIT10591,Student_10591,AIML,2,3,0
BIT10592,Student_10592,AIML,2,3,0
BIT10593,Student_10593,AIML,2,3,0
BIT10594,Student_10594,AIML,2,3,0
BIT10595,Student_10595,AIML,2,3,0
BIT10596,Student_10596,AIML,2,3,0
BIT10597,Student_10597,AIML,2,3,0
BIT10598,Student_10598,AIML,2,3,0
BIT10599,Student_10599,AIML,2,3,0
BIT10600,Student_10600,AIML,2,3,0
BIT10601,Student_10601,AIML,2,3,0
BIT10602,Student_10602,AIML,2,3,0
BIT10603,Student_10603,AIML,2,3,0
BIT10604,Student_10604,AIML,2,3,0
BIT10605,Student_10605,AIML,2,3,0
BIT10606,Student_10606,AIML,2,3,0
BIT10607,Student_10607,AIML,2,3,0
BIT10608,Student_10608,AIML,2,3,0
BIT10609,Student_10609,AIML,2,3,0
BIT10610,Student_10610,AIML,2,3,0
BIT10611,Student_10611,AIML,2,3,0
BIT10612,Student_10612,AIML,2,3,0
BIT10613,Student_10613,AIML,2,3,0
BIT10614,Student_10614,AIML,2,3,0
BIT10615,Student_10615,AIML,2,3,0
BIT10616,Student_10616,AIML,2,3,0
BIT10617,Student_10617,AIML,2,3,0
BIT10618,Student_10618,AIML,2,3,0
BIT10619,Student_10619,AIML,2,3,0
BIT10620,Student_10620,AIML,2,3,0
BIT10621,Student_10621,AIML,2,3,0
BIT10622,Student_10622,AIML,2,3,0
BIT10623,Student_10623,AIML,2,3,0
BIT10624,Student_10624,AIML,2,3,0
BIT10625,Student_10625,AIML,2,3,0
BIT10626,Student_10626,AIML,2,3,0
BIT10627,Student_10627,AIML,2,3,0
BIT10628,Student_10628,AIML,2,3,0
BIT10629,Student_10629,AIML,2,3,0
BIT10630,Student_10630,AIML,2,3,0
BIT10631,Student_10631,AIML,2,3,0
BIT10632,Student_10632,AIML,2,3,0
BIT10633,Student_10633,AIML,2,3,0
BIT10634,Student_10634,AIML,2,3,0
BIT10635,Student_10635,AIML,2,3,0
BIT10636,Student_10636,AIML,2,3,0
BIT10637,Student_10637,AIML,2,3,0
BIT10638,Student_10638,AIML,2,3,0
BIT10639,Student_10639,AIML,2,3,0
BIT10640,Student_10640,AIML,2,3,0
BIT10641,Student_10641,AIML,2,3,0
BIT10642,Student_10642,AIML,2,3,0
BIT10643,Student_10643,AIML,2,3,0
BIT10644,Student_10644,AIML,2,3,0
BIT10645,Student_10645,AIML,2,3,0
BIT10646,Student_10646,AIML,2,3,0
BIT10647,Student_10647,AIML,2,3,0
BIT10648,Student_10648,AIML,2,3,0
BIT10649,Student_10649,AIML,2,3,0
BIT10650,Student_10650,AIML,2,3,0
BIT10651,Student_10651,AIML,2,3,0
BIT10652,Student_10652,AIML,2,3,0
BIT10653,Student_10653,AIML,2,3,0
BIT10654,Student_10654,AIML,2,3,0
BIT10655,Student_10655,AIML,2,3,0
BIT10656,Student_10656,AIML,2,3,0
BIT10657,Student_10657,AIML,2,3,0
BIT10658,Student_10658,AIML,2,3,0
BIT10659,Student_10659,AIML,2,4,0
BIT10660,Student_10660,AIML,2,4,1
BIT10661,Student_10661,AIML,2,4,0
BIT10662,Student_10662,AIML,2,4,0
BIT10663,Student_10663,AIML,2,4,0
BIT10664,Student_10664,AIML,2,4,0
BIT10665,Student_10665,AIML,2,4,0
BIT10666,Student_10666,AIML,2,4,0
BIT10667,Student_10667,AIML,2,4,0
BIT10668,Student_10668,AIML,2,4,0
BIT10669,Student_10669,AIML,2,4,0
BIT10670,Student_10670,AIML,2,4,1
BIT10671,Student_10671,AIML,2,4,0
BIT10672,Student_10672,AIML,2,4,0
BIT10673,Student_10673,AIML,2,4,0
BIT10674,Student_10674,AIML,2,4,0
BIT10675,Student_10675,AIML,2,4,0
BIT10676,Student_10676,AIML,2,4,0
BIT10677,Student_10677,AIML,2,4,0
BIT10678,Student_10678,AIML,2,4,0
BIT10679,Student_10679,AIML,2,4,0
BIT10680,Student_10680,AIML,2,4,0
BIT10681,Student_10681,AIML,2,4,0
BIT10682,Student_10682,AIML,2,4,0
BIT10683,Student_10683,AIML,2,4,0
BIT10684,Student_10684,AIML,2,4,0
BIT10685,Student_10685,AIML,2,4,0
BIT10686,Student_10686,AIML,2,4,0
BIT10687,Student_10687,AIML,2,4,0
BIT10688,Student_10688,AIML,2,4,0
BIT10689,Student_10689,AIML,2,4,0
BIT10690,Student_10690,AIML,2,4,0
BIT10691,Student_10691,AIML,2,4,0
BIT10692,Student_10692,AIML,2,4,0
BIT10693,Student_10693,AIML,2,4,0
BIT10694,Student_10694,AIML,2,4,0
BIT10695,Student_10695,AIML,2,4,0
BIT10696,Student_10696,AIML,2,4,0
BIT10697,Student_10697,AIML,2,4,0
BIT10698,Student_10698,AIML,2,4,0
BIT10699,Student_10699,AIML,2,4,0
BIT10700,Student_10700,AIML,2,4,0
BIT10701,Student_10701,AIML,2,4,0
BIT10702,Student_10702,AIML,2,4,0
BIT10703,Student_10703,AIML,2,4,1
BIT10704,Student_10704,AIML,2,4,0
BIT10705,Student_10705,AIML,2,4,0
BIT10706,Student_10706,AIML,2,4,0
BIT10707,Student_10707,AIML,2,4,0
BIT10708,Student_10708,AIML,2,4,0
BIT10709,Student_10709,AIML,2,4,0
BIT10710,Student_10710,AIML,2,4,0
BIT10711,Student_10711,AIML,2,4,0
BIT10712,Student_10712,AIML,2,4,0
BIT10713,Student_10713,AIML,2,4,0
BIT10714,Student_10714,AIML,2,4,0
BIT10715,Student_10715,AIML,2,4,0
BIT10716,Student_10716,AIML,3,5,0
BIT10717,Student_10717,AIML,3,5,1
BIT10718,Student_10718,AIML,3,5,0
BIT10719,Student_10719,AIML,3,5,0
BIT10720,Student_10720,AIML,3,5,0
BIT10721,Student_10721,AIML,3,5,0
BIT10722,Student_10722,AIML,3,5,0
BIT10723,Student_10723,AIML,3,5,0
BIT10724,Student_10724,AIML,3,5,0
BIT10725,Student_10725,AIML,3,5,0
BIT10726,Student_10726,AIML,3,5,0
BIT10727,Student_10727,AIML,3,5,0
BIT10728,Student_10728,AIML,3,5,0
BIT10729,Student_10729,AIML,3,5,0
BIT10730,Student_10730,AIML,3,5,0
BIT10731,Student_10731,AIML,3,5,0
BIT10732,Student_10732,AIML,3,5,0
BIT10733,Student_10733,AIML,3,5,0
BIT10734,Student_10734,AIML,3,5,0
BIT10735,Student_10735,AIML,3,5,0
BIT10736,Student_10736,AIML,3,5,0
BIT10737,Student_10737,AIML,3,5,0
BIT10738,Student_10738,AIML,3,5,0
BIT10739,Student_10739,AIML,3,5,0
BIT10740,Student_10740,AIML,3,5,0
BIT10741,Student_10741,AIML,3,5,0
BIT10742,Student_10742,AIML,3,5,0
BIT10743,Student_10743,AIML,3,5,0
BIT10744,Student_10744,AIML,3,5,0
BIT10745,Student_10745,AIML,3,5,0
BIT10746,Student_10746,AIML,3,5,0
BIT10747,Student_10747,AIML,3,5,0
BIT10748,Student_10748,AIML,3,5,0
BIT10749,Student_10749,AIML,3,5,0
BIT10750,Student_10750,AIML,3,5,0
BIT10751,Student_10751,AIML,3,5,0
BIT10752,Student_10752,AIML,3,5,0
BIT10753,Student_10753,AIML,3,5,0
BIT10754,Student_10754,AIML,3,5,0
BIT10755,Student_10755,AIML,3,5,0
BIT10756,Student_10756,AIML,3,5,0
BIT10757,Student_10757,AIML,3,5,0
BIT10758,Student_10758,AIML,3,5,0
BIT10759,Student_10759,AIML,3,5,0
BIT10760,Student_10760,AIML,3,5,0
BIT10761,Student_10761,AIML,3,5,0
BIT10762,Student_10762,AIML,3,5,0
BIT10763,Student_10763,AIML,3,5,0
BIT10764,Student_10764,AIML,3,5,0
BIT10765,Student_10765,AIML,3,5,0
BIT10766,Student_10766,AIML,3,5,0
BIT10767,Student_10767,AIML,3,5,0
BIT10768,Student_10768,AIML,3,5,0
BIT10769,Student_10769,AIML,3,5,1
BIT10770,Student_10770,AIML,3,5,0
BIT10771,Student_10771,AIML,3,5,0
BIT10772,Student_10772,AIML,3,5,0
BIT10773,Student_10773,AIML,3,5,0
BIT10774,Student_10774,AIML,3,5,0
BIT10775,Student_10775,AIML,3,5,0
BIT10776,Student_10776,AIML,3,5,0
BIT10777,Student_10777,AIML,3,5,0
BIT10778,Student_10778,AIML,3,5,0
BIT10779,Student_10779,AIML,3,5,0
BIT10780,Student_10780,AIML,3,5,0
BIT10781,Student_10781,AIML,3,5,0
BIT10782,Student_10782,AIML,3,5,0
BIT10783,Student_10783,AIML,3,5,0
BIT10784,Student_10784,AIML,3,5,0
BIT10785,Student_10785,AIML,3,5,0
BIT10786,Student_10786,AIML,3,5,0
BIT10787,Student_10787,AIML,3,6,0
BIT10788,Student_10788,AIML,3,6,0
BIT10789,Student_10789,AIML,3,6,0
BIT10790,Student_10790,AIML,3,6,0
BIT10791,Student_10791,AIML,3,6,0
BIT10792,Student_10792,AIML,3,6,0
BIT10793,Student_10793,AIML,3,6,0
BIT10794,Student_10794,AIML,3,6,0
BIT10795,Student_10795,AIML,3,6,0
BIT10796,Student_10796,AIML,3,6,0
BIT10797,Student_10797,AIML,3,6,0
BIT10798,Student_10798,AIML,3,6,0
BIT10799,Student_10799,AIML,3,6,0
BIT10800,Student_10800,AIML,3,6,0
BIT10801,Student_10801,AIML,3,6,0
BIT10802,Student_10802,AIML,3,6,0
BIT10803,Student_10803,AIML,3,6,0
BIT10804,Student_10804,AIML,3,6,0
BIT10805,Student_10805,AIML,3,6,0
BIT10806,Student_10806,AIML,3,6,0
BIT10807,Student_10807,AIML,3,6,0
BIT10808,Student_10808,AIML,3,6,0
BIT10809,Student_10809,AIML,3,6,0
BIT10810,Student_10810,AIML,3,6,0
BIT10811,Student_10811,AIML,3,6,0
BIT10812,Student_10812,AIML,3,6,0
BIT10813,Student_10813,AIML,3,6,0
BIT10814,Student_10814,AIML,3,6,0
BIT10815,Student_10815,AIML,3,6,0
BIT10816,Student_10816,AIML,3,6,0
BIT10817,Student_10817,AIML,3,6,0
BIT10818,Student_10818,AIML,3,6,0
BIT10819,Student_10819,AIML,3,6,0
BIT10820,Student_10820,AIML,3,6,0
BIT10821,Student_10821,AIML,3,6,0
BIT10822,Student_10822,AIML,3,6,0
BIT10823,Student_10823,AIML,3,6,0
BIT10824,Student_10824,AIML,3,6,0
BIT10825,Student_10825,AIML,3,6,0
BIT10826,Student_10826,AIML,3,6,0
BIT10827,Student_10827,AIML,3,6,0
BIT10828,Student_10828,AIML,3,6,0
BIT10829,Student_10829,AIML,3,6,0
BIT10830,Student_10830,AIML,3,6,0
BIT10831,Student_10831,AIML,3,6,0
BIT10832,Student_10832,AIML,3,6,0
BIT10833,Student_10833,AIML,3,6,0
BIT10834,Student_10834,AIML,3,6,0
BIT10835,Student_10835,AIML,4,7,0
BIT10836,Student_10836,AIML,4,7,0
BIT10837,Student_10837,AIML,4,7,0
BIT10838,Student_10838,AIML,4,7,0
BIT10839,Student_10839,AIML,4,7,0
BIT10840,Student_10840,AIML,4,7,0
BIT10841,Student_10841,AIML,4,7,0
BIT10842,Student_10842,AIML,4,7,0
BIT10843,Student_10843,AIML,4,7,0
BIT10844,Student_10844,AIML,4,7,0
BIT10845,Student_10845,AIML,4,7,0
BIT10846,Student_10846,AIML,4,7,0
BIT10847,Student_10847,AIML,4,7,0
BIT10848,Student_10848,AIML,4,7,0
BIT10849,Student_10849,AIML,4,7,0
BIT10850,Student_10850,AIML,4,7,0
BIT10851,Student_10851,AIML,4,7,0
BIT10852,Student_10852,AIML,4,7,0
BIT10853,Student_10853,AIML,4,7,0
BIT10854,Student_10854,AIML,4,7,0
BIT10855,Student_10855,AIML,4,7,0
BIT10856,Student_10856,AIML,4,7,0
BIT10857,Student_10857,AIML,4,7,0
BIT10858,Student_10858,AIML,4,7,0
BIT10859,Student_10859,AIML,4,7,0
BIT10860,Student_10860,AIML,4,7,0
BIT10861,Student_10861,AIML,4,7,0
BIT10862,Student_10862,AIML,4,7,0
BIT10863,Student_10863,AIML,4,7,0
BIT10864,Student_10864,AIML,4,7,0
BIT10865,Student_10865,AIML,4,7,0
BIT10866,Student_10866,AIML,4,7,0
BIT10867,Student_10867,AIML,4,7,0
BIT10868,Student_10868,AIML,4,7,0
BIT10869,Student_10869,AIML,4,7,0
BIT10870,Student_10870,AIML,4,7,0
BIT10871,Student_10871,AIML,4,7,0
BIT10872,Student_10872,AIML,4,7,0
BIT10873,Student_10873,AIML,4,7,0
BIT10874,Student_10874,AIML,4,7,0
BIT10875,Student_10875,AIML,4,7,0
BIT10876,Student_10876,AIML,4,7,0
BIT10877,Student_10877,AIML,4,7,0
BIT10878,Student_10878,AIML,4,7,0
BIT10879,Student_10879,AIML,4,7,0
BIT10880,Student_10880,AIML,4,7,0
BIT10881,Student_10881,AIML,4,7,0
BIT10882,Student_10882,AIML,4,7,0
BIT10883,Student_10883,AIML,4,7,0
BIT10884,Student_10884,AIML,4,7,0
BIT10885,Student_10885,AIML,4,7,0
BIT10886,Student_10886,AIML,4,7,0
BIT10887,Student_10887,AIML,4,7,0
BIT10888,Student_10888,AIML,4,7,0
BIT10889,Student_10889,AIML,4,7,0
BIT10890,Student_10890,AIML,4,7,0
BIT10891,Student_10891,AIML,4,7,0
BIT10892,Student_10892,AIML,4,7,0
BIT10893,Student_10893,AIML,4,7,1
BIT10894,Student_10894,AIML,4,7,0
BIT10895,Student_10895,AIML,4,7,0
BIT10896,Student_10896,AIML,4,7,0
BIT10897,Student_10897,AIML,4,7,0
BIT10898,Student_10898,AIML,4,7,0
BIT10899,Student_10899,AIML,4,8,0
BIT10900,Student_10900,AIML,4,8,0
BIT10901,Student_10901,AIML,4,8,0
BIT10902,Student_10902,AIML,4,8,0
BIT10903,Student_10903,AIML,4,8,0
BIT10904,Student_10904,AIML,4,8,0
BIT10905,Student_10905,AIML,4,8,0
BIT10906,Student_10906,AIML,4,8,0
BIT10907,Student_10907,AIML,4,8,0
BIT10908,Student_10908,AIML,4,8,0
BIT10909,Student_10909,AIML,4,8,0
BIT10910,Student_10910,AIML,4,8,0
BIT10911,Student_10911,AIML,4,8,0
BIT10912,Student_10912,AIML,4,8,0
BIT10913,Student_10913,AIML,4,8,0
BIT10914,Student_10914,AIML,4,8,0
BIT10915,Student_10915,AIML,4,8,0
BIT10916,Student_10916,AIML,4,8,0
BIT10917,Student_10917,AIML,4,8,0
BIT10918,Student_10918,AIML,4,8,0
BIT10919,Student_10919,AIML,4,8,0
BIT10920,Student_10920,AIML,4,8,0
BIT10921,Student_10921,AIML,4,8,0
BIT10922,Student_10922,AIML,4,8,0
BIT10923,Student_10923,AIML,4,8,0
BIT10924,Student_10924,AIML,4,8,0
BIT10925,Student_10925,AIML,4,8,0
BIT10926,Student_10926,AIML,4,8,0
BIT10927,Student_10927,AIML,4,8,0
BIT10928,Student_10928,AIML,4,8,0
BIT10929,Student_10929,AIML,4,8,0
BIT10930,Student_10930,AIML,4,8,0
BIT10931,Student_10931,AIML,4,8,0
BIT10932,Student_10932,AIML,4,8,0
BIT10933,Student_10933,AIML,4,8,0
BIT10934,Student_10934,AIML,4,8,0
BIT10935,Student_10935,AIML,4,8,0
BIT10936,Student_10936,AIML,4,8,0
BIT10937,Student_10937,AIML,4,8,0
BIT10938,Student_10938,AIML,4,8,0
BIT10939,Student_10939,AIML,4,8,0
BIT10940,Student_10940,AIML,4,8,0
BIT10941,Student_10941,AIML,4,8,0
BIT10942,Student_10942,AIML,4,8,0
BIT10943,Student_10943,AIML,4,8,0
BIT10944,Student_10944,AIDS,1,1,0
BIT10945,Student_10945,AIDS,1,1,0
BIT10946,Student_10946,AIDS,1,1,0
BIT10947,Student_10947,AIDS,1,1,0
BIT10948,Student_10948,AIDS,1,1,0
BIT10949,Student_10949,AIDS,1,1,0
BIT10950,Student_10950,AIDS,1,1,0
BIT10951,Student_10951,AIDS,1,1,0
BIT10952,Student_10952,AIDS,1,1,0
BIT10953,Student_10953,AIDS,1,1,0
BIT10954,Student_10954,AIDS,1,1,0
BIT10955,Student_10955,AIDS,1,1,0
BIT10956,Student_10956,AIDS,1,1,0
BIT10957,Student_10957,AIDS,1,1,0
BIT10958,Student_10958,AIDS,1,1,0
BIT10959,Student_10959,AIDS,1,1,0
BIT10960,Student_10960,AIDS,1,1,1
BIT10961,Student_10961,AIDS,1,1,0
BIT10962,Student_10962,AIDS,1,1,0
BIT10963,Student_10963,AIDS,1,1,0
BIT10964,Student_10964,AIDS,1,1,0
BIT10965,Student_10965,AIDS,1,1,0
BIT10966,Student_10966,AIDS,1,1,0
BIT10967,Student_10967,AIDS,1,1,0
BIT10968,Student_10968,AIDS,1,1,0
BIT10969,Student_10969,AIDS,1,1,0
BIT10970,Student_10970,AIDS,1,1,0
BIT10971,Student_10971,AIDS,1,1,0
BIT10972,Student_10972,AIDS,1,1,0
BIT10973,Student_10973,AIDS,1,1,0
BIT10974,Student_10974,AIDS,1,1,1
BIT10975,Student_10975,AIDS,1,1,0
BIT10976,Student_10976,AIDS,1,1,0
BIT10977,Student_10977,AIDS,1,1,0
BIT10978,Student_10978,AIDS,1,1,0
BIT10979,Student_10979,AIDS,1,1,0
BIT10980,Student_10980,AIDS,1,1,0
BIT10981,Student_10981,AIDS,1,1,0
BIT10982,Student_10982,AIDS,1,1,0
BIT10983,Student_10983,AIDS,1,1,0
BIT10984,Student_10984,AIDS,1,1,0
BIT10985,Student_10985,AIDS,1,1,0
BIT10986,Student_10986,AIDS,1,1,0
BIT10987,Student_10987,AIDS,1,1,0
BIT10988,Student_10988,AIDS,1,1,0
BIT10989,Student_10989,AIDS,1,1,0
BIT10990,Student_10990,AIDS,1,1,0
BIT10991,Student_10991,AIDS,1,1,0
BIT10992,Student_10992,AIDS,1,1,0
BIT10993,Student_10993,AIDS,1,1,0
BIT10994,Student_10994,AIDS,1,1,0
BIT10995,Student_10995,AIDS,1,1,0
BIT10996,Student_10996,AIDS,1,1,0
BIT10997,Student_10997,AIDS,1,1,0
BIT10998,Student_10998,AIDS,1,1,0
BIT10999,Student_10999,AIDS,1,1,0
BIT11000,Student_11000,AIDS,1,1,0
BIT11001,Student_11001,AIDS,1,1,0
BIT11002,Student_11002,AIDS,1,1,0
BIT11003,Student_11003,AIDS,1,1,0
BIT11004,Student_11004,AIDS,1,2,0
BIT11005,Student_11005,AIDS,1,2,0
BIT11006,Student_11006,AIDS,1,2,0
BIT11007,Student_11007,AIDS,1,2,0
BIT11008,Student_11008,AIDS,1,2,0
BIT11009,Student_11009,AIDS,1,2,0
BIT11010,Student_11010,AIDS,1,2,0
BIT11011,Student_11011,AIDS,1,2,0
BIT11012,Student_11012,AIDS,1,2,0
BIT11013,Student_11013,AIDS,1,2,0
BIT11014,Student_11014,AIDS,1,2,0
BIT11015,Student_11015,AIDS,1,2,0
BIT11016,Student_11016,AIDS,1,2,0
BIT11017,Student_11017,AIDS,1,2,0
BIT11018,Student_11018,AIDS,1,2,0
BIT11019,Student_11019,AIDS,1,2,0
BIT11020,Student_11020,AIDS,1,2,0
BIT11021,Student_11021,AIDS,1,2,0
BIT11022,Student_11022,AIDS,1,2,0
BIT11023,Student_11023,AIDS,1,2,0
BIT11024,Student_11024,AIDS,1,2,0
BIT11025,Student_11025,AIDS,1,2,0
BIT11026,Student_11026,AIDS,1,2,0
BIT11027,Student_11027,AIDS,1,2,0
BIT11028,Student_11028,AIDS,1,2,0
BIT11029,Student_11029,AIDS,1,2,0
BIT11030,Student_11030,AIDS,1,2,0
BIT11031,Student_11031,AIDS,1,2,0
BIT11032,Student_11032,AIDS,1,2,0
BIT11033,Student_11033,AIDS,1,2,0
BIT11034,Student_11034,AIDS,1,2,0
BIT11035,Student_11035,AIDS,1,2,0
BIT11036,Student_11036,AIDS,1,2,0
BIT11037,Student_11037,AIDS,1,2,0
BIT11038,Student_11038,AIDS,1,2,0
BIT11039,Student_11039,AIDS,1,2,0
BIT11040,Student_11040,AIDS,1,2,0
BIT11041,Student_11041,AIDS,1,2,0
BIT11042,Student_11042,AIDS,1,2,0
BIT11043,Student_11043,AIDS,1,2,0
BIT11044,Student_11044,AIDS,1,2,0
BIT11045,Student_11045,AIDS,1,2,0
BIT11046,Student_11046,AIDS,1,2,0
BIT11047,Student_11047,AIDS,1,2,0
BIT11048,Student_11048,AIDS,1,2,0
BIT11049,Student_11049,AIDS,1,2,0
BIT11050,Student_11050,AIDS,1,2,0
BIT11051,Student_11051,AIDS,1,2,0
BIT11052,Student_11052,AIDS,1,2,0
BIT11053,Student_11053,AIDS,1,2,1
BIT11054,Student_11054,AIDS,1,2,0
BIT11055,Student_11055,AIDS,1,2,0
BIT11056,Student_11056,AIDS,1,2,1
BIT11057,Student_11057,AIDS,1,2,0
BIT11058,Student_11058,AIDS,1,2,0
BIT11059,Student_11059,AIDS,1,2,0
BIT11060,Student_11060,AIDS,1,2,0
BIT11061,Student_11061,AIDS,1,2,0
BIT11062,Student_11062,AIDS,1,2,0
BIT11063,Student_11063,AIDS,1,2,0
BIT11064,Student_11064,AIDS,1,2,0
BIT11065,Student_11065,AIDS,1,2,0
BIT11066,Student_11066,AIDS,1,2,0
BIT11067,Student_11067,AIDS,1,2,0
BIT11068,Student_11068,AIDS,1,2,0
BIT11069,Student_11069,AIDS,2,3,0
BIT11070,Student_11070,AIDS,2,3,0
BIT11071,Student_11071,AIDS,2,3,0
BIT11072,Student_11072,AIDS,2,3,0
BIT11073,Student_11073,AIDS,2,3,0
BIT11074,Student_11074,AIDS,2,3,0
BIT11075,Student_11075,AIDS,2,3,0
BIT11076,Student_11076,AIDS,2,3,0
BIT11077,Student_11077,AIDS,2,3,0
BIT11078,Student_11078,AIDS,2,3,0
BIT11079,Student_11079,AIDS,2,3,0
BIT11080,Student_11080,AIDS,2,3,0
BIT11081,Student_11081,AIDS,2,3,0
BIT11082,Student_11082,AIDS,2,3,0
BIT11083,Student_11083,AIDS,2,3,0
BIT11084,Student_11084,AIDS,2,3,0
BIT11085,Student_11085,AIDS,2,3,0
BIT11086,Student_11086,AIDS,2,3,0
BIT11087,Student_11087,AIDS,2,3,0
BIT11088,Student_11088,AIDS,2,3,0
BIT11089,Student_11089,AIDS,2,3,0
BIT11090,Student_11090,AIDS,2,3,0
BIT11091,Student_11091,AIDS,2,3,0
BIT11092,Student_11092,AIDS,2,3,0
BIT11093,Student_11093,AIDS,2,3,0
BIT11094,Student_11094,AIDS,2,3,0
BIT11095,Student_11095,AIDS,2,3,0
BIT11096,Student_11096,AIDS,2,3,0
BIT11097,Student_11097,AIDS,2,3,0
BIT11098,Student_11098,AIDS,2,3,0
BIT11099,Student_11099,AIDS,2,3,0
BIT11100,Student_11100,AIDS,2,3,0
BIT11101,Student_11101,AIDS,2,3,0
BIT11102,Student_11102,AIDS,2,3,0
BIT11103,Student_11103,AIDS,2,3,0
BIT11104,Student_11104,AIDS,2,3,0
BIT11105,Student_11105,AIDS,2,3,0
BIT11106,Student_11106,AIDS,2,3,0
BIT11107,Student_11107,AIDS,2,3,0
BIT11108,Student_11108,AIDS,2,3,0
BIT11109,Student_11109,AIDS,2,3,0
BIT11110,Student_11110,AIDS,2,3,0
BIT11111,Student_11111,AIDS,2,3,0
BIT11112,Student_11112,AIDS,2,3,0
BIT11113,Student_11113,AIDS,2,3,0
BIT11114,Student_11114,AIDS,2,3,0
BIT11115,Student_11115,AIDS,2,3,0
BIT11116,Student_11116,AIDS,2,3,0
BIT11117,Student_11117,AIDS,2,3,0
BIT11118,Student_11118,AIDS,2,4,0
BIT11119,Student_11119,AIDS,2,4,0
BIT11120,Student_11120,AIDS,2,4,0
BIT11121,Student_11121,AIDS,2,4,0
BIT11122,Student_11122,AIDS,2,4,0
BIT11123,Student_11123,AIDS,2,4,0
BIT11124,Student_11124,AIDS,2,4,0
BIT11125,Student_11125,AIDS,2,4,0
BIT11126,Student_11126,AIDS,2,4,0
BIT11127,Student_11127,AIDS,2,4,0
BIT11128,Student_11128,AIDS,2,4,0
BIT11129,Student_11129,AIDS,2,4,0
BIT11130,Student_11130,AIDS,2,4,0
BIT11131,Student_11131,AIDS,2,4,0
BIT11132,Student_11132,AIDS,2,4,0
BIT11133,Student_11133,AIDS,2,4,0
BIT11134,Student_11134,AIDS,2,4,0
BIT11135,Student_11135,AIDS,2,4,0
BIT11136,Student_11136,AIDS,2,4,0
BIT11137,Student_11137,AIDS,2,4,0
BIT11138,Student_11138,AIDS,2,4,0
BIT11139,Student_11139,AIDS,2,4,0
BIT11140,Student_11140,AIDS,2,4,0
BIT11141,Student_11141,AIDS,2,4,0
BIT11142,Student_11142,AIDS,2,4,0
BIT11143,Student_11143,AIDS,2,4,0
BIT11144,Student_11144,AIDS,2,4,0
BIT11145,Student_11145,AIDS,2,4,0
BIT11146,Student_11146,AIDS,2,4,1
BIT11147,Student_11147,AIDS,2,4,0
BIT11148,Student_11148,AIDS,2,4,0
BIT11149,Student_11149,AIDS,2,4,0
BIT11150,Student_11150,AIDS,2,4,0
BIT11151,Student_11151,AIDS,2,4,0
BIT11152,Student_11152,AIDS,2,4,0
BIT11153,Student_11153,AIDS,2,4,0
BIT11154,Student_11154,AIDS,2,4,0
BIT11155,Student_11155,AIDS,2,4,0
BIT11156,Student_11156,AIDS,2,4,0
BIT11157,Student_11157,AIDS,2,4,0
BIT11158,Student_11158,AIDS,2,4,0
BIT11159,Student_11159,AIDS,2,4,0
BIT11160,Student_11160,AIDS,2,4,0
BIT11161,Student_11161,AIDS,2,4,0
BIT11162,Student_11162,AIDS,2,4,0
BIT11163,Student_11163,AIDS,2,4,0
BIT11164,Student_11164,AIDS,2,4,0
BIT11165,Student_11165,AIDS,2,4,0
BIT11166,Student_11166,AIDS,2,4,0
BIT11167,Student_11167,AIDS,2,4,0
BIT11168,Student_11168,AIDS,2,4,0
BIT11169,Student_11169,AIDS,2,4,0
BIT11170,Student_11170,AIDS,2,4,0
BIT11171,Student_11171,AIDS,2,4,0
BIT11172,Student_11172,AIDS,2,4,0
BIT11173,Student_11173,AIDS,2,4,0
BIT11174,Student_11174,AIDS,2,4,0
BIT11175,Student_11175,AIDS,2,4,0
BIT11176,Student_11176,AIDS,2,4,0
BIT11177,Student_11177,AIDS,2,4,0
BIT11178,Student_11178,AIDS,2,4,0
BIT11179,Student_11179,AIDS,2,4,0
BIT11180,Student_11180,AIDS,3,5,0
BIT11181,Student_11181,AIDS,3,5,0
BIT11182,Student_11182,AIDS,3,5,0
BIT11183,Student_11183,AIDS,3,5,0
BIT11184,Student_11184,AIDS,3,5,0
BIT11185,Student_11185,AIDS,3,5,0
BIT11186,Student_11186,AIDS,3,5,0
BIT11187,Student_11187,AIDS,3,5,0
BIT11188,Student_11188,AIDS,3,5,0
BIT11189,Student_11189,AIDS,3,5,0
BIT11190,Student_11190,AIDS,3,5,0
BIT11191,Student_11191,AIDS,3,5,0
BIT11192,Student_11192,AIDS,3,5,0
BIT11193,Student_11193,AIDS,3,5,0
BIT11194,Student_11194,AIDS,3,5,0
BIT11195,Student_11195,AIDS,3,5,1
BIT11196,Student_11196,AIDS,3,5,0
BIT11197,Student_11197,AIDS,3,5,0
BIT11198,Student_11198,AIDS,3,5,0
BIT11199,Student_11199,AIDS,3,5,0
BIT11200,Student_11200,AIDS,3,5,0
BIT11201,Student_11201,AIDS,3,5,0
BIT11202,Student_11202,AIDS,3,5,0
BIT11203,Student_11203,AIDS,3,5,0
BIT11204,Student_11204,AIDS,3,5,0
BIT11205,Student_11205,AIDS,3,5,0
BIT11206,Student_11206,AIDS,3,5,0
BIT11207,Student_11207,AIDS,3,5,0
BIT11208,Student_11208,AIDS,3,5,0
BIT11209,Student_11209,AIDS,3,5,0
BIT11210,Student_11210,AIDS,3,5,0
BIT11211,Student_11211,AIDS,3,5,0
BIT11212,Student_11212,AIDS,3,5,0
BIT11213,Student_11213,AIDS,3,5,0
BIT11214,Student_11214,AIDS,3,5,0
BIT11215,Student_11215,AIDS,3,5,0
BIT11216,Student_11216,AIDS,3,5,0
BIT11217,Student_11217,AIDS,3,5,1
BIT11218,Student_11218,AIDS,3,5,0
BIT11219,Student_11219,AIDS,3,5,0
BIT11220,Student_11220,AIDS,3,5,0
BIT11221,Student_11221,AIDS,3,5,0
BIT11222,Student_11222,AIDS,3,5,0
BIT11223,Student_11223,AIDS,3,5,0
BIT11224,Student_11224,AIDS,3,5,0
BIT11225,Student_11225,AIDS,3,5,0
BIT11226,Student_11226,AIDS,3,5,0
BIT11227,Student_11227,AIDS,3,5,0
BIT11228,Student_11228,AIDS,3,5,0
BIT11229,Student_11229,AIDS,3,5,0
BIT11230,Student_11230,AIDS,3,5,0
BIT11231,Student_11231,AIDS,3,5,0
BIT11232,Student_11232,AIDS,3,5,0
BIT11233,Student_11233,AIDS,3,5,0
BIT11234,Student_11234,AIDS,3,5,0
BIT11235,Student_11235,AIDS,3,5,0
BIT11236,Student_11236,AIDS,3,5,0
BIT11237,Student_11237,AIDS,3,5,0
BIT11238,Student_11238,AIDS,3,5,0
BIT11239,Student_11239,AIDS,3,5,0
BIT11240,Student_11240,AIDS,3,5,0
BIT11241,Student_11241,AIDS,3,5,0
BIT11242,Student_11242,AIDS,3,5,0
BIT11243,Student_11243,AIDS,3,5,0
BIT11244,Student_11244,AIDS,3,5,0
BIT11245,Student_11245,AIDS,3,5,0
BIT11246,Student_11246,AIDS,3,5,0
BIT11247,Student_11247,AIDS,3,5,0
BIT11248,Student_11248,AIDS,3,5,0
BIT11249,Student_11249,AIDS,3,5,0
BIT11250,Student_11250,AIDS,3,6,0
BIT11251,Student_11251,AIDS,3,6,0
BIT11252,Student_11252,AIDS,3,6,0
BIT11253,Student_11253,AIDS,3,6,0
BIT11254,Student_11254,AIDS,3,6,1
BIT11255,Student_11255,AIDS,3,6,0
BIT11256,Student_11256,AIDS,3,6,0
BIT11257,Student_11257,AIDS,3,6,0
BIT11258,Student_11258,AIDS,3,6,0
BIT11259,Student_11259,AIDS,3,6,0
BIT11260,Student_11260,AIDS,3,6,0
BIT11261,Student_11261,AIDS,3,6,0
BIT11262,Student_11262,AIDS,3,6,0
BIT11263,Student_11263,AIDS,3,6,0
BIT11264,Student_11264,AIDS,3,6,0
BIT11265,Student_11265,AIDS,3,6,0
BIT11266,Student_11266,AIDS,3,6,0
BIT11267,Student_11267,AIDS,3,6,0
BIT11268,Student_11268,AIDS,3,6,0
BIT11269,Student_11269,AIDS,3,6,0
BIT11270,Student_11270,AIDS,3,6,0
BIT11271,Student_11271,AIDS,3,6,0
BIT11272,Student_11272,AIDS,3,6,0
BIT11273,Student_11273,AIDS,3,6,0
BIT11274,Student_11274,AIDS,3,6,0
BIT11275,Student_11275,AIDS,3,6,0
BIT11276,Student_11276,AIDS,3,6,0
BIT11277,Student_11277,AIDS,3,6,0
BIT11278,Student_11278,AIDS,3,6,0
BIT11279,Student_11279,AIDS,3,6,1
BIT11280,Student_11280,AIDS,3,6,0
BIT11281,Student_11281,AIDS,3,6,0
BIT11282,Student_11282,AIDS,3,6,0
BIT11283,Student_11283,AIDS,3,6,0
BIT11284,Student_11284,AIDS,3,6,0
BIT11285,Student_11285,AIDS,3,6,0
BIT11286,Student_11286,AIDS,3,6,0
BIT11287,Student_11287,AIDS,3,6,0
BIT11288,Student_11288,AIDS,3,6,0
BIT11289,Student_11289,AIDS,3,6,0
BIT11290,Student_11290,AIDS,3,6,0
BIT11291,Student_11291,AIDS,3,6,0
BIT11292,Student_11292,AIDS,3,6,0
BIT11293,Student_11293,AIDS,3,6,0
BIT11294,Student_11294,AIDS,3,6,0
BIT11295,Student_11295,AIDS,3,6,0
BIT11296,Student_11296,AIDS,3,6,0
BIT11297,Student_11297,AIDS,3,6,0
BIT11298,Student_11298,AIDS,3,6,0
BIT11299,Student_11299,AIDS,3,6,0
BIT11300,Student_11300,AIDS,3,6,0
BIT11301,Student_11301,AIDS,3,6,0
BIT11302,Student_11302,AIDS,3,6,0
BIT11303,Student_11303,AIDS,3,6,0
BIT11304,Student_11304,AIDS,3,6,0
BIT11305,Student_11305,AIDS,3,6,0
BIT11306,Student_11306,AIDS,3,6,0
BIT11307,Student_11307,AIDS,3,6,0
BIT11308,Student_11308,AIDS,3,6,0
BIT11309,Student_11309,AIDS,3,6,0
BIT11310,Student_11310,AIDS,3,6,0
BIT11311,Student_11311,AIDS,3,6,0
BIT11312,Student_11312,AIDS,3,6,0
BIT11313,Student_11313,AIDS,3,6,0
BIT11314,Student_11314,AIDS,4,7,0
BIT11315,Student_11315,AIDS,4,7,0
BIT11316,Student_11316,AIDS,4,7,0
BIT11317,Student_11317,AIDS,4,7,0
BIT11318,Student_11318,AIDS,4,7,0
BIT11319,Student_11319,AIDS,4,7,0
BIT11320,Student_11320,AIDS,4,7,0
BIT11321,Student_11321,AIDS,4,7,0
BIT11322,Student_11322,AIDS,4,7,1
BIT11323,Student_11323,AIDS,4,7,0
BIT11324,Student_11324,AIDS,4,7,0
BIT11325,Student_11325,AIDS,4,7,0
BIT11326,Student_11326,AIDS,4,7,0
BIT11327,Student_11327,AIDS,4,7,0
BIT11328,Student_11328,AIDS,4,7,0
BIT11329,Student_11329,AIDS,4,7,0
BIT11330,Student_11330,AIDS,4,7,0
BIT11331,Student_11331,AIDS,4,7,0
BIT11332,Student_11332,AIDS,4,7,0
BIT11333,Student_11333,AIDS,4,7,0
BIT11334,Student_11334,AIDS,4,7,0
BIT11335,Student_11335,AIDS,4,7,0
BIT11336,Student_11336,AIDS,4,7,0
BIT11337,Student_11337,AIDS,4,7,0
BIT11338,Student_11338,AIDS,4,7,0
BIT11339,Student_11339,AIDS,4,7,0
BIT11340,Student_11340,AIDS,4,7,0
BIT11341,Student_11341,AIDS,4,7,0
BIT11342,Student_11342,AIDS,4,7,0
BIT11343,Student_11343,AIDS,4,7,0
BIT11344,Student_11344,AIDS,4,7,0
BIT11345,Student_11345,AIDS,4,7,0
BIT11346,Student_11346,AIDS,4,7,0
BIT11347,Student_11347,AIDS,4,7,0
BIT11348,Student_11348,AIDS,4,7,0
BIT11349,Student_11349,AIDS,4,7,0
BIT11350,Student_11350,AIDS,4,7,0
BIT11351,Student_11351,AIDS,4,7,0
BIT11352,Student_11352,AIDS,4,7,0
BIT11353,Student_11353,AIDS,4,7,0
BIT11354,Student_11354,AIDS,4,7,0
BIT11355,Student_11355,AIDS,4,7,0
BIT11356,Student_11356,AIDS,4,7,0
BIT11357,Student_11357,AIDS,4,7,0
BIT11358,Student_11358,AIDS,4,7,0
BIT11359,Student_11359,AIDS,4,7,0
BIT11360,Student_11360,AIDS,4,7,0
BIT11361,Student_11361,AIDS,4,7,0
BIT11362,Student_11362,AIDS,4,7,0
BIT11363,Student_11363,AIDS,4,7,0
BIT11364,Student_11364,AIDS,4,7,0
BIT11365,Student_11365,AIDS,4,7,0
BIT11366,Student_11366,AIDS,4,7,1
BIT11367,Student_11367,AIDS,4,7,0
BIT11368,Student_11368,AIDS,4,7,0
BIT11369,Student_11369,AIDS,4,8,0
BIT11370,Student_11370,AIDS,4,8,0
BIT11371,Student_11371,AIDS,4,8,0
BIT11372,Student_11372,AIDS,4,8,0
BIT11373,Student_11373,AIDS,4,8,0
BIT11374,Student_11374,AIDS,4,8,0
BIT11375,Student_11375,AIDS,4,8,0
BIT11376,Student_11376,AIDS,4,8,0
BIT11377,Student_11377,AIDS,4,8,0
BIT11378,Student_11378,AIDS,4,8,0
BIT11379,Student_11379,AIDS,4,8,0
BIT11380,Student_11380,AIDS,4,8,0
BIT11381,Student_11381,AIDS,4,8,0
BIT11382,Student_11382,AIDS,4,8,0
BIT11383,Student_11383,AIDS,4,8,0
BIT11384,Student_11384,AIDS,4,8,0
BIT11385,Student_11385,AIDS,4,8,0
BIT11386,Student_11386,AIDS,4,8,0
BIT11387,Student_11387,AIDS,4,8,0
BIT11388,Student_11388,AIDS,4,8,0
BIT11389,Student_11389,AIDS,4,8,0
BIT11390,Student_11390,AIDS,4,8,0
BIT11391,Student_11391,AIDS,4,8,0
BIT11392,Student_11392,AIDS,4,8,0
BIT11393,Student_11393,AIDS,4,8,0
BIT11394,Student_11394,AIDS,4,8,0
BIT11395,Student_11395,AIDS,4,8,0
BIT11396,Student_11396,AIDS,4,8,0
BIT11397,Student_11397,AIDS,4,8,0
BIT11398,Student_11398,AIDS,4,8,0
BIT11399,Student_11399,AIDS,4,8,0
BIT11400,Student_11400,AIDS,4,8,0
BIT11401,Student_11401,AIDS,4,8,0
BIT11402,Student_11402,AIDS,4,8,0
BIT11403,Student_11403,AIDS,4,8,0
BIT11404,Student_11404,AIDS,4,8,0
BIT11405,Student_11405,AIDS,4,8,0
BIT11406,Student_11406,AIDS,4,8,0
BIT11407,Student_11407,AIDS,4,8,0
BIT11408,Student_11408,AIDS,4,8,0
BIT11409,Student_11409,AIDS,4,8,0
BIT11410,Student_11410,AIDS,4,8,0
BIT11411,Student_11411,AIDS,4,8,0
BIT11412,Student_11412,AIDS,4,8,0
BIT11413,Student_11413,AIDS,4,8,0
BIT11414,Student_11414,AIDS,4,8,0
BIT11415,Student_11415,AIDS,4,8,0
BIT11416,Student_11416,AIDS,4,8,0
BIT11417,Student_11417,AIDS,4,8,0
BIT11418,Student_11418,AIDS,4,8,0
BIT11419,Student_11419,AIDS,4,8,0
BIT11420,Student_11420,AIDS,4,8,0
BIT11421,Student_11421,AIDS,4,8,0
BIT11422,Student_11422,AIDS,4,8,0
BIT11423,Student_11423,AIDS,4,8,0
BIT11424,Student_11424,AIDS,4,8,0
BIT11425,Student_11425,AIDS,4,8,0
BIT11426,Student_11426,AIDS,4,8,0
BIT11427,Student_11427,AIDS,4,8,0
BIT11428,Student_11428,AIDS,4,8,0
BIT11429,Student_11429,AIDS,4,8,0
BIT11430,Student_11430,AIDS,4,8,0
BIT11431,Student_11431,AIDS,4,8,0
BIT11432,Student_11432,AIDS,4,8,0
BIT11433,Student_11433,AIDS,4,8,0
BIT11434,Student_11434,AIDS,4,8,0
BIT11435,Student_11435,AIDS,4,8,0
BIT11436,Student_11436,AIDS,4,8,0
BIT11437,Student_11437,ECE,1,1,0
BIT11438,Student_11438,ECE,1,1,0
BIT11439,Student_11439,ECE,1,1,0
BIT11440,Student_11440,ECE,1,1,0
BIT11441,Student_11441,ECE,1,1,0
BIT11442,Student_11442,ECE,1,1,0
BIT11443,Student_11443,ECE,1,1,0
BIT11444,Student_11444,ECE,1,1,0
BIT11445,Student_11445,ECE,1,1,0
BIT11446,Student_11446,ECE,1,1,0
BIT11447,Student_11447,ECE,1,1,1
BIT11448,Student_11448,ECE,1,1,0
BIT11449,Student_11449,ECE,1,1,0
BIT11450,Student_11450,ECE,1,1,0
BIT11451,Student_11451,ECE,1,1,0
BIT11452,Student_11452,ECE,1,1,0
BIT11453,Student_11453,ECE,1,1,0
BIT11454,Student_11454,ECE,1,1,0
BIT11455,Student_11455,ECE,1,1,0
BIT11456,Student_11456,ECE,1,1,0
BIT11457,Student_11457,ECE,1,1,0
BIT11458,Student_11458,ECE,1,1,0
BIT11459,Student_11459,ECE,1,1,0
BIT11460,Student_11460,ECE,1,1,0
BIT11461,Student_11461,ECE,1,1,0
BIT11462,Student_11462,ECE,1,1,0
BIT11463,Student_11463,ECE,1,1,0
BIT11464,Student_11464,ECE,1,1,0
BIT11465,Student_11465,ECE,1,1,0
BIT11466,Student_11466,ECE,1,1,0
BIT11467,Student_11467,ECE,1,1,0
BIT11468,Student_11468,ECE,1,1,0
BIT11469,Student_11469,ECE,1,1,0
BIT11470,Student_11470,ECE,1,1,0
BIT11471,Student_11471,ECE,1,1,0
BIT11472,Student_11472,ECE,1,1,0
BIT11473,Student_11473,ECE,1,1,0
BIT11474,Student_11474,ECE,1,1,0
BIT11475,Student_11475,ECE,1,1,0
BIT11476,Student_11476,ECE,1,1,0
BIT11477,Student_11477,ECE,1,1,0
BIT11478,Student_11478,ECE,1,1,0
BIT11479,Student_11479,ECE,1,1,1
BIT11480,Student_11480,ECE,1,1,0
BIT11481,Student_11481,ECE,1,1,0
BIT11482,Student_11482,ECE,1,1,0
BIT11483,Student_11483,ECE,1,1,0
BIT11484,Student_11484,ECE,1,1,0
BIT11485,Student_11485,ECE,1,2,0
BIT11486,Student_11486,ECE,1,2,0
BIT11487,Student_11487,ECE,1,2,0
BIT11488,Student_11488,ECE,1,2,0
BIT11489,Student_11489,ECE,1,2,0
BIT11490,Student_11490,ECE,1,2,0
BIT11491,Student_11491,ECE,1,2,0
BIT11492,Student_11492,ECE,1,2,0
BIT11493,Student_11493,ECE,1,2,0
BIT11494,Student_11494,ECE,1,2,0
BIT11495,Student_11495,ECE,1,2,0
BIT11496,Student_11496,ECE,1,2,0
BIT11497,Student_11497,ECE,1,2,0
BIT11498,Student_11498,ECE,1,2,0
BIT11499,Student_11499,ECE,1,2,0
BIT11500,Student_11500,ECE,1,2,0
BIT11501,Student_11501,ECE,1,2,0
BIT11502,Student_11502,ECE,1,2,0
BIT11503,Student_11503,ECE,1,2,0
BIT11504,Student_11504,ECE,1,2,0
BIT11505,Student_11505,ECE,1,2,0
BIT11506,Student_11506,ECE,1,2,0
BIT11507,Student_11507,ECE,1,2,0
BIT11508,Student_11508,ECE,1,2,0
BIT11509,Student_11509,ECE,1,2,0
BIT11510,Student_11510,ECE,1,2,0
BIT11511,Student_11511,ECE,1,2,0
BIT11512,Student_11512,ECE,1,2,0
BIT11513,Student_11513,ECE,1,2,0
BIT11514,Student_11514,ECE,1,2,0
BIT11515,Student_11515,ECE,1,2,0
BIT11516,Student_11516,ECE,1,2,0
BIT11517,Student_11517,ECE,1,2,0
BIT11518,Student_11518,ECE,1,2,0
BIT11519,Student_11519,ECE,1,2,0
BIT11520,Student_11520,ECE,1,2,0
BIT11521,Student_11521,ECE,1,2,0
BIT11522,Student_11522,ECE,1,2,0
BIT11523,Student_11523,ECE,1,2,0
BIT11524,Student_11524,ECE,1,2,0
BIT11525,Student_11525,ECE,1,2,0
BIT11526,Student_11526,ECE,1,2,0
BIT11527,Student_11527,ECE,1,2,0
BIT11528,Student_11528,ECE,1,2,0
BIT11529,Student_11529,ECE,1,2,0
BIT11530,Student_11530,ECE,1,2,0
BIT11531,Student_11531,ECE,1,2,0
BIT11532,Student_11532,ECE,1,2,0
BIT11533,Student_11533,ECE,1,2,0
BIT11534,Student_11534,ECE,1,2,0
BIT11535,Student_11535,ECE,1,2,0
BIT11536,Student_11536,ECE,1,2,0
BIT11537,Student_11537,ECE,2,3,0
BIT11538,Student_11538,ECE,2,3,0
BIT11539,Student_11539,ECE,2,3,0
BIT11540,Student_11540,ECE,2,3,0
BIT11541,Student_11541,ECE,2,3,0
BIT11542,Student_11542,ECE,2,3,0
BIT11543,Student_11543,ECE,2,3,0
BIT11544,Student_11544,ECE,2,3,1
BIT11545,Student_11545,ECE,2,3,0
BIT11546,Student_11546,ECE,2,3,0
BIT11547,Student_11547,ECE,2,3,1
BIT11548,Student_11548,ECE,2,3,0
BIT11549,Student_11549,ECE,2,3,0
BIT11550,Student_11550,ECE,2,3,0
BIT11551,Student_11551,ECE,2,3,0
BIT11552,Student_11552,ECE,2,3,0
BIT11553,Student_11553,ECE,2,3,0
BIT11554,Student_11554,ECE,2,3,0
BIT11555,Student_11555,ECE,2,3,0
BIT11556,Student_11556,ECE,2,3,0
BIT11557,Student_11557,ECE,2,3,0
BIT11558,Student_11558,ECE,2,3,0
BIT11559,Student_11559,ECE,2,3,0
BIT11560,Student_11560,ECE,2,3,0
BIT11561,Student_11561,ECE,2,3,0
BIT11562,Student_11562,ECE,2,3,0
BIT11563,Student_11563,ECE,2,3,0
BIT11564,Student_11564,ECE,2,3,0
BIT11565,Student_11565,ECE,2,3,0
BIT11566,Student_11566,ECE,2,3,0
BIT11567,Student_11567,ECE,2,3,0
BIT11568,Student_11568,ECE,2,3,0
BIT11569,Student_11569,ECE,2,3,0
BIT11570,Student_11570,ECE,2,3,0
BIT11571,Student_11571,ECE,2,3,0
BIT11572,Student_11572,ECE,2,3,0
BIT11573,Student_11573,ECE,2,3,0
BIT11574,Student_11574,ECE,2,3,0
BIT11575,Student_11575,ECE,2,3,0
BIT11576,Student_11576,ECE,2,3,0
BIT11577,Student_11577,ECE,2,3,0
BIT11578,Student_11578,ECE,2,3,0
BIT11579,Student_11579,ECE,2,3,0
BIT11580,Student_11580,ECE,2,3,0
BIT11581,Student_11581,ECE,2,3,0
BIT11582,Student_11582,ECE,2,3,0
BIT11583,Student_11583,ECE,2,3,0
BIT11584,Student_11584,ECE,2,3,0
BIT11585,Student_11585,ECE,2,3,0
BIT11586,Student_11586,ECE,2,3,0
BIT11587,Student_11587,ECE,2,3,0
BIT11588,Student_11588,ECE,2,3,0
BIT11589,Student_11589,ECE,2,3,0
BIT11590,Student_11590,ECE,2,3,0
BIT11591,Student_11591,ECE,2,3,0
BIT11592,Student_11592,ECE,2,3,0
BIT11593,Student_11593,ECE,2,3,0
BIT11594,Student_11594,ECE,2,3,0
BIT11595,Student_11595,ECE,2,3,0
BIT11596,Student_11596,ECE,2,3,0
BIT11597,Student_11597,ECE,2,3,0
BIT11598,Student_11598,ECE,2,3,0
BIT11599,Student_11599,ECE,2,3,0
BIT11600,Student_11600,ECE,2,3,1
BIT11601,Student_11601,ECE,2,3,0
BIT11602,Student_11602,ECE,2,3,0
BIT11603,Student_11603,ECE,2,3,0
BIT11604,Student_11604,ECE,2,3,0
BIT11605,Student_11605,ECE,2,3,0
BIT11606,Student_11606,ECE,2,3,0
BIT11607,Student_11607,ECE,2,3,0
BIT11608,Student_11608,ECE,2,4,0
BIT11609,Student_11609,ECE,2,4,0
BIT11610,Student_11610,ECE,2,4,0
BIT11611,Student_11611,ECE,2,4,0
BIT11612,Student_11612,ECE,2,4,0
BIT11613,Student_11613,ECE,2,4,0
BIT11614,Student_11614,ECE,2,4,0
BIT11615,Student_11615,ECE,2,4,0
BIT11616,Student_11616,ECE,2,4,0
BIT11617,Student_11617,ECE,2,4,0
BIT11618,Student_11618,ECE,2,4,0
BIT11619,Student_11619,ECE,2,4,0
BIT11620,Student_11620,ECE,2,4,0
BIT11621,Student_11621,ECE,2,4,0
BIT11622,Student_11622,ECE,2,4,0
BIT11623,Student_11623,ECE,2,4,0
BIT11624,Student_11624,ECE,2,4,0
BIT11625,Student_11625,ECE,2,4,0
BIT11626,Student_11626,ECE,2,4,0
BIT11627,Student_11627,ECE,2,4,0
BIT11628,Student_11628,ECE,2,4,0
BIT11629,Student_11629,ECE,2,4,0
BIT11630,Student_11630,ECE,2,4,0
BIT11631,Student_11631,ECE,2,4,0
BIT11632,Student_11632,ECE,2,4,0
BIT11633,Student_11633,ECE,2,4,0
BIT11634,Student_11634,ECE,2,4,0
BIT11635,Student_11635,ECE,2,4,0
BIT11636,Student_11636,ECE,2,4,0
BIT11637,Student_11637,ECE,2,4,0
BIT11638,Student_11638,ECE,2,4,0
BIT11639,Student_11639,ECE,2,4,0
BIT11640,Student_11640,ECE,2,4,0
BIT11641,Student_11641,ECE,2,4,0
BIT11642,Student_11642,ECE,2,4,1
BIT11643,Student_11643,ECE,2,4,0
BIT11644,Student_11644,ECE,2,4,0
BIT11645,Student_11645,ECE,2,4,0
BIT11646,Student_11646,ECE,2,4,0
BIT11647,Student_11647,ECE,2,4,0
BIT11648,Student_11648,ECE,2,4,0
BIT11649,Student_11649,ECE,2,4,0
BIT11650,Student_11650,ECE,2,4,0
BIT11651,Student_11651,ECE,2,4,0
BIT11652,Student_11652,ECE,2,4,0
BIT11653,Student_11653,ECE,2,4,0
BIT11654,Student_11654,ECE,2,4,0
BIT11655,Student_11655,ECE,2,4,0
BIT11656,Student_11656,ECE,2,4,0
BIT11657,Student_11657,ECE,2,4,1
BIT11658,Student_11658,ECE,2,4,0
BIT11659,Student_11659,ECE,2,4,0
BIT11660,Student_11660,ECE,2,4,0
BIT11661,Student_11661,ECE,2,4,0
BIT11662,Student_11662,ECE,2,4,0
BIT11663,Student_11663,ECE,2,4,0
BIT11664,Student_11664,ECE,2,4,0
BIT11665,Student_11665,ECE,2,4,0
BIT11666,Student_11666,ECE,2,4,0
BIT11667,Student_11667,ECE,2,4,0
BIT11668,Student_11668,ECE,2,4,0
BIT11669,Student_11669,ECE,2,4,0
BIT11670,Student_11670,ECE,2,4,0
BIT11671,Student_11671,ECE,2,4,0
BIT11672,Student_11672,ECE,2,4,0
BIT11673,Student_11673,ECE,2,4,0
BIT11674,Student_11674,ECE,3,5,0
BIT11675,Student_11675,ECE,3,5,0
BIT11676,Student_11676,ECE,3,5,0
BIT11677,Student_11677,ECE,3,5,0
BIT11678,Student_11678,ECE,3,5,0
BIT11679,Student_11679,ECE,3,5,0
BIT11680,Student_11680,ECE,3,5,0
BIT11681,Student_11681,ECE,3,5,0
BIT11682,Student_11682,ECE,3,5,0
BIT11683,Student_11683,ECE,3,5,0
BIT11684,Student_11684,ECE,3,5,0
BIT11685,Student_11685,ECE,3,5,0
BIT11686,Student_11686,ECE,3,5,0
BIT11687,Student_11687,ECE,3,5,0
BIT11688,Student_11688,ECE,3,5,0
BIT11689,Student_11689,ECE,3,5,0
BIT11690,Student_11690,ECE,3,5,1
BIT11691,Student_11691,ECE,3,5,0
BIT11692,Student_11692,ECE,3,5,0
BIT11693,Student_11693,ECE,3,5,0
BIT11694,Student_11694,ECE,3,5,0
BIT11695,Student_11695,ECE,3,5,0
BIT11696,Student_11696,ECE,3,5,0
BIT11697,Student_11697,ECE,3,5,0
BIT11698,Student_11698,ECE,3,5,0
BIT11699,Student_11699,ECE,3,5,0
BIT11700,Student_11700,ECE,3,5,0
BIT11701,Student_11701,ECE,3,5,0
BIT11702,Student_11702,ECE,3,5,0
BIT11703,Student_11703,ECE,3,5,0
BIT11704,Student_11704,ECE,3,5,0
BIT11705,Student_11705,ECE,3,5,0
BIT11706,Student_11706,ECE,3,5,0
BIT11707,Student_11707,ECE,3,5,0
BIT11708,Student_11708,ECE,3,5,0
BIT11709,Student_11709,ECE,3,5,0
BIT11710,Student_11710,ECE,3,5,0
BIT11711,Student_11711,ECE,3,5,0
BIT11712,Student_11712,ECE,3,5,0
BIT11713,Student_11713,ECE,3,5,0
BIT11714,Student_11714,ECE,3,5,0
BIT11715,Student_11715,ECE,3,5,0
BIT11716,Student_11716,ECE,3,5,0
BIT11717,Student_11717,ECE,3,5,0
BIT11718,Student_11718,ECE,3,5,0
BIT11719,Student_11719,ECE,3,5,0
BIT11720,Student_11720,ECE,3,5,0
BIT11721,Student_11721,ECE,3,5,0
BIT11722,Student_11722,ECE,3,5,0
BIT11723,Student_11723,ECE,3,5,0
BIT11724,Student_11724,ECE,3,5,0
BIT11725,Student_11725,ECE,3,5,0
BIT11726,Student_11726,ECE,3,5,0
BIT11727,Student_11727,ECE,3,5,0
BIT11728,Student_11728,ECE,3,5,0
BIT11729,Student_11729,ECE,3,5,0
BIT11730,Student_11730,ECE,3,5,0
BIT11731,Student_11731,ECE,3,5,0
BIT11732,Student_11732,ECE,3,6,0
BIT11733,Student_11733,ECE,3,6,0
BIT11734,Student_11734,ECE,3,6,0
BIT11735,Student_11735,ECE,3,6,0
BIT11736,Student_11736,ECE,3,6,0
BIT11737,Student_11737,ECE,3,6,0
BIT11738,Student_11738,ECE,3,6,0
BIT11739,Student_11739,ECE,3,6,0
BIT11740,Student_11740,ECE,3,6,0
BIT11741,Student_11741,ECE,3,6,0
BIT11742,Student_11742,ECE,3,6,0
BIT11743,Student_11743,ECE,3,6,0
BIT11744,Student_11744,ECE,3,6,0
BIT11745,Student_11745,ECE,3,6,0
BIT11746,Student_11746,ECE,3,6,0
BIT11747,Student_11747,ECE,3,6,0
BIT11748,Student_11748,ECE,3,6,0
BIT11749,Student_11749,ECE,3,6,0
BIT11750,Student_11750,ECE,3,6,0
BIT11751,Student_11751,ECE,3,6,0
BIT11752,Student_11752,ECE,3,6,1
BIT11753,Student_11753,ECE,3,6,0
BIT11754,Student_11754,ECE,3,6,0
BIT11755,Student_11755,ECE,3,6,0
BIT11756,Student_11756,ECE,3,6,0
BIT11757,Student_11757,ECE,3,6,0
BIT11758,Student_11758,ECE,3,6,0
BIT11759,Student_11759,ECE,3,6,0
BIT11760,Student_11760,ECE,3,6,0
BIT11761,Student_11761,ECE,3,6,0
BIT11762,Student_11762,ECE,3,6,0
BIT11763,Student_11763,ECE,3,6,0
BIT11764,Student_11764,ECE,3,6,0
BIT11765,Student_11765,ECE,3,6,0
BIT11766,Student_11766,ECE,3,6,0
BIT11767,Student_11767,ECE,3,6,0
BIT11768,Student_11768,ECE,3,6,0
BIT11769,Student_11769,ECE,3,6,0
BIT11770,Student_11770,ECE,3,6,0
BIT11771,Student_11771,ECE,3,6,0
BIT11772,Student_11772,ECE,3,6,0
BIT11773,Student_11773,ECE,3,6,0
BIT11774,Student_11774,ECE,3,6,1
BIT11775,Student_11775,ECE,3,6,0
BIT11776,Student_11776,ECE,3,6,0
BIT11777,Student_11777,ECE,3,6,0
BIT11778,Student_11778,ECE,3,6,0
BIT11779,Student_11779,ECE,3,6,0
BIT11780,Student_11780,ECE,3,6,0
BIT11781,Student_11781,ECE,3,6,0
BIT11782,Student_11782,ECE,3,6,0
BIT11783,Student_11783,ECE,3,6,0
BIT11784,Student_11784,ECE,3,6,1
BIT11785,Student_11785,ECE,3,6,0
BIT11786,Student_11786,ECE,4,7,0
BIT11787,Student_11787,ECE,4,7,0
BIT11788,Student_11788,ECE,4,7,0
BIT11789,Student_11789,ECE,4,7,0
BIT11790,Student_11790,ECE,4,7,0
BIT11791,Student_11791,ECE,4,7,0
BIT11792,Student_11792,ECE,4,7,0
BIT11793,Student_11793,ECE,4,7,0
BIT11794,Student_11794,ECE,4,7,0
BIT11795,Student_11795,ECE,4,7,0
BIT11796,Student_11796,ECE,4,7,0
BIT11797,Student_11797,ECE,4,7,0
BIT11798,Student_11798,ECE,4,7,0
BIT11799,Student_11799,ECE,4,7,0
BIT11800,Student_11800,ECE,4,7,0
BIT11801,Student_11801,ECE,4,7,0
BIT11802,Student_11802,ECE,4,7,0
BIT11803,Student_11803,ECE,4,7,0
BIT11804,Student_11804,ECE,4,7,0
BIT11805,Student_11805,ECE,4,7,0
BIT11806,Student_11806,ECE,4,7,0
BIT11807,Student_11807,ECE,4,7,0
BIT11808,Student_11808,ECE,4,7,0
BIT11809,Student_11809,ECE,4,7,0
BIT11810,Student_11810,ECE,4,7,0
BIT11811,Student_11811,ECE,4,7,0
BIT11812,Student_11812,ECE,4,7,0
BIT11813,Student_11813,ECE,4,7,0
BIT11814,Student_11814,ECE,4,7,0
BIT11815,Student_11815,ECE,4,7,0
BIT11816,Student_11816,ECE,4,7,0
BIT11817,Student_11817,ECE,4,7,0
BIT11818,Student_11818,ECE,4,7,0
BIT11819,Student_11819,ECE,4,7,0
BIT11820,Student_11820,ECE,4,7,0
BIT11821,Student_11821,ECE,4,7,0
BIT11822,Student_11822,ECE,4,7,0
BIT11823,Student_11823,ECE,4,7,0
BIT11824,Student_11824,ECE,4,7,0
BIT11825,Student_11825,ECE,4,7,0
BIT11826,Student_11826,ECE,4,7,0
BIT11827,Student_11827,ECE,4,7,0
BIT11828,Student_11828,ECE,4,7,0
BIT11829,Student_11829,ECE,4,7,0
BIT11830,Student_11830,ECE,4,7,0
BIT11831,Student_11831,ECE,4,7,0
BIT11832,Student_11832,ECE,4,7,0
BIT11833,Student_11833,ECE,4,7,0
BIT11834,Student_11834,ECE,4,7,0
BIT11835,Student_11835,ECE,4,7,0
BIT11836,Student_11836,ECE,4,8,0
BIT11837,Student_11837,ECE,4,8,0
BIT11838,Student_11838,ECE,4,8,0
BIT11839,Student_11839,ECE,4,8,0
BIT11840,Student_11840,ECE,4,8,0
BIT11841,Student_11841,ECE,4,8,0
BIT11842,Student_11842,ECE,4,8,0
BIT11843,Student_11843,ECE,4,8,0
BIT11844,Student_11844,ECE,4,8,0
BIT11845,Student_11845,ECE,4,8,0
BIT11846,Student_11846,ECE,4,8,0
BIT11847,Student_11847,ECE,4,8,0
BIT11848,Student_11848,ECE,4,8,0
BIT11849,Student_11849,ECE,4,8,0
BIT11850,Student_11850,ECE,4,8,0
BIT11851,Student_11851,ECE,4,8,0
BIT11852,Student_11852,ECE,4,8,0
BIT11853,Student_11853,ECE,4,8,0
BIT11854,Student_11854,ECE,4,8,0
BIT11855,Student_11855,ECE,4,8,0
BIT11856,Student_11856,ECE,4,8,0
BIT11857,Student_11857,ECE,4,8,0
BIT11858,Student_11858,ECE,4,8,0
BIT11859,Student_11859,ECE,4,8,0
BIT11860,Student_11860,ECE,4,8,0
BIT11861,Student_11861,ECE,4,8,1
BIT11862,Student_11862,ECE,4,8,0
BIT11863,Student_11863,ECE,4,8,0
BIT11864,Student_11864,ECE,4,8,0
BIT11865,Student_11865,ECE,4,8,0
BIT11866,Student_11866,ECE,4,8,0
BIT11867,Student_11867,ECE,4,8,0
BIT11868,Student_11868,ECE,4,8,0
BIT11869,Student_11869,ECE,4,8,0
BIT11870,Student_11870,ECE,4,8,0
BIT11871,Student_11871,ECE,4,8,0
BIT11872,Student_11872,ECE,4,8,0
BIT11873,Student_11873,ECE,4,8,0
BIT11874,Student_11874,ECE,4,8,0
BIT11875,Student_11875,ECE,4,8,0
BIT11876,Student_11876,ECE,4,8,0
BIT11877,Student_11877,ECE,4,8,0
BIT11878,Student_11878,ECE,4,8,0
BIT11879,Student_11879,ECE,4,8,0
BIT11880,Student_11880,ECE,4,8,0
BIT11881,Student_11881,ECE,4,8,0
BIT11882,Student_11882,ECE,4,8,0
BIT11883,Student_11883,ECE,4,8,0
BIT11884,Student_11884,ECE,4,8,0
BIT11885,Student_11885,ECE,4,8,0
BIT11886,Student_11886,ECE,4,8,0
BIT11887,Student_11887,ECE,4,8,0
BIT11888,Student_11888,ECE,4,8,0
BIT11889,Student_11889,ECE,4,8,0
BIT11890,Student_11890,ECE,4,8,0
BIT11891,Student_11891,ECE,4,8,0
BIT11892,Student_11892,ECE,4,8,0
BIT11893,Student_11893,ECE,4,8,0
BIT11894,Student_11894,ECE,4,8,0
BIT11895,Student_11895,ECE,4,8,0
BIT11896,Student_11896,ECE,4,8,0
BIT11897,Student_11897,ECE,4,8,1
BIT11898,Student_11898,ECE,4,8,0
BIT11899,Student_11899,ECE,4,8,0
BIT11900,Student_11900,ECE,4,8,0
BIT11901,Student_11901,ECE,4,8,0
BIT11902,Student_11902,ECE,4,8,0
BIT11903,Student_11903,ECE,4,8,0
BIT11904,Student_11904,ECE,4,8,0
BIT11905,Student_11905,ECE,4,8,0
BIT11906,Student_11906,ECE,4,8,0
BIT11907,Student_11907,EEE,1,1,0
BIT11908,Student_11908,EEE,1,1,0
BIT11909,Student_11909,EEE,1,1,0
BIT11910,Student_11910,EEE,1,1,0
BIT11911,Student_11911,EEE,1,1,0
BIT11912,Student_11912,EEE,1,1,0
BIT11913,Student_11913,EEE,1,1,0
BIT11914,Student_11914,EEE,1,1,0
BIT11915,Student_11915,EEE,1,1,0
BIT11916,Student_11916,EEE,1,1,0
BIT11917,Student_11917,EEE,1,1,0
BIT11918,Student_11918,EEE,1,1,0
BIT11919,Student_11919,EEE,1,1,0
BIT11920,Student_11920,EEE,1,1,0
BIT11921,Student_11921,EEE,1,1,0
BIT11922,Student_11922,EEE,1,1,0
BIT11923,Student_11923,EEE,1,1,0
BIT11924,Student_11924,EEE,1,1,0
BIT11925,Student_11925,EEE,1,1,0
BIT11926,Student_11926,EEE,1,1,0
BIT11927,Student_11927,EEE,1,1,0
BIT11928,Student_11928,EEE,1,1,0
BIT11929,Student_11929,EEE,1,1,0
BIT11930,Student_11930,EEE,1,1,0
BIT11931,Student_11931,EEE,1,1,0
BIT11932,Student_11932,EEE,1,1,0
BIT11933,Student_11933,EEE,1,1,0
BIT11934,Student_11934,EEE,1,1,0
BIT11935,Student_11935,EEE,1,1,0
BIT11936,Student_11936,EEE,1,1,0
BIT11937,Student_11937,EEE,1,1,0
BIT11938,Student_11938,EEE,1,1,0
BIT11939,Student_11939,EEE,1,1,0
BIT11940,Student_11940,EEE,1,1,0
BIT11941,Student_11941,EEE,1,1,1
BIT11942,Student_11942,EEE,1,1,0
BIT11943,Student_11943,EEE,1,1,0
BIT11944,Student_11944,EEE,1,1,0
BIT11945,Student_11945,EEE,1,1,0
BIT11946,Student_11946,EEE,1,1,0
BIT11947,Student_11947,EEE,1,1,0
BIT11948,Student_11948,EEE,1,1,0
BIT11949,Student_11949,EEE,1,1,0
BIT11950,Student_11950,EEE,1,1,0
BIT11951,Student_11951,EEE,1,1,0
BIT11952,Student_11952,EEE,1,1,0
BIT11953,Student_11953,EEE,1,1,0
BIT11954,Student_11954,EEE,1,1,0
BIT11955,Student_11955,EEE,1,1,0
BIT11956,Student_11956,EEE,1,1,1
BIT11957,Student_11957,EEE,1,1,0
BIT11958,Student_11958,EEE,1,1,0
BIT11959,Student_11959,EEE,1,1,0
BIT11960,Student_11960,EEE,1,1,0
BIT11961,Student_11961,EEE,1,1,0
BIT11962,Student_11962,EEE,1,1,0
BIT11963,Student_11963,EEE,1,1,0
BIT11964,Student_11964,EEE,1,1,0
BIT11965,Student_11965,EEE,1,1,0
BIT11966,Student_11966,EEE,1,2,0
BIT11967,Student_11967,EEE,1,2,0
BIT11968,Student_11968,EEE,1,2,0
BIT11969,Student_11969,EEE,1,2,0
BIT11970,Student_11970,EEE,1,2,0
BIT11971,Student_11971,EEE,1,2,0
BIT11972,Student_11972,EEE,1,2,0
BIT11973,Student_11973,EEE,1,2,0
BIT11974,Student_11974,EEE,1,2,0
BIT11975,Student_11975,EEE,1,2,0
BIT11976,Student_11976,EEE,1,2,0
BIT11977,Student_11977,EEE,1,2,0
BIT11978,Student_11978,EEE,1,2,0
BIT11979,Student_11979,EEE,1,2,0
BIT11980,Student_11980,EEE,1,2,0
BIT11981,Student_11981,EEE,1,2,0
BIT11982,Student_11982,EEE,1,2,0
BIT11983,Student_11983,EEE,1,2,0
BIT11984,Student_11984,EEE,1,2,0
BIT11985,Student_11985,EEE,1,2,0
BIT11986,Student_11986,EEE,1,2,0
BIT11987,Student_11987,EEE,1,2,0
BIT11988,Student_11988,EEE,1,2,0
BIT11989,Student_11989,EEE,1,2,0
BIT11990,Student_11990,EEE,1,2,0
BIT11991,Student_11991,EEE,1,2,0
BIT11992,Student_11992,EEE,1,2,0
BIT11993,Student_11993,EEE,1,2,0
BIT11994,Student_11994,EEE,1,2,0
BIT11995,Student_11995,EEE,1,2,0
BIT11996,Student_11996,EEE,1,2,0
BIT11997,Student_11997,EEE,1,2,0
BIT11998,Student_11998,EEE,1,2,0
BIT11999,Student_11999,EEE,1,2,0
BIT12000,Student_12000,EEE,1,2,0
BIT12001,Student_12001,EEE,1,2,0
BIT12002,Student_12002,EEE,1,2,0
BIT12003,Student_12003,EEE,1,2,0
BIT12004,Student_12004,EEE,1,2,0
BIT12005,Student_12005,EEE,1,2,0
BIT12006,Student_12006,EEE,1,2,0
BIT12007,Student_12007,EEE,1,2,0
BIT12008,Student_12008,EEE,1,2,0
BIT12009,Student_12009,EEE,1,2,0
BIT12010,Student_12010,EEE,1,2,0
BIT12011,Student_12011,EEE,1,2,0
BIT12012,Student_12012,EEE,1,2,0
BIT12013,Student_12013,EEE,1,2,0
BIT12014,Student_12014,EEE,1,2,0
BIT12015,Student_12015,EEE,1,2,0
BIT12016,Student_12016,EEE,1,2,0
BIT12017,Student_12017,EEE,1,2,0
BIT12018,Student_12018,EEE,1,2,0
BIT12019,Student_12019,EEE,1,2,0
BIT12020,Student_12020,EEE,1,2,0
BIT12021,Student_12021,EEE,2,3,0
BIT12022,Student_12022,EEE,2,3,0
BIT12023,Student_12023,EEE,2,3,0
BIT12024,Student_12024,EEE,2,3,0
BIT12025,Student_12025,EEE,2,3,0
BIT12026,Student_12026,EEE,2,3,0
BIT12027,Student_12027,EEE,2,3,0
BIT12028,Student_12028,EEE,2,3,0
BIT12029,Student_12029,EEE,2,3,1
BIT12030,Student_12030,EEE,2,3,0
BIT12031,Student_12031,EEE,2,3,0
BIT12032,Student_12032,EEE,2,3,0
BIT12033,Student_12033,EEE,2,3,0
BIT12034,Student_12034,EEE,2,3,0
BIT12035,Student_12035,EEE,2,3,0
BIT12036,Student_12036,EEE,2,3,0
BIT12037,Student_12037,EEE,2,3,0
BIT12038,Student_12038,EEE,2,3,0
BIT12039,Student_12039,EEE,2,3,1
BIT12040,Student_12040,EEE,2,3,0
BIT12041,Student_12041,EEE,2,3,0
BIT12042,Student_12042,EEE,2,3,0
BIT12043,Student_12043,EEE,2,3,0
BIT12044,Student_12044,EEE,2,3,0
BIT12045,Student_12045,EEE,2,3,0
BIT12046,Student_12046,EEE,2,3,0
BIT12047,Student_12047,EEE,2,3,0
BIT12048,Student_12048,EEE,2,3,0
BIT12049,Student_12049,EEE,2,3,0
BIT12050,Student_12050,EEE,2,3,0
BIT12051,Student_12051,EEE,2,3,0
BIT12052,Student_12052,EEE,2,3,0
BIT12053,Student_12053,EEE,2,3,0
BIT12054,Student_12054,EEE,2,3,1
BIT12055,Student_12055,EEE,2,3,0
BIT12056,Student_12056,EEE,2,3,0
BIT12057,Student_12057,EEE,2,3,0
BIT12058,Student_12058,EEE,2,3,0
BIT12059,Student_12059,EEE,2,3,0
BIT12060,Student_12060,EEE,2,3,0
BIT12061,Student_12061,EEE,2,3,0
BIT12062,Student_12062,EEE,2,3,0
BIT12063,Student_12063,EEE,2,3,0
BIT12064,Student_12064,EEE,2,3,0
BIT12065,Student_12065,EEE,2,3,0
BIT12066,Student_12066,EEE,2,3,0
BIT12067,Student_12067,EEE,2,3,0
BIT12068,Student_12068,EEE,2,3,0
BIT12069,Student_12069,EEE,2,3,0
BIT12070,Student_12070,EEE,2,3,0
BIT12071,Student_12071,EEE,2,3,0
BIT12072,Student_12072,EEE,2,3,0
BIT12073,Student_12073,EEE,2,3,0
BIT12074,Student_12074,EEE,2,3,0
BIT12075,Student_12075,EEE,2,3,0
BIT12076,Student_12076,EEE,2,3,0
BIT12077,Student_12077,EEE,2,3,0
BIT12078,Student_12078,EEE,2,3,0
BIT12079,Student_12079,EEE,2,3,0
BIT12080,Student_12080,EEE,2,3,0
BIT12081,Student_12081,EEE,2,3,1
BIT12082,Student_12082,EEE,2,3,0
BIT12083,Student_12083,EEE,2,3,0
BIT12084,Student_12084,EEE,2,3,0
BIT12085,Student_12085,EEE,2,3,0
BIT12086,Student_12086,EEE,2,3,0
BIT12087,Student_12087,EEE,2,3,0
BIT12088,Student_12088,EEE,2,3,0
BIT12089,Student_12089,EEE,2,4,0
BIT12090,Student_12090,EEE,2,4,0
BIT12091,Student_12091,EEE,2,4,0
BIT12092,Student_12092,EEE,2,4,0
BIT12093,Student_12093,EEE,2,4,0
BIT12094,Student_12094,EEE,2,4,0
BIT12095,Student_12095,EEE,2,4,0
BIT12096,Student_12096,EEE,2,4,0
BIT12097,Student_12097,EEE,2,4,0
BIT12098,Student_12098,EEE,2,4,0
BIT12099,Student_12099,EEE,2,4,0
BIT12100,Student_12100,EEE,2,4,0
BIT12101,Student_12101,EEE,2,4,0
BIT12102,Student_12102,EEE,2,4,0
BIT12103,Student_12103,EEE,2,4,0
BIT12104,Student_12104,EEE,2,4,0
BIT12105,Student_12105,EEE,2,4,0
BIT12106,Student_12106,EEE,2,4,0
BIT12107,Student_12107,EEE,2,4,0
BIT12108,Student_12108,EEE,2,4,0
BIT12109,Student_12109,EEE,2,4,0
BIT12110,Student_12110,EEE,2,4,0
BIT12111,Student_12111,EEE,2,4,0
BIT12112,Student_12112,EEE,2,4,0
BIT12113,Student_12113,EEE,2,4,0
BIT12114,Student_12114,EEE,2,4,0
BIT12115,Student_12115,EEE,2,4,0
BIT12116,Student_12116,EEE,2,4,0
BIT12117,Student_12117,EEE,2,4,0
BIT12118,Student_12118,EEE,2,4,0
BIT12119,Student_12119,EEE,2,4,0
BIT12120,Student_12120,EEE,2,4,0
BIT12121,Student_12121,EEE,2,4,0
BIT12122,Student_12122,EEE,2,4,0
BIT12123,Student_12123,EEE,2,4,0
BIT12124,Student_12124,EEE,2,4,0
BIT12125,Student_12125,EEE,2,4,0
BIT12126,Student_12126,EEE,2,4,0
BIT12127,Student_12127,EEE,2,4,0
BIT12128,Student_12128,EEE,2,4,0
BIT12129,Student_12129,EEE,2,4,0
BIT12130,Student_12130,EEE,2,4,0
BIT12131,Student_12131,EEE,2,4,0
BIT12132,Student_12132,EEE,2,4,0
BIT12133,Student_12133,EEE,2,4,0
BIT12134,Student_12134,EEE,2,4,0
BIT12135,Student_12135,EEE,2,4,0
BIT12136,Student_12136,EEE,2,4,0
BIT12137,Student_12137,EEE,2,4,0
BIT12138,Student_12138,EEE,2,4,0
BIT12139,Student_12139,EEE,2,4,0
BIT12140,Student_12140,EEE,2,4,0
BIT12141,Student_12141,EEE,2,4,0
BIT12142,Student_12142,EEE,2,4,0
BIT12143,Student_12143,EEE,2,4,0
BIT12144,Student_12144,EEE,2,4,0
BIT12145,Student_12145,EEE,2,4,0
BIT12146,Student_12146,EEE,2,4,0
BIT12147,Student_12147,EEE,2,4,0
BIT12148,Student_12148,EEE,2,4,0
BIT12149,Student_12149,EEE,2,4,0
BIT12150,Student_12150,EEE,2,4,0
BIT12151,Student_12151,EEE,2,4,0
BIT12152,Student_12152,EEE,2,4,0
BIT12153,Student_12153,EEE,2,4,0
BIT12154,Student_12154,EEE,2,4,0
BIT12155,Student_12155,EEE,2,4,0
BIT12156,Student_12156,EEE,2,4,0
BIT12157,Student_12157,EEE,2,4,0
BIT12158,Student_12158,EEE,2,4,0
BIT12159,Student_12159,EEE,3,5,0
BIT12160,Student_12160,EEE,3,5,0
BIT12161,Student_12161,EEE,3,5,0
BIT12162,Student_12162,EEE,3,5,0
BIT12163,Student_12163,EEE,3,5,0
BIT12164,Student_12164,EEE,3,5,0
BIT12165,Student_12165,EEE,3,5,0
BIT12166,Student_12166,EEE,3,5,0
BIT12167,Student_12167,EEE,3,5,0
BIT12168,Student_12168,EEE,3,5,0
BIT12169,Student_12169,EEE,3,5,0
BIT12170,Student_12170,EEE,3,5,0
BIT12171,Student_12171,EEE,3,5,0
BIT12172,Student_12172,EEE,3,5,0
BIT12173,Student_12173,EEE,3,5,0
BIT12174,Student_12174,EEE,3,5,0
BIT12175,Student_12175,EEE,3,5,0
BIT12176,Student_12176,EEE,3,5,0
BIT12177,Student_12177,EEE,3,5,0
BIT12178,Student_12178,EEE,3,5,0
BIT12179,Student_12179,EEE,3,5,0
BIT12180,Student_12180,EEE,3,5,0
BIT12181,Student_12181,EEE,3,5,0
BIT12182,Student_12182,EEE,3,5,0
BIT12183,Student_12183,EEE,3,5,0
BIT12184,Student_12184,EEE,3,5,0
BIT12185,Student_12185,EEE,3,5,0
BIT12186,Student_12186,EEE,3,5,0
BIT12187,Student_12187,EEE,3,5,0
BIT12188,Student_12188,EEE,3,5,0
BIT12189,Student_12189,EEE,3,5,0
BIT12190,Student_12190,EEE,3,5,0
BIT12191,Student_12191,EEE,3,5,0
BIT12192,Student_12192,EEE,3,5,0
BIT12193,Student_12193,EEE,3,5,0
BIT12194,Student_12194,EEE,3,5,0
BIT12195,Student_12195,EEE,3,5,0
BIT12196,Student_12196,EEE,3,5,0
BIT12197,Student_12197,EEE,3,5,0
BIT12198,Student_12198,EEE,3,5,0
BIT12199,Student_12199,EEE,3,5,0
BIT12200,Student_12200,EEE,3,5,0
BIT12201,Student_12201,EEE,3,5,0
BIT12202,Student_12202,EEE,3,5,0
BIT12203,Student_12203,EEE,3,5,0
BIT12204,Student_12204,EEE,3,5,0
BIT12205,Student_12205,EEE,3,5,0
BIT12206,Student_12206,EEE,3,5,0
BIT12207,Student_12207,EEE,3,5,0
BIT12208,Student_12208,EEE,3,6,0
BIT12209,Student_12209,EEE,3,6,0
BIT12210,Student_12210,EEE,3,6,0
BIT12211,Student_12211,EEE,3,6,0
BIT12212,Student_12212,EEE,3,6,0
BIT12213,Student_12213,EEE,3,6,0
BIT12214,Student_12214,EEE,3,6,0
BIT12215,Student_12215,EEE,3,6,0
BIT12216,Student_12216,EEE,3,6,0
BIT12217,Student_12217,EEE,3,6,0
BIT12218,Student_12218,EEE,3,6,0
BIT12219,Student_12219,EEE,3,6,0
BIT12220,Student_12220,EEE,3,6,0
BIT12221,Student_12221,EEE,3,6,0
BIT12222,Student_12222,EEE,3,6,0
BIT12223,Student_12223,EEE,3,6,0
BIT12224,Student_12224,EEE,3,6,0
BIT12225,Student_12225,EEE,3,6,0
BIT12226,Student_12226,EEE,3,6,0
BIT12227,Student_12227,EEE,3,6,0
BIT12228,Student_12228,EEE,3,6,0
BIT12229,Student_12229,EEE,3,6,0
BIT12230,Student_12230,EEE,3,6,0
BIT12231,Student_12231,EEE,3,6,0
BIT12232,Student_12232,EEE,3,6,0
BIT12233,Student_12233,EEE,3,6,0
BIT12234,Student_12234,EEE,3,6,0
BIT12235,Student_12235,EEE,3,6,0
BIT12236,Student_12236,EEE,3,6,0
BIT12237,Student_12237,EEE,3,6,0
BIT12238,Student_12238,EEE,3,6,0
BIT12239,Student_12239,EEE,3,6,0
BIT12240,Student_12240,EEE,3,6,0
BIT12241,Student_12241,EEE,3,6,0
BIT12242,Student_12242,EEE,3,6,0
BIT12243,Student_12243,EEE,3,6,0
BIT12244,Student_12244,EEE,3,6,0
BIT12245,Student_12245,EEE,3,6,0
BIT12246,Student_12246,EEE,3,6,0
BIT12247,Student_12247,EEE,3,6,0
BIT12248,Student_12248,EEE,3,6,0
BIT12249,Student_12249,EEE,3,6,0
BIT12250,Student_12250,EEE,3,6,0
BIT12251,Student_12251,EEE,3,6,0
BIT12252,Student_12252,EEE,3,6,0
BIT12253,Student_12253,EEE,3,6,0
BIT12254,Student_12254,EEE,4,7,0
BIT12255,Student_12255,EEE,4,7,0
BIT12256,Student_12256,EEE,4,7,0
BIT12257,Student_12257,EEE,4,7,0
BIT12258,Student_12258,EEE,4,7,0
BIT12259,Student_12259,EEE,4,7,0
BIT12260,Student_12260,EEE,4,7,0
BIT12261,Student_12261,EEE,4,7,0
BIT12262,Student_12262,EEE,4,7,1
BIT12263,Student_12263,EEE,4,7,0
BIT12264,Student_12264,EEE,4,7,0
BIT12265,Student_12265,EEE,4,7,0
BIT12266,Student_12266,EEE,4,7,0
BIT12267,Student_12267,EEE,4,7,0
BIT12268,Student_12268,EEE,4,7,0
BIT12269,Student_12269,EEE,4,7,0
BIT12270,Student_12270,EEE,4,7,0
BIT12271,Student_12271,EEE,4,7,0
BIT12272,Student_12272,EEE,4,7,0
BIT12273,Student_12273,EEE,4,7,0
BIT12274,Student_12274,EEE,4,7,0
BIT12275,Student_12275,EEE,4,7,0
BIT12276,Student_12276,EEE,4,7,0
BIT12277,Student_12277,EEE,4,7,0
BIT12278,Student_12278,EEE,4,7,0
BIT12279,Student_12279,EEE,4,7,0
BIT12280,Student_12280,EEE,4,7,0
BIT12281,Student_12281,EEE,4,7,0
BIT12282,Student_12282,EEE,4,7,0
BIT12283,Student_12283,EEE,4,7,0
BIT12284,Student_12284,EEE,4,7,0
BIT12285,Student_12285,EEE,4,7,0
BIT12286,Student_12286,EEE,4,7,0
BIT12287,Student_12287,EEE,4,7,0
BIT12288,Student_12288,EEE,4,7,0
BIT12289,Student_12289,EEE,4,7,0
BIT12290,Student_12290,EEE,4,7,0
BIT12291,Student_12291,EEE,4,7,0
BIT12292,Student_12292,EEE,4,7,0
BIT12293,Student_12293,EEE,4,7,0
BIT12294,Student_12294,EEE,4,7,0
BIT12295,Student_12295,EEE,4,7,0
BIT12296,Student_12296,EEE,4,7,0
BIT12297,Student_12297,EEE,4,7,0
BIT12298,Student_12298,EEE,4,7,0
BIT12299,Student_12299,EEE,4,7,0
BIT12300,Student_12300,EEE,4,7,0
BIT12301,Student_12301,EEE,4,7,0
BIT12302,Student_12302,EEE,4,7,0
BIT12303,Student_12303,EEE,4,7,0
BIT12304,Student_12304,EEE,4,7,0
BIT12305,Student_12305,EEE,4,7,0
BIT12306,Student_12306,EEE,4,7,0
BIT12307,Student_12307,EEE,4,7,0
BIT12308,Student_12308,EEE,4,7,0
BIT12309,Student_12309,EEE,4,7,0
BIT12310,Student_12310,EEE,4,7,0
BIT12311,Student_12311,EEE,4,7,0
BIT12312,Student_12312,EEE,4,7,0
BIT12313,Student_12313,EEE,4,7,0
BIT12314,Student_12314,EEE,4,7,0
BIT12315,Student_12315,EEE,4,7,0
BIT12316,Student_12316,EEE,4,7,0
BIT12317,Student_12317,EEE,4,7,0
BIT12318,Student_12318,EEE,4,7,0
BIT12319,Student_12319,EEE,4,8,0
BIT12320,Student_12320,EEE,4,8,0
BIT12321,Student_12321,EEE,4,8,0
BIT12322,Student_12322,EEE,4,8,0
BIT12323,Student_12323,EEE,4,8,0
BIT12324,Student_12324,EEE,4,8,0
BIT12325,Student_12325,EEE,4,8,0
BIT12326,Student_12326,EEE,4,8,0
BIT12327,Student_12327,EEE,4,8,0
BIT12328,Student_12328,EEE,4,8,0
BIT12329,Student_12329,EEE,4,8,0
BIT12330,Student_12330,EEE,4,8,0
BIT12331,Student_12331,EEE,4,8,0
BIT12332,Student_12332,EEE,4,8,0
BIT12333,Student_12333,EEE,4,8,0
BIT12334,Student_12334,EEE,4,8,0
BIT12335,Student_12335,EEE,4,8,0
BIT12336,Student_12336,EEE,4,8,0
BIT12337,Student_12337,EEE,4,8,0
BIT12338,Student_12338,EEE,4,8,0
BIT12339,Student_12339,EEE,4,8,0
BIT12340,Student_12340,EEE,4,8,0
BIT12341,Student_12341,EEE,4,8,0
BIT12342,Student_12342,EEE,4,8,0
BIT12343,Student_12343,EEE,4,8,0
BIT12344,Student_12344,EEE,4,8,0
BIT12345,Student_12345,EEE,4,8,0
BIT12346,Student_12346,EEE,4,8,0
BIT12347,Student_12347,EEE,4,8,0
BIT12348,Student_12348,EEE,4,8,0
BIT12349,Student_12349,EEE,4,8,0
BIT12350,Student_12350,EEE,4,8,0
BIT12351,Student_12351,EEE,4,8,0
BIT12352,Student_12352,EEE,4,8,0
BIT12353,Student_12353,EEE,4,8,0
BIT12354,Student_12354,EEE,4,8,0
BIT12355,Student_12355,EEE,4,8,0
BIT12356,Student_12356,EEE,4,8,0
BIT12357,Student_12357,EEE,4,8,0
BIT12358,Student_12358,EEE,4,8,0
BIT12359,Student_12359,EEE,4,8,0
BIT12360,Student_12360,EEE,4,8,0
BIT12361,Student_12361,EEE,4,8,0
BIT12362,Student_12362,EEE,4,8,0
BIT12363,Student_12363,EEE,4,8,0
BIT12364,Student_12364,EEE,4,8,0
BIT12365,Student_12365,EEE,4,8,0
BIT12366,Student_12366,EEE,4,8,0
BIT12367,Student_12367,EEE,4,8,0
BIT12368,Student_12368,EEE,4,8,0
BIT12369,Student_12369,EEE,4,8,1
BIT12370,Student_12370,EEE,4,8,0
BIT12371,Student_12371,EEE,4,8,0
BIT12372,Student_12372,EEE,4,8,0
BIT12373,Student_12373,EEE,4,8,0
BIT12374,Student_12374,EEE,4,8,0
BIT12375,Student_12375,EEE,4,8,0
BIT12376,Student_12376,EEE,4,8,0
BIT12377,Student_12377,EEE,4,8,0
BIT12378,Student_12378,EEE,4,8,0
BIT12379,Student_12379,EEE,4,8,0
BIT12380,Student_12380,EEE,4,8,0
BIT12381,Student_12381,EEE,4,8,0
BIT12382,Student_12382,EEE,4,8,0
BIT12383,Student_12383,EEE,4,8,0
BIT12384,Student_12384,EEE,4,8,0
BIT12385,Student_12385,EEE,4,8,0
BIT12386,Student_12386,EEE,4,8,0
BIT12387,Student_12387,EEE,4,8,0
BIT12388,Student_12388,MECH,1,1,0
BIT12389,Student_12389,MECH,1,1,0
BIT12390,Student_12390,MECH,1,1,0
BIT12391,Student_12391,MECH,1,1,0
BIT12392,Student_12392,MECH,1,1,0
BIT12393,Student_12393,MECH,1,1,0
BIT12394,Student_12394,MECH,1,1,0
BIT12395,Student_12395,MECH,1,1,0
BIT12396,Student_12396,MECH,1,1,0
BIT12397,Student_12397,MECH,1,1,0
BIT12398,Student_12398,MECH,1,1,0
BIT12399,Student_12399,MECH,1,1,0
BIT12400,Student_12400,MECH,1,1,0
BIT12401,Student_12401,MECH,1,1,0
BIT12402,Student_12402,MECH,1,1,0
BIT12403,Student_12403,MECH,1,1,0
BIT12404,Student_12404,MECH,1,1,0
BIT12405,Student_12405,MECH,1,1,0
BIT12406,Student_12406,MECH,1,1,0
BIT12407,Student_12407,MECH,1,1,0
BIT12408,Student_12408,MECH,1,1,0
BIT12409,Student_12409,MECH,1,1,0
BIT12410,Student_12410,MECH,1,1,0
BIT12411,Student_12411,MECH,1,1,0
BIT12412,Student_12412,MECH,1,1,0
BIT12413,Student_12413,MECH,1,1,0
BIT12414,Student_12414,MECH,1,1,0
BIT12415,Student_12415,MECH,1,1,0
BIT12416,Student_12416,MECH,1,1,0
BIT12417,Student_12417,MECH,1,1,0
BIT12418,Student_12418,MECH,1,1,0
BIT12419,Student_12419,MECH,1,1,0
BIT12420,Student_12420,MECH,1,1,0
BIT12421,Student_12421,MECH,1,1,0
BIT12422,Student_12422,MECH,1,1,0
BIT12423,Student_12423,MECH,1,1,0
BIT12424,Student_12424,MECH,1,1,0
BIT12425,Student_12425,MECH,1,1,0
BIT12426,Student_12426,MECH,1,1,0
BIT12427,Student_12427,MECH,1,1,0
BIT12428,Student_12428,MECH,1,1,0
BIT12429,Student_12429,MECH,1,1,0
BIT12430,Student_12430,MECH,1,1,0
BIT12431,Student_12431,MECH,1,1,0
BIT12432,Student_12432,MECH,1,1,1
BIT12433,Student_12433,MECH,1,1,0
BIT12434,Student_12434,MECH,1,1,0
BIT12435,Student_12435,MECH,1,1,0
BIT12436,Student_12436,MECH,1,1,0
BIT12437,Student_12437,MECH,1,1,0
BIT12438,Student_12438,MECH,1,1,0
BIT12439,Student_12439,MECH,1,1,0
BIT12440,Student_12440,MECH,1,1,0
BIT12441,Student_12441,MECH,1,1,0
BIT12442,Student_12442,MECH,1,1,0
BIT12443,Student_12443,MECH,1,1,0
BIT12444,Student_12444,MECH,1,1,0
BIT12445,Student_12445,MECH,1,1,0
BIT12446,Student_12446,MECH,1,1,0
BIT12447,Student_12447,MECH,1,1,0
BIT12448,Student_12448,MECH,1,1,0
BIT12449,Student_12449,MECH,1,1,0
BIT12450,Student_12450,MECH,1,1,0
BIT12451,Student_12451,MECH,1,1,0
BIT12452,Student_12452,MECH,1,1,0
BIT12453,Student_12453,MECH,1,1,0
BIT12454,Student_12454,MECH,1,1,0
BIT12455,Student_12455,MECH,1,2,0
BIT12456,Student_12456,MECH,1,2,0
BIT12457,Student_12457,MECH,1,2,0
BIT12458,Student_12458,MECH,1,2,0
BIT12459,Student_12459,MECH,1,2,0
BIT12460,Student_12460,MECH,1,2,0
BIT12461,Student_12461,MECH,1,2,0
BIT12462,Student_12462,MECH,1,2,0
BIT12463,Student_12463,MECH,1,2,0
BIT12464,Student_12464,MECH,1,2,0
BIT12465,Student_12465,MECH,1,2,0
BIT12466,Student_12466,MECH,1,2,0
BIT12467,Student_12467,MECH,1,2,0
BIT12468,Student_12468,MECH,1,2,0
BIT12469,Student_12469,MECH,1,2,0
BIT12470,Student_12470,MECH,1,2,0
BIT12471,Student_12471,MECH,1,2,0
BIT12472,Student_12472,MECH,1,2,0
BIT12473,Student_12473,MECH,1,2,0
BIT12474,Student_12474,MECH,1,2,0
BIT12475,Student_12475,MECH,1,2,0
BIT12476,Student_12476,MECH,1,2,0
BIT12477,Student_12477,MECH,1,2,0
BIT12478,Student_12478,MECH,1,2,0
BIT12479,Student_12479,MECH,1,2,0
BIT12480,Student_12480,MECH,1,2,0
BIT12481,Student_12481,MECH,1,2,0
BIT12482,Student_12482,MECH,1,2,0
BIT12483,Student_12483,MECH,1,2,0
BIT12484,Student_12484,MECH,1,2,0
BIT12485,Student_12485,MECH,1,2,0
BIT12486,Student_12486,MECH,1,2,0
BIT12487,Student_12487,MECH,1,2,0
BIT12488,Student_12488,MECH,1,2,0
BIT12489,Student_12489,MECH,1,2,0
BIT12490,Student_12490,MECH,1,2,0
BIT12491,Student_12491,MECH,1,2,0
BIT12492,Student_12492,MECH,1,2,0
BIT12493,Student_12493,MECH,1,2,0
BIT12494,Student_12494,MECH,1,2,0
BIT12495,Student_12495,MECH,1,2,0
BIT12496,Student_12496,MECH,1,2,0
BIT12497,Student_12497,MECH,1,2,0
BIT12498,Student_12498,MECH,1,2,0
BIT12499,Student_12499,MECH,1,2,0
BIT12500,Student_12500,MECH,1,2,0
BIT12501,Student_12501,MECH,1,2,0
BIT12502,Student_12502,MECH,1,2,0
BIT12503,Student_12503,MECH,1,2,0
BIT12504,Student_12504,MECH,1,2,0
BIT12505,Student_12505,MECH,1,2,0
BIT12506,Student_12506,MECH,1,2,0
BIT12507,Student_12507,MECH,1,2,0
BIT12508,Student_12508,MECH,1,2,0
BIT12509,Student_12509,MECH,1,2,0
BIT12510,Student_12510,MECH,1,2,0
BIT12511,Student_12511,MECH,1,2,0
BIT12512,Student_12512,MECH,1,2,0
BIT12513,Student_12513,MECH,1,2,0
BIT12514,Student_12514,MECH,1,2,0
BIT12515,Student_12515,MECH,1,2,0
BIT12516,Student_12516,MECH,1,2,0
BIT12517,Student_12517,MECH,1,2,0
BIT12518,Student_12518,MECH,1,2,0
BIT12519,Student_12519,MECH,1,2,0
BIT12520,Student_12520,MECH,1,2,0
BIT12521,Student_12521,MECH,1,2,0
BIT12522,Student_12522,MECH,1,2,0
BIT12523,Student_12523,MECH,1,2,0
BIT12524,Student_12524,MECH,1,2,0
BIT12525,Student_12525,MECH,1,2,0
BIT12526,Student_12526,MECH,1,2,0
BIT12527,Student_12527,MECH,2,3,0
BIT12528,Student_12528,MECH,2,3,0
BIT12529,Student_12529,MECH,2,3,0
BIT12530,Student_12530,MECH,2,3,0
BIT12531,Student_12531,MECH,2,3,0
BIT12532,Student_12532,MECH,2,3,0
BIT12533,Student_12533,MECH,2,3,0
BIT12534,Student_12534,MECH,2,3,0
BIT12535,Student_12535,MECH,2,3,0
BIT12536,Student_12536,MECH,2,3,0
BIT12537,Student_12537,MECH,2,3,0
BIT12538,Student_12538,MECH,2,3,0
BIT12539,Student_12539,MECH,2,3,0
BIT12540,Student_12540,MECH,2,3,0
BIT12541,Student_12541,MECH,2,3,0
BIT12542,Student_12542,MECH,2,3,0
BIT12543,Student_12543,MECH,2,3,0
BIT12544,Student_12544,MECH,2,3,0
BIT12545,Student_12545,MECH,2,3,0
BIT12546,Student_12546,MECH,2,3,0
BIT12547,Student_12547,MECH,2,3,0
BIT12548,Student_12548,MECH,2,3,1
BIT12549,Student_12549,MECH,2,3,0
BIT12550,Student_12550,MECH,2,3,0
BIT12551,Student_12551,MECH,2,3,0
BIT12552,Student_12552,MECH,2,3,0
BIT12553,Student_12553,MECH,2,3,0
BIT12554,Student_12554,MECH,2,3,0
BIT12555,Student_12555,MECH,2,3,0
BIT12556,Student_12556,MECH,2,3,0
BIT12557,Student_12557,MECH,2,3,0
BIT12558,Student_12558,MECH,2,3,0
BIT12559,Student_12559,MECH,2,3,0
BIT12560,Student_12560,MECH,2,3,0
BIT12561,Student_12561,MECH,2,3,0
BIT12562,Student_12562,MECH,2,3,0
BIT12563,Student_12563,MECH,2,3,0
BIT12564,Student_12564,MECH,2,3,0
BIT12565,Student_12565,MECH,2,3,0
BIT12566,Student_12566,MECH,2,3,0
BIT12567,Student_12567,MECH,2,3,0
BIT12568,Student_12568,MECH,2,3,0
BIT12569,Student_12569,MECH,2,3,0
BIT12570,Student_12570,MECH,2,3,0
BIT12571,Student_12571,MECH,2,3,0
BIT12572,Student_12572,MECH,2,3,0
BIT12573,Student_12573,MECH,2,3,0
BIT12574,Student_12574,MECH,2,3,0
BIT12575,Student_12575,MECH,2,3,0
BIT12576,Student_12576,MECH,2,3,0
BIT12577,Student_12577,MECH,2,3,0
BIT12578,Student_12578,MECH,2,4,0
BIT12579,Student_12579,MECH,2,4,0
BIT12580,Student_12580,MECH,2,4,0
BIT12581,Student_12581,MECH,2,4,0
BIT12582,Student_12582,MECH,2,4,0
BIT12583,Student_12583,MECH,2,4,0
BIT12584,Student_12584,MECH,2,4,0
BIT12585,Student_12585,MECH,2,4,0
BIT12586,Student_12586,MECH,2,4,0
BIT12587,Student_12587,MECH,2,4,0
BIT12588,Student_12588,MECH,2,4,0
BIT12589,Student_12589,MECH,2,4,0
BIT12590,Student_12590,MECH,2,4,0
BIT12591,Student_12591,MECH,2,4,0
BIT12592,Student_12592,MECH,2,4,0
BIT12593,Student_12593,MECH,2,4,0
BIT12594,Student_12594,MECH,2,4,0
BIT12595,Student_12595,MECH,2,4,0
BIT12596,Student_12596,MECH,2,4,0
BIT12597,Student_12597,MECH,2,4,0
BIT12598,Student_12598,MECH,2,4,0
BIT12599,Student_12599,MECH,2,4,0
BIT12600,Student_12600,MECH,2,4,0
BIT12601,Student_12601,MECH,2,4,0
BIT12602,Student_12602,MECH,2,4,0
BIT12603,Student_12603,MECH,2,4,0
BIT12604,Student_12604,MECH,2,4,0
BIT12605,Student_12605,MECH,2,4,0
BIT12606,Student_12606,MECH,2,4,0
BIT12607,Student_12607,MECH,2,4,0
BIT12608,Student_12608,MECH,2,4,0
BIT12609,Student_12609,MECH,2,4,1
BIT12610,Student_12610,MECH,2,4,0
BIT12611,Student_12611,MECH,2,4,0
BIT12612,Student_12612,MECH,2,4,0
BIT12613,Student_12613,MECH,2,4,0
BIT12614,Student_12614,MECH,2,4,0
BIT12615,Student_12615,MECH,2,4,0
BIT12616,Student_12616,MECH,2,4,0
BIT12617,Student_12617,MECH,2,4,0
BIT12618,Student_12618,MECH,2,4,0
BIT12619,Student_12619,MECH,2,4,0
BIT12620,Student_12620,MECH,2,4,0
BIT12621,Student_12621,MECH,2,4,0
BIT12622,Student_12622,MECH,2,4,0
BIT12623,Student_12623,MECH,2,4,0
BIT12624,Student_12624,MECH,2,4,0
BIT12625,Student_12625,MECH,2,4,0
BIT12626,Student_12626,MECH,2,4,0
BIT12627,Student_12627,MECH,2,4,0
BIT12628,Student_12628,MECH,2,4,0
BIT12629,Student_12629,MECH,3,5,0
BIT12630,Student_12630,MECH,3,5,0
BIT12631,Student_12631,MECH,3,5,0
BIT12632,Student_12632,MECH,3,5,0
BIT12633,Student_12633,MECH,3,5,0
BIT12634,Student_12634,MECH,3,5,0
BIT12635,Student_12635,MECH,3,5,0
BIT12636,Student_12636,MECH,3,5,0
BIT12637,Student_12637,MECH,3,5,0
BIT12638,Student_12638,MECH,3,5,0
BIT12639,Student_12639,MECH,3,5,0
BIT12640,Student_12640,MECH,3,5,0
BIT12641,Student_12641,MECH,3,5,0
BIT12642,Student_12642,MECH,3,5,0
BIT12643,Student_12643,MECH,3,5,0
BIT12644,Student_12644,MECH,3,5,0
BIT12645,Student_12645,MECH,3,5,0
BIT12646,Student_12646,MECH,3,5,0
BIT12647,Student_12647,MECH,3,5,0
BIT12648,Student_12648,MECH,3,5,0
BIT12649,Student_12649,MECH,3,5,0
BIT12650,Student_12650,MECH,3,5,0
BIT12651,Student_12651,MECH,3,5,0
BIT12652,Student_12652,MECH,3,5,0
BIT12653,Student_12653,MECH,3,5,0
BIT12654,Student_12654,MECH,3,5,0
BIT12655,Student_12655,MECH,3,5,0
BIT12656,Student_12656,MECH,3,5,1
BIT12657,Student_12657,MECH,3,5,0
BIT12658,Student_12658,MECH,3,5,0
BIT12659,Student_12659,MECH,3,5,0
BIT12660,Student_12660,MECH,3,5,0
BIT12661,Student_12661,MECH,3,5,0
BIT12662,Student_12662,MECH,3,5,0
BIT12663,Student_12663,MECH,3,5,0
BIT12664,Student_12664,MECH,3,5,0
BIT12665,Student_12665,MECH,3,5,0
BIT12666,Student_12666,MECH,3,5,0
BIT12667,Student_12667,MECH,3,5,0
BIT12668,Student_12668,MECH,3,5,0
BIT12669,Student_12669,MECH,3,5,0
BIT12670,Student_12670,MECH,3,5,0
BIT12671,Student_12671,MECH,3,5,0
BIT12672,Student_12672,MECH,3,5,0
BIT12673,Student_12673,MECH,3,5,0
BIT12674,Student_12674,MECH,3,5,0
BIT12675,Student_12675,MECH,3,5,0
BIT12676,Student_12676,MECH,3,5,0
BIT12677,Student_12677,MECH,3,5,0
BIT12678,Student_12678,MECH,3,5,0
BIT12679,Student_12679,MECH,3,5,0
BIT12680,Student_12680,MECH,3,5,0
BIT12681,Student_12681,MECH,3,5,0
BIT12682,Student_12682,MECH,3,5,0
BIT12683,Student_12683,MECH,3,5,0
BIT12684,Student_12684,MECH,3,5,0
BIT12685,Student_12685,MECH,3,5,0
BIT12686,Student_12686,MECH,3,5,0
BIT12687,Student_12687,MECH,3,5,0
BIT12688,Student_12688,MECH,3,5,0
BIT12689,Student_12689,MECH,3,5,0
BIT12690,Student_12690,MECH,3,5,0
BIT12691,Student_12691,MECH,3,5,0
BIT12692,Student_12692,MECH,3,5,0
BIT12693,Student_12693,MECH,3,5,0
BIT12694,Student_12694,MECH,3,5,0
BIT12695,Student_12695,MECH,3,5,0
BIT12696,Student_12696,MECH,3,5,0
BIT12697,Student_12697,MECH,3,5,0
BIT12698,Student_12698,MECH,3,5,0
BIT12699,Student_12699,MECH,3,5,0
BIT12700,Student_12700,MECH,3,5,0
BIT12701,Student_12701,MECH,3,5,0
BIT12702,Student_12702,MECH,3,6,0
BIT12703,Student_12703,MECH,3,6,0
BIT12704,Student_12704,MECH,3,6,0
BIT12705,Student_12705,MECH,3,6,0
BIT12706,Student_12706,MECH,3,6,0
BIT12707,Student_12707,MECH,3,6,0
BIT12708,Student_12708,MECH,3,6,0
BIT12709,Student_12709,MECH,3,6,0
BIT12710,Student_12710,MECH,3,6,0
BIT12711,Student_12711,MECH,3,6,0
BIT12712,Student_12712,MECH,3,6,0
BIT12713,Student_12713,MECH,3,6,0
BIT12714,Student_12714,MECH,3,6,0
BIT12715,Student_12715,MECH,3,6,0
BIT12716,Student_12716,MECH,3,6,0
BIT12717,Student_12717,MECH,3,6,0
BIT12718,Student_12718,MECH,3,6,0
BIT12719,Student_12719,MECH,3,6,0
BIT12720,Student_12720,MECH,3,6,0
BIT12721,Student_12721,MECH,3,6,0
BIT12722,Student_12722,MECH,3,6,0
BIT12723,Student_12723,MECH,3,6,0
BIT12724,Student_12724,MECH,3,6,0
BIT12725,Student_12725,MECH,3,6,0
BIT12726,Student_12726,MECH,3,6,0
BIT12727,Student_12727,MECH,3,6,0
BIT12728,Student_12728,MECH,3,6,0
BIT12729,Student_12729,MECH,3,6,0
BIT12730,Student_12730,MECH,3,6,0
BIT12731,Student_12731,MECH,3,6,0
BIT12732,Student_12732,MECH,3,6,0
BIT12733,Student_12733,MECH,3,6,0
BIT12734,Student_12734,MECH,3,6,0
BIT12735,Student_12735,MECH,3,6,0
BIT12736,Student_12736,MECH,3,6,0
BIT12737,Student_12737,MECH,3,6,0
BIT12738,Student_12738,MECH,3,6,0
BIT12739,Student_12739,MECH,3,6,1
BIT12740,Student_12740,MECH,3,6,0
BIT12741,Student_12741,MECH,3,6,0
BIT12742,Student_12742,MECH,3,6,0
BIT12743,Student_12743,MECH,3,6,0
BIT12744,Student_12744,MECH,3,6,0
BIT12745,Student_12745,MECH,3,6,0
BIT12746,Student_12746,MECH,3,6,0
BIT12747,Student_12747,MECH,3,6,0
BIT12748,Student_12748,MECH,3,6,0
BIT12749,Student_12749,MECH,3,6,0
BIT12750,Student_12750,MECH,3,6,0
BIT12751,Student_12751,MECH,3,6,0
BIT12752,Student_12752,MECH,3,6,0
BIT12753,Student_12753,MECH,3,6,0
BIT12754,Student_12754,MECH,3,6,0
BIT12755,Student_12755,MECH,3,6,0
BIT12756,Student_12756,MECH,3,6,0
BIT12757,Student_12757,MECH,3,6,0
BIT12758,Student_12758,MECH,3,6,0
BIT12759,Student_12759,MECH,3,6,0
BIT12760,Student_12760,MECH,3,6,0
BIT12761,Student_12761,MECH,3,6,0
BIT12762,Student_12762,MECH,3,6,0
BIT12763,Student_12763,MECH,3,6,0
BIT12764,Student_12764,MECH,3,6,0
BIT12765,Student_12765,MECH,3,6,0
BIT12766,Student_12766,MECH,3,6,0
BIT12767,Student_12767,MECH,3,6,0
BIT12768,Student_12768,MECH,4,7,0
BIT12769,Student_12769,MECH,4,7,0
BIT12770,Student_12770,MECH,4,7,0
BIT12771,Student_12771,MECH,4,7,0
BIT12772,Student_12772,MECH,4,7,0
BIT12773,Student_12773,MECH,4,7,0
BIT12774,Student_12774,MECH,4,7,0
BIT12775,Student_12775,MECH,4,7,0
BIT12776,Student_12776,MECH,4,7,0
BIT12777,Student_12777,MECH,4,7,0
BIT12778,Student_12778,MECH,4,7,0
BIT12779,Student_12779,MECH,4,7,0
BIT12780,Student_12780,MECH,4,7,0
BIT12781,Student_12781,MECH,4,7,0
BIT12782,Student_12782,MECH,4,7,0
BIT12783,Student_12783,MECH,4,7,0
BIT12784,Student_12784,MECH,4,7,0
BIT12785,Student_12785,MECH,4,7,0
BIT12786,Student_12786,MECH,4,7,0
BIT12787,Student_12787,MECH,4,7,0
BIT12788,Student_12788,MECH,4,7,0
BIT12789,Student_12789,MECH,4,7,0
BIT12790,Student_12790,MECH,4,7,0
BIT12791,Student_12791,MECH,4,7,0
BIT12792,Student_12792,MECH,4,7,0
BIT12793,Student_12793,MECH,4,7,0
BIT12794,Student_12794,MECH,4,7,0
BIT12795,Student_12795,MECH,4,7,0
BIT12796,Student_12796,MECH,4,7,0
BIT12797,Student_12797,MECH,4,7,0
BIT12798,Student_12798,MECH,4,7,0
BIT12799,Student_12799,MECH,4,7,0
BIT12800,Student_12800,MECH,4,7,0
BIT12801,Student_12801,MECH,4,7,0
BIT12802,Student_12802,MECH,4,7,0
BIT12803,Student_12803,MECH,4,7,0
BIT12804,Student_12804,MECH,4,7,0
BIT12805,Student_12805,MECH,4,7,0
BIT12806,Student_12806,MECH,4,7,0
BIT12807,Student_12807,MECH,4,7,0
BIT12808,Student_12808,MECH,4,7,0
BIT12809,Student_12809,MECH,4,7,0
BIT12810,Student_12810,MECH,4,7,0
BIT12811,Student_12811,MECH,4,7,0
BIT12812,Student_12812,MECH,4,7,0
BIT12813,Student_12813,MECH,4,7,0
BIT12814,Student_12814,MECH,4,7,0
BIT12815,Student_12815,MECH,4,7,0
BIT12816,Student_12816,MECH,4,7,0
BIT12817,Student_12817,MECH,4,7,0
BIT12818,Student_12818,MECH,4,7,0
BIT12819,Student_12819,MECH,4,7,0
BIT12820,Student_12820,MECH,4,7,0
BIT12821,Student_12821,MECH,4,7,0
BIT12822,Student_12822,MECH,4,7,0
BIT12823,Student_12823,MECH,4,7,0
BIT12824,Student_12824,MECH,4,8,0
BIT12825,Student_12825,MECH,4,8,0
BIT12826,Student_12826,MECH,4,8,0
BIT12827,Student_12827,MECH,4,8,0
BIT12828,Student_12828,MECH,4,8,0
BIT12829,Student_12829,MECH,4,8,0
BIT12830,Student_12830,MECH,4,8,0
BIT12831,Student_12831,MECH,4,8,0
BIT12832,Student_12832,MECH,4,8,0
BIT12833,Student_12833,MECH,4,8,0
BIT12834,Student_12834,MECH,4,8,0
BIT12835,Student_12835,MECH,4,8,0
BIT12836,Student_12836,MECH,4,8,0
BIT12837,Student_12837,MECH,4,8,0
BIT12838,Student_12838,MECH,4,8,0
BIT12839,Student_12839,MECH,4,8,0
BIT12840,Student_12840,MECH,4,8,0
BIT12841,Student_12841,MECH,4,8,0
BIT12842,Student_12842,MECH,4,8,0
BIT12843,Student_12843,MECH,4,8,0
BIT12844,Student_12844,MECH,4,8,0
BIT12845,Student_12845,MECH,4,8,0
BIT12846,Student_12846,MECH,4,8,0
BIT12847,Student_12847,MECH,4,8,0
BIT12848,Student_12848,MECH,4,8,0
BIT12849,Student_12849,MECH,4,8,0
BIT12850,Student_12850,MECH,4,8,0
BIT12851,Student_12851,MECH,4,8,0
BIT12852,Student_12852,MECH,4,8,0
BIT12853,Student_12853,MECH,4,8,0
BIT12854,Student_12854,MECH,4,8,0
BIT12855,Student_12855,MECH,4,8,0
BIT12856,Student_12856,MECH,4,8,0
BIT12857,Student_12857,MECH,4,8,0
BIT12858,Student_12858,MECH,4,8,0
BIT12859,Student_12859,MECH,4,8,0
BIT12860,Student_12860,MECH,4,8,0
BIT12861,Student_12861,MECH,4,8,0
BIT12862,Student_12862,MECH,4,8,0
BIT12863,Student_12863,MECH,4,8,0
BIT12864,Student_12864,MECH,4,8,0
BIT12865,Student_12865,MECH,4,8,0
BIT12866,Student_12866,MECH,4,8,0
BIT12867,Student_12867,MECH,4,8,0
BIT12868,Student_12868,MECH,4,8,0
BIT12869,Student_12869,MECH,4,8,0
BIT12870,Student_12870,MECH,4,8,0
BIT12871,Student_12871,MECH,4,8,0
BIT12872,Student_12872,MECH,4,8,0
BIT12873,Student_12873,MECH,4,8,0
BIT12874,Student_12874,MECH,4,8,0
BIT12875,Student_12875,MECH,4,8,0
BIT12876,Student_12876,MECH,4,8,0
BIT12877,Student_12877,MECH,4,8,0
BIT12878,Student_12878,MECH,4,8,0
BIT12879,Student_12879,MECH,4,8,0
BIT12880,Student_12880,MECH,4,8,0
BIT12881,Student_12881,MECH,4,8,0
BIT12882,Student_12882,MECH,4,8,0
BIT12883,Student_12883,MECH,4,8,0
BIT12884,Student_12884,MECH,4,8,0
BIT12885,Student_12885,MECH,4,8,0
BIT12886,Student_12886,MECH,4,8,0
BIT12887,Student_12887,MECH,4,8,0
BIT12888,Student_12888,MECH,4,8,0
BIT12889,Student_12889,MECH,4,8,0
BIT12890,Student_12890,MECH,4,8,0
BIT12891,Student_12891,MECH,4,8,0
BIT12892,Student_12892,MECH,4,8,0
BIT12893,Student_12893,MECH,4,8,1
BIT12894,Student_12894,MECH,4,8,0
BIT12895,Student_12895,MECH,4,8,0
BIT12896,Student_12896,MECH,4,8,0
BIT12897,Student_12897,MECH,4,8,0
BIT12898,Student_12898,CIVIL,1,1,0
BIT12899,Student_12899,CIVIL,1,1,0
BIT12900,Student_12900,CIVIL,1,1,0
BIT12901,Student_12901,CIVIL,1,1,0
BIT12902,Student_12902,CIVIL,1,1,0
BIT12903,Student_12903,CIVIL,1,1,0
BIT12904,Student_12904,CIVIL,1,1,0
BIT12905,Student_12905,CIVIL,1,1,0
BIT12906,Student_12906,CIVIL,1,1,0
BIT12907,Student_12907,CIVIL,1,1,0
BIT12908,Student_12908,CIVIL,1,1,0
BIT12909,Student_12909,CIVIL,1,1,0
BIT12910,Student_12910,CIVIL,1,1,0
BIT12911,Student_12911,CIVIL,1,1,0
BIT12912,Student_12912,CIVIL,1,1,0
BIT12913,Student_12913,CIVIL,1,1,0
BIT12914,Student_12914,CIVIL,1,1,0
BIT12915,Student_12915,CIVIL,1,1,0
BIT12916,Student_12916,CIVIL,1,1,0
BIT12917,Student_12917,CIVIL,1,1,0
BIT12918,Student_12918,CIVIL,1,1,0
BIT12919,Student_12919,CIVIL,1,1,0
BIT12920,Student_12920,CIVIL,1,1,0
BIT12921,Student_12921,CIVIL,1,1,0
BIT12922,Student_12922,CIVIL,1,1,0
BIT12923,Student_12923,CIVIL,1,1,0
BIT12924,Student_12924,CIVIL,1,1,0
BIT12925,Student_12925,CIVIL,1,1,0
BIT12926,Student_12926,CIVIL,1,1,0
BIT12927,Student_12927,CIVIL,1,1,0
BIT12928,Student_12928,CIVIL,1,1,0
BIT12929,Student_12929,CIVIL,1,1,0
BIT12930,Student_12930,CIVIL,1,1,0
BIT12931,Student_12931,CIVIL,1,1,0
BIT12932,Student_12932,CIVIL,1,1,0
BIT12933,Student_12933,CIVIL,1,1,0
BIT12934,Student_12934,CIVIL,1,1,0
BIT12935,Student_12935,CIVIL,1,1,0
BIT12936,Student_12936,CIVIL,1,1,0
BIT12937,Student_12937,CIVIL,1,1,0
BIT12938,Student_12938,CIVIL,1,1,0
BIT12939,Student_12939,CIVIL,1,1,0
BIT12940,Student_12940,CIVIL,1,1,0
BIT12941,Student_12941,CIVIL,1,1,0
BIT12942,Student_12942,CIVIL,1,1,0
BIT12943,Student_12943,CIVIL,1,1,0
BIT12944,Student_12944,CIVIL,1,1,0
BIT12945,Student_12945,CIVIL,1,1,0
BIT12946,Student_12946,CIVIL,1,1,0
BIT12947,Student_12947,CIVIL,1,1,0
BIT12948,Student_12948,CIVIL,1,1,0
BIT12949,Student_12949,CIVIL,1,1,0
BIT12950,Student_12950,CIVIL,1,1,0
BIT12951,Student_12951,CIVIL,1,1,0
BIT12952,Student_12952,CIVIL,1,1,0
BIT12953,Student_12953,CIVIL,1,1,0
BIT12954,Student_12954,CIVIL,1,1,0
BIT12955,Student_12955,CIVIL,1,1,0
BIT12956,Student_12956,CIVIL,1,1,0
BIT12957,Student_12957,CIVIL,1,1,0
BIT12958,Student_12958,CIVIL,1,1,0
BIT12959,Student_12959,CIVIL,1,1,1
BIT12960,Student_12960,CIVIL,1,1,0
BIT12961,Student_12961,CIVIL,1,1,0
BIT12962,Student_12962,CIVIL,1,1,0
BIT12963,Student_12963,CIVIL,1,1,0
BIT12964,Student_12964,CIVIL,1,1,0
BIT12965,Student_12965,CIVIL,1,1,0
BIT12966,Student_12966,CIVIL,1,1,0
BIT12967,Student_12967,CIVIL,1,1,0
BIT12968,Student_12968,CIVIL,1,1,0
BIT12969,Student_12969,CIVIL,1,1,0
BIT12970,Student_12970,CIVIL,1,1,0
BIT12971,Student_12971,CIVIL,1,1,0
BIT12972,Student_12972,CIVIL,1,2,0
BIT12973,Student_12973,CIVIL,1,2,1
BIT12974,Student_12974,CIVIL,1,2,0
BIT12975,Student_12975,CIVIL,1,2,0
BIT12976,Student_12976,CIVIL,1,2,0
BIT12977,Student_12977,CIVIL,1,2,0
BIT12978,Student_12978,CIVIL,1,2,0
BIT12979,Student_12979,CIVIL,1,2,0
BIT12980,Student_12980,CIVIL,1,2,0
BIT12981,Student_12981,CIVIL,1,2,0
BIT12982,Student_12982,CIVIL,1,2,1
BIT12983,Student_12983,CIVIL,1,2,0
BIT12984,Student_12984,CIVIL,1,2,0
BIT12985,Student_12985,CIVIL,1,2,0
BIT12986,Student_12986,CIVIL,1,2,0
BIT12987,Student_12987,CIVIL,1,2,0
BIT12988,Student_12988,CIVIL,1,2,0
BIT12989,Student_12989,CIVIL,1,2,0
BIT12990,Student_12990,CIVIL,1,2,0
BIT12991,Student_12991,CIVIL,1,2,0
BIT12992,Student_12992,CIVIL,1,2,0
BIT12993,Student_12993,CIVIL,1,2,0
BIT12994,Student_12994,CIVIL,1,2,0
BIT12995,Student_12995,CIVIL,1,2,0
BIT12996,Student_12996,CIVIL,1,2,0
BIT12997,Student_12997,CIVIL,1,2,0
BIT12998,Student_12998,CIVIL,1,2,0
BIT12999,Student_12999,CIVIL,1,2,0
BIT13000,Student_13000,CIVIL,1,2,0
BIT13001,Student_13001,CIVIL,1,2,0
BIT13002,Student_13002,CIVIL,1,2,0
BIT13003,Student_13003,CIVIL,1,2,0
BIT13004,Student_13004,CIVIL,1,2,0
BIT13005,Student_13005,CIVIL,1,2,0
BIT13006,Student_13006,CIVIL,1,2,0
BIT13007,Student_13007,CIVIL,1,2,0
BIT13008,Student_13008,CIVIL,1,2,0
BIT13009,Student_13009,CIVIL,1,2,0
BIT13010,Student_13010,CIVIL,1,2,0
BIT13011,Student_13011,CIVIL,1,2,0
BIT13012,Student_13012,CIVIL,1,2,0
BIT13013,Student_13013,CIVIL,1,2,0
BIT13014,Student_13014,CIVIL,1,2,0
BIT13015,Student_13015,CIVIL,1,2,0
BIT13016,Student_13016,CIVIL,1,2,0
BIT13017,Student_13017,CIVIL,1,2,0
BIT13018,Student_13018,CIVIL,1,2,0
BIT13019,Student_13019,CIVIL,1,2,0
BIT13020,Student_13020,CIVIL,1,2,0
BIT13021,Student_13021,CIVIL,1,2,0
BIT13022,Student_13022,CIVIL,1,2,0
BIT13023,Student_13023,CIVIL,1,2,0
BIT13024,Student_13024,CIVIL,1,2,0
BIT13025,Student_13025,CIVIL,1,2,0
BIT13026,Student_13026,CIVIL,1,2,0
BIT13027,Student_13027,CIVIL,1,2,0
BIT13028,Student_13028,CIVIL,1,2,0
BIT13029,Student_13029,CIVIL,1,2,0
BIT13030,Student_13030,CIVIL,1,2,0
BIT13031,Student_13031,CIVIL,1,2,0
BIT13032,Student_13032,CIVIL,2,3,0
BIT13033,Student_13033,CIVIL,2,3,0
BIT13034,Student_13034,CIVIL,2,3,0
BIT13035,Student_13035,CIVIL,2,3,0
BIT13036,Student_13036,CIVIL,2,3,0
BIT13037,Student_13037,CIVIL,2,3,0
BIT13038,Student_13038,CIVIL,2,3,0
BIT13039,Student_13039,CIVIL,2,3,0
BIT13040,Student_13040,CIVIL,2,3,0
BIT13041,Student_13041,CIVIL,2,3,0
BIT13042,Student_13042,CIVIL,2,3,0
BIT13043,Student_13043,CIVIL,2,3,0
BIT13044,Student_13044,CIVIL,2,3,0
BIT13045,Student_13045,CIVIL,2,3,0
BIT13046,Student_13046,CIVIL,2,3,0
BIT13047,Student_13047,CIVIL,2,3,0
BIT13048,Student_13048,CIVIL,2,3,1
BIT13049,Student_13049,CIVIL,2,3,0
BIT13050,Student_13050,CIVIL,2,3,0
BIT13051,Student_13051,CIVIL,2,3,0
BIT13052,Student_13052,CIVIL,2,3,0
BIT13053,Student_13053,CIVIL,2,3,0
BIT13054,Student_13054,CIVIL,2,3,0
BIT13055,Student_13055,CIVIL,2,3,0
BIT13056,Student_13056,CIVIL,2,3,0
BIT13057,Student_13057,CIVIL,2,3,0
BIT13058,Student_13058,CIVIL,2,3,0
BIT13059,Student_13059,CIVIL,2,3,0
BIT13060,Student_13060,CIVIL,2,3,0
BIT13061,Student_13061,CIVIL,2,3,0
BIT13062,Student_13062,CIVIL,2,3,0
BIT13063,Student_13063,CIVIL,2,3,0
BIT13064,Student_13064,CIVIL,2,3,0
BIT13065,Student_13065,CIVIL,2,3,0
BIT13066,Student_13066,CIVIL,2,3,0
BIT13067,Student_13067,CIVIL,2,3,0
BIT13068,Student_13068,CIVIL,2,3,0
BIT13069,Student_13069,CIVIL,2,3,0
BIT13070,Student_13070,CIVIL,2,3,0
BIT13071,Student_13071,CIVIL,2,3,0
BIT13072,Student_13072,CIVIL,2,3,0
BIT13073,Student_13073,CIVIL,2,3,0
BIT13074,Student_13074,CIVIL,2,3,0
BIT13075,Student_13075,CIVIL,2,3,0
BIT13076,Student_13076,CIVIL,2,3,0
BIT13077,Student_13077,CIVIL,2,3,0
BIT13078,Student_13078,CIVIL,2,3,0
BIT13079,Student_13079,CIVIL,2,4,0
BIT13080,Student_13080,CIVIL,2,4,0
BIT13081,Student_13081,CIVIL,2,4,0
BIT13082,Student_13082,CIVIL,2,4,0
BIT13083,Student_13083,CIVIL,2,4,0
BIT13084,Student_13084,CIVIL,2,4,0
BIT13085,Student_13085,CIVIL,2,4,0
BIT13086,Student_13086,CIVIL,2,4,0
BIT13087,Student_13087,CIVIL,2,4,0
BIT13088,Student_13088,CIVIL,2,4,0
BIT13089,Student_13089,CIVIL,2,4,0
BIT13090,Student_13090,CIVIL,2,4,0
BIT13091,Student_13091,CIVIL,2,4,0
BIT13092,Student_13092,CIVIL,2,4,0
BIT13093,Student_13093,CIVIL,2,4,0
BIT13094,Student_13094,CIVIL,2,4,0
BIT13095,Student_13095,CIVIL,2,4,0
BIT13096,Student_13096,CIVIL,2,4,0
BIT13097,Student_13097,CIVIL,2,4,0
BIT13098,Student_13098,CIVIL,2,4,0
BIT13099,Student_13099,CIVIL,2,4,0
BIT13100,Student_13100,CIVIL,2,4,0
BIT13101,Student_13101,CIVIL,2,4,0
BIT13102,Student_13102,CIVIL,2,4,0
BIT13103,Student_13103,CIVIL,2,4,0
BIT13104,Student_13104,CIVIL,2,4,0
BIT13105,Student_13105,CIVIL,2,4,0
BIT13106,Student_13106,CIVIL,2,4,0
BIT13107,Student_13107,CIVIL,2,4,0
BIT13108,Student_13108,CIVIL,2,4,0
BIT13109,Student_13109,CIVIL,2,4,0
BIT13110,Student_13110,CIVIL,2,4,0
BIT13111,Student_13111,CIVIL,2,4,0
BIT13112,Student_13112,CIVIL,2,4,0
BIT13113,Student_13113,CIVIL,2,4,0
BIT13114,Student_13114,CIVIL,2,4,0
BIT13115,Student_13115,CIVIL,2,4,0
BIT13116,Student_13116,CIVIL,2,4,0
BIT13117,Student_13117,CIVIL,2,4,0
BIT13118,Student_13118,CIVIL,2,4,0
BIT13119,Student_13119,CIVIL,2,4,0
BIT13120,Student_13120,CIVIL,2,4,0
BIT13121,Student_13121,CIVIL,2,4,0
BIT13122,Student_13122,CIVIL,2,4,0
BIT13123,Student_13123,CIVIL,2,4,0
BIT13124,Student_13124,CIVIL,2,4,0
BIT13125,Student_13125,CIVIL,2,4,1
BIT13126,Student_13126,CIVIL,2,4,0
BIT13127,Student_13127,CIVIL,2,4,0
BIT13128,Student_13128,CIVIL,2,4,0
BIT13129,Student_13129,CIVIL,3,5,0
BIT13130,Student_13130,CIVIL,3,5,0
BIT13131,Student_13131,CIVIL,3,5,0
BIT13132,Student_13132,CIVIL,3,5,0
BIT13133,Student_13133,CIVIL,3,5,0
BIT13134,Student_13134,CIVIL,3,5,0
BIT13135,Student_13135,CIVIL,3,5,0
BIT13136,Student_13136,CIVIL,3,5,0
BIT13137,Student_13137,CIVIL,3,5,0
BIT13138,Student_13138,CIVIL,3,5,0
BIT13139,Student_13139,CIVIL,3,5,0
BIT13140,Student_13140,CIVIL,3,5,0
BIT13141,Student_13141,CIVIL,3,5,0
BIT13142,Student_13142,CIVIL,3,5,0
BIT13143,Student_13143,CIVIL,3,5,0
BIT13144,Student_13144,CIVIL,3,5,0
BIT13145,Student_13145,CIVIL,3,5,0
BIT13146,Student_13146,CIVIL,3,5,0
BIT13147,Student_13147,CIVIL,3,5,0
BIT13148,Student_13148,CIVIL,3,5,0
BIT13149,Student_13149,CIVIL,3,5,0
BIT13150,Student_13150,CIVIL,3,5,0
BIT13151,Student_13151,CIVIL,3,5,0
BIT13152,Student_13152,CIVIL,3,5,0
BIT13153,Student_13153,CIVIL,3,5,0
BIT13154,Student_13154,CIVIL,3,5,0
BIT13155,Student_13155,CIVIL,3,5,0
BIT13156,Student_13156,CIVIL,3,5,0
BIT13157,Student_13157,CIVIL,3,5,0
BIT13158,Student_13158,CIVIL,3,5,0
BIT13159,Student_13159,CIVIL,3,5,0
BIT13160,Student_13160,CIVIL,3,5,0
BIT13161,Student_13161,CIVIL,3,5,0
BIT13162,Student_13162,CIVIL,3,5,0
BIT13163,Student_13163,CIVIL,3,5,0
BIT13164,Student_13164,CIVIL,3,5,0
BIT13165,Student_13165,CIVIL,3,5,0
BIT13166,Student_13166,CIVIL,3,5,0
BIT13167,Student_13167,CIVIL,3,5,0
BIT13168,Student_13168,CIVIL,3,5,0
BIT13169,Student_13169,CIVIL,3,5,0
BIT13170,Student_13170,CIVIL,3,5,0
BIT13171,Student_13171,CIVIL,3,5,0
BIT13172,Student_13172,CIVIL,3,5,1
BIT13173,Student_13173,CIVIL,3,5,0
BIT13174,Student_13174,CIVIL,3,5,0
BIT13175,Student_13175,CIVIL,3,5,0
BIT13176,Student_13176,CIVIL,3,5,0
BIT13177,Student_13177,CIVIL,3,5,0
BIT13178,Student_13178,CIVIL,3,5,0
BIT13179,Student_13179,CIVIL,3,5,0
BIT13180,Student_13180,CIVIL,3,5,0
BIT13181,Student_13181,CIVIL,3,5,0
BIT13182,Student_13182,CIVIL,3,5,0
BIT13183,Student_13183,CIVIL,3,5,0
BIT13184,Student_13184,CIVIL,3,5,0
BIT13185,Student_13185,CIVIL,3,5,0
BIT13186,Student_13186,CIVIL,3,5,0
BIT13187,Student_13187,CIVIL,3,5,0
BIT13188,Student_13188,CIVIL,3,5,0
BIT13189,Student_13189,CIVIL,3,5,0
BIT13190,Student_13190,CIVIL,3,5,0
BIT13191,Student_13191,CIVIL,3,5,0
BIT13192,Student_13192,CIVIL,3,5,0
BIT13193,Student_13193,CIVIL,3,5,0
BIT13194,Student_13194,CIVIL,3,5,0
BIT13195,Student_13195,CIVIL,3,5,0
BIT13196,Student_13196,CIVIL,3,5,0
BIT13197,Student_13197,CIVIL,3,6,0
BIT13198,Student_13198,CIVIL,3,6,0
BIT13199,Student_13199,CIVIL,3,6,0
BIT13200,Student_13200,CIVIL,3,6,0
BIT13201,Student_13201,CIVIL,3,6,0
BIT13202,Student_13202,CIVIL,3,6,0
BIT13203,Student_13203,CIVIL,3,6,0
BIT13204,Student_13204,CIVIL,3,6,0
BIT13205,Student_13205,CIVIL,3,6,0
BIT13206,Student_13206,CIVIL,3,6,0
BIT13207,Student_13207,CIVIL,3,6,0
BIT13208,Student_13208,CIVIL,3,6,0
BIT13209,Student_13209,CIVIL,3,6,0
BIT13210,Student_13210,CIVIL,3,6,0
BIT13211,Student_13211,CIVIL,3,6,0
BIT13212,Student_13212,CIVIL,3,6,0
BIT13213,Student_13213,CIVIL,3,6,0
BIT13214,Student_13214,CIVIL,3,6,0
BIT13215,Student_13215,CIVIL,3,6,0
BIT13216,Student_13216,CIVIL,3,6,0
BIT13217,Student_13217,CIVIL,3,6,0
BIT13218,Student_13218,CIVIL,3,6,0
BIT13219,Student_13219,CIVIL,3,6,0
BIT13220,Student_13220,CIVIL,3,6,0
BIT13221,Student_13221,CIVIL,3,6,0
BIT13222,Student_13222,CIVIL,3,6,0
BIT13223,Student_13223,CIVIL,3,6,0
BIT13224,Student_13224,CIVIL,3,6,0
BIT13225,Student_13225,CIVIL,3,6,0
BIT13226,Student_13226,CIVIL,3,6,0
BIT13227,Student_13227,CIVIL,3,6,0
BIT13228,Student_13228,CIVIL,3,6,0
BIT13229,Student_13229,CIVIL,3,6,0
BIT13230,Student_13230,CIVIL,3,6,0
BIT13231,Student_13231,CIVIL,3,6,0
BIT13232,Student_13232,CIVIL,3,6,0
BIT13233,Student_13233,CIVIL,3,6,0
BIT13234,Student_13234,CIVIL,3,6,0
BIT13235,Student_13235,CIVIL,3,6,0
BIT13236,Student_13236,CIVIL,3,6,0
BIT13237,Student_13237,CIVIL,3,6,0
BIT13238,Student_13238,CIVIL,3,6,0
BIT13239,Student_13239,CIVIL,3,6,0
BIT13240,Student_13240,CIVIL,3,6,0
BIT13241,Student_13241,CIVIL,3,6,0
BIT13242,Student_13242,CIVIL,3,6,0
BIT13243,Student_13243,CIVIL,3,6,0
BIT13244,Student_13244,CIVIL,3,6,0
BIT13245,Student_13245,CIVIL,3,6,0
BIT13246,Student_13246,CIVIL,3,6,0
BIT13247,Student_13247,CIVIL,3,6,0
BIT13248,Student_13248,CIVIL,3,6,0
BIT13249,Student_13249,CIVIL,3,6,0
BIT13250,Student_13250,CIVIL,3,6,0
BIT13251,Student_13251,CIVIL,3,6,0
BIT13252,Student_13252,CIVIL,3,6,0
BIT13253,Student_13253,CIVIL,4,7,0
BIT13254,Student_13254,CIVIL,4,7,0
BIT13255,Student_13255,CIVIL,4,7,0
BIT13256,Student_13256,CIVIL,4,7,0
BIT13257,Student_13257,CIVIL,4,7,0
BIT13258,Student_13258,CIVIL,4,7,0
BIT13259,Student_13259,CIVIL,4,7,0
BIT13260,Student_13260,CIVIL,4,7,0
BIT13261,Student_13261,CIVIL,4,7,0
BIT13262,Student_13262,CIVIL,4,7,0
BIT13263,Student_13263,CIVIL,4,7,0
BIT13264,Student_13264,CIVIL,4,7,0
BIT13265,Student_13265,CIVIL,4,7,0
BIT13266,Student_13266,CIVIL,4,7,0
BIT13267,Student_13267,CIVIL,4,7,0
BIT13268,Student_13268,CIVIL,4,7,0
BIT13269,Student_13269,CIVIL,4,7,0
BIT13270,Student_13270,CIVIL,4,7,0
BIT13271,Student_13271,CIVIL,4,7,0
BIT13272,Student_13272,CIVIL,4,7,0
BIT13273,Student_13273,CIVIL,4,7,0
BIT13274,Student_13274,CIVIL,4,7,0
BIT13275,Student_13275,CIVIL,4,7,0
BIT13276,Student_13276,CIVIL,4,7,0
BIT13277,Student_13277,CIVIL,4,7,0
BIT13278,Student_13278,CIVIL,4,7,0
BIT13279,Student_13279,CIVIL,4,7,0
BIT13280,Student_13280,CIVIL,4,7,0
BIT13281,Student_13281,CIVIL,4,7,0
BIT13282,Student_13282,CIVIL,4,7,0
BIT13283,Student_13283,CIVIL,4,7,0
BIT13284,Student_13284,CIVIL,4,7,0
BIT13285,Student_13285,CIVIL,4,7,0
BIT13286,Student_13286,CIVIL,4,7,0
BIT13287,Student_13287,CIVIL,4,7,0
BIT13288,Student_13288,CIVIL,4,7,0
BIT13289,Student_13289,CIVIL,4,7,0
BIT13290,Student_13290,CIVIL,4,7,0
BIT13291,Student_13291,CIVIL,4,7,0
BIT13292,Student_13292,CIVIL,4,7,0
BIT13293,Student_13293,CIVIL,4,7,0
BIT13294,Student_13294,CIVIL,4,7,0
BIT13295,Student_13295,CIVIL,4,7,0
BIT13296,Student_13296,CIVIL,4,7,0
BIT13297,Student_13297,CIVIL,4,7,0
BIT13298,Student_13298,CIVIL,4,7,0
BIT13299,Student_13299,CIVIL,4,7,0
BIT13300,Student_13300,CIVIL,4,7,0
BIT13301,Student_13301,CIVIL,4,7,0
BIT13302,Student_13302,CIVIL,4,7,0
BIT13303,Student_13303,CIVIL,4,7,0
BIT13304,Student_13304,CIVIL,4,7,0
BIT13305,Student_13305,CIVIL,4,7,0
BIT13306,Student_13306,CIVIL,4,7,0
BIT13307,Student_13307,CIVIL,4,7,0
BIT13308,Student_13308,CIVIL,4,7,0
BIT13309,Student_13309,CIVIL,4,7,0
BIT13310,Student_13310,CIVIL,4,7,0
BIT13311,Student_13311,CIVIL,4,7,0
BIT13312,Student_13312,CIVIL,4,8,0
BIT13313,Student_13313,CIVIL,4,8,0
BIT13314,Student_13314,CIVIL,4,8,0
BIT13315,Student_13315,CIVIL,4,8,0
BIT13316,Student_13316,CIVIL,4,8,0
BIT13317,Student_13317,CIVIL,4,8,0
BIT13318,Student_13318,CIVIL,4,8,0
BIT13319,Student_13319,CIVIL,4,8,0
BIT13320,Student_13320,CIVIL,4,8,0
BIT13321,Student_13321,CIVIL,4,8,0
BIT13322,Student_13322,CIVIL,4,8,0
BIT13323,Student_13323,CIVIL,4,8,0
BIT13324,Student_13324,CIVIL,4,8,0
BIT13325,Student_13325,CIVIL,4,8,0
BIT13326,Student_13326,CIVIL,4,8,0
BIT13327,Student_13327,CIVIL,4,8,0
BIT13328,Student_13328,CIVIL,4,8,0
BIT13329,Student_13329,CIVIL,4,8,0
BIT13330,Student_13330,CIVIL,4,8,0
BIT13331,Student_13331,CIVIL,4,8,0
BIT13332,Student_13332,CIVIL,4,8,0
BIT13333,Student_13333,CIVIL,4,8,0
BIT13334,Student_13334,CIVIL,4,8,0
BIT13335,Student_13335,CIVIL,4,8,0
BIT13336,Student_13336,CIVIL,4,8,0
BIT13337,Student_13337,CIVIL,4,8,0
BIT13338,Student_13338,CIVIL,4,8,0
BIT13339,Student_13339,CIVIL,4,8,0
BIT13340,Student_13340,CIVIL,4,8,0
BIT13341,Student_13341,CIVIL,4,8,0
BIT13342,Student_13342,CIVIL,4,8,0
BIT13343,Student_13343,CIVIL,4,8,0
BIT13344,Student_13344,CIVIL,4,8,0
BIT13345,Student_13345,CIVIL,4,8,0
BIT13346,Student_13346,CIVIL,4,8,1
BIT13347,Student_13347,CIVIL,4,8,0
BIT13348,Student_13348,CIVIL,4,8,0
BIT13349,Student_13349,CIVIL,4,8,0
BIT13350,Student_13350,CIVIL,4,8,0
BIT13351,Student_13351,CIVIL,4,8,0
BIT13352,Student_13352,CIVIL,4,8,0
BIT13353,Student_13353,CIVIL,4,8,0
BIT13354,Student_13354,CIVIL,4,8,0
BIT13355,Student_13355,CIVIL,4,8,0
BIT13356,Student_13356,CIVIL,4,8,1
BIT13357,Student_13357,CIVIL,4,8,0
BIT13358,Student_13358,CIVIL,4,8,0
BIT13359,Student_13359,CIVIL,4,8,0
BIT13360,Student_13360,CIVIL,4,8,0
BIT13361,Student_13361,CIVIL,4,8,0
BIT13362,Student_13362,CIVIL,4,8,0
BIT13363,Student_13363,CIVIL,4,8,0
BIT13364,Student_13364,CIVIL,4,8,0
BIT13365,Student_13365,CIVIL,4,8,0
BIT13366,Student_13366,CIVIL,4,8,0
BIT13367,Student_13367,CIVIL,4,8,0
BIT13368,Student_13368,CIVIL,4,8,0
BIT13369,Student_13369,CIVIL,4,8,0
BIT13370,Student_13370,CIVIL,4,8,0
BIT13371,Student_13371,CIVIL,4,8,0
BIT13372,Student_13372,CIVIL,4,8,0
BIT13373,Student_13373,CIVIL,4,8,0
BIT13374,Student_13374,CIVIL,4,8,0
BIT13375,Student_13375,CIVIL,4,8,0
BIT13376,Student_13376,CIVIL,4,8,0
BIT13377,Student_13377,CIVIL,4,8,0
BIT13378,Student_13378,CIVIL,4,8,0
BIT13379,Student_13379,CIVIL,4,8,0
BIT13380,Student_13380,CIVIL,4,8,0
BIT13381,Student_13381,CIVIL,4,8,0
BIT13382,Student_13382,CIVIL,4,8,0
BIT13383,Student_13383,IT,1,1,0
BIT13384,Student_13384,IT,1,1,0
BIT13385,Student_13385,IT,1,1,0
BIT13386,Student_13386,IT,1,1,0
BIT13387,Student_13387,IT,1,1,0
BIT13388,Student_13388,IT,1,1,0
BIT13389,Student_13389,IT,1,1,0
BIT13390,Student_13390,IT,1,1,0
BIT13391,Student_13391,IT,1,1,0
BIT13392,Student_13392,IT,1,1,0
BIT13393,Student_13393,IT,1,1,0
BIT13394,Student_13394,IT,1,1,0
BIT13395,Student_13395,IT,1,1,0
BIT13396,Student_13396,IT,1,1,0
BIT13397,Student_13397,IT,1,1,0
BIT13398,Student_13398,IT,1,1,0
BIT13399,Student_13399,IT,1,1,0
BIT13400,Student_13400,IT,1,1,0
BIT13401,Student_13401,IT,1,1,0
BIT13402,Student_13402,IT,1,1,0
BIT13403,Student_13403,IT,1,1,0
BIT13404,Student_13404,IT,1,1,0
BIT13405,Student_13405,IT,1,1,0
BIT13406,Student_13406,IT,1,1,0
BIT13407,Student_13407,IT,1,1,0
BIT13408,Student_13408,IT,1,1,0
BIT13409,Student_13409,IT,1,1,0
BIT13410,Student_13410,IT,1,1,0
BIT13411,Student_13411,IT,1,1,0
BIT13412,Student_13412,IT,1,1,0
BIT13413,Student_13413,IT,1,1,0
BIT13414,Student_13414,IT,1,1,0
BIT13415,Student_13415,IT,1,1,0
BIT13416,Student_13416,IT,1,1,0
BIT13417,Student_13417,IT,1,1,0
BIT13418,Student_13418,IT,1,1,0
BIT13419,Student_13419,IT,1,1,0
BIT13420,Student_13420,IT,1,1,0
BIT13421,Student_13421,IT,1,1,0
BIT13422,Student_13422,IT,1,1,0
BIT13423,Student_13423,IT,1,1,0
BIT13424,Student_13424,IT,1,1,0
BIT13425,Student_13425,IT,1,1,0
BIT13426,Student_13426,IT,1,1,0
BIT13427,Student_13427,IT,1,1,0
BIT13428,Student_13428,IT,1,1,0
BIT13429,Student_13429,IT,1,1,0
BIT13430,Student_13430,IT,1,1,0
BIT13431,Student_13431,IT,1,1,0
BIT13432,Student_13432,IT,1,1,0
BIT13433,Student_13433,IT,1,1,0
BIT13434,Student_13434,IT,1,1,0
BIT13435,Student_13435,IT,1,1,0
BIT13436,Student_13436,IT,1,1,0
BIT13437,Student_13437,IT,1,1,0
BIT13438,Student_13438,IT,1,1,0
BIT13439,Student_13439,IT,1,1,1
BIT13440,Student_13440,IT,1,1,0
BIT13441,Student_13441,IT,1,1,0
BIT13442,Student_13442,IT,1,1,0
BIT13443,Student_13443,IT,1,1,0
BIT13444,Student_13444,IT,1,1,0
BIT13445,Student_13445,IT,1,1,0
BIT13446,Student_13446,IT,1,1,0
BIT13447,Student_13447,IT,1,1,0
BIT13448,Student_13448,IT,1,1,0
BIT13449,Student_13449,IT,1,2,0
BIT13450,Student_13450,IT,1,2,0
BIT13451,Student_13451,IT,1,2,0
BIT13452,Student_13452,IT,1,2,0
BIT13453,Student_13453,IT,1,2,0
BIT13454,Student_13454,IT,1,2,0
BIT13455,Student_13455,IT,1,2,0
BIT13456,Student_13456,IT,1,2,0
BIT13457,Student_13457,IT,1,2,0
BIT13458,Student_13458,IT,1,2,0
BIT13459,Student_13459,IT,1,2,0
BIT13460,Student_13460,IT,1,2,0
BIT13461,Student_13461,IT,1,2,0
BIT13462,Student_13462,IT,1,2,0
BIT13463,Student_13463,IT,1,2,0
BIT13464,Student_13464,IT,1,2,0
BIT13465,Student_13465,IT,1,2,0
BIT13466,Student_13466,IT,1,2,0
BIT13467,Student_13467,IT,1,2,0
BIT13468,Student_13468,IT,1,2,0
BIT13469,Student_13469,IT,1,2,0
BIT13470,Student_13470,IT,1,2,0
BIT13471,Student_13471,IT,1,2,0
BIT13472,Student_13472,IT,1,2,0
BIT13473,Student_13473,IT,1,2,0
BIT13474,Student_13474,IT,1,2,0
BIT13475,Student_13475,IT,1,2,0
BIT13476,Student_13476,IT,1,2,0
BIT13477,Student_13477,IT,1,2,0
BIT13478,Student_13478,IT,1,2,0
BIT13479,Student_13479,IT,1,2,0
BIT13480,Student_13480,IT,1,2,0
BIT13481,Student_13481,IT,1,2,0
BIT13482,Student_13482,IT,1,2,0
BIT13483,Student_13483,IT,1,2,0
BIT13484,Student_13484,IT,1,2,0
BIT13485,Student_13485,IT,1,2,0
BIT13486,Student_13486,IT,1,2,0
BIT13487,Student_13487,IT,1,2,0
BIT13488,Student_13488,IT,1,2,0
BIT13489,Student_13489,IT,1,2,0
BIT13490,Student_13490,IT,1,2,0
BIT13491,Student_13491,IT,1,2,0
BIT13492,Student_13492,IT,1,2,0
BIT13493,Student_13493,IT,1,2,0
BIT13494,Student_13494,IT,1,2,0
BIT13495,Student_13495,IT,1,2,0
BIT13496,Student_13496,IT,1,2,0
BIT13497,Student_13497,IT,1,2,0
BIT13498,Student_13498,IT,1,2,0
BIT13499,Student_13499,IT,1,2,0
BIT13500,Student_13500,IT,1,2,0
BIT13501,Student_13501,IT,1,2,0
BIT13502,Student_13502,IT,1,2,0
BIT13503,Student_13503,IT,1,2,0
BIT13504,Student_13504,IT,1,2,0
BIT13505,Student_13505,IT,1,2,0
BIT13506,Student_13506,IT,1,2,0
BIT13507,Student_13507,IT,1,2,0
BIT13508,Student_13508,IT,1,2,0
BIT13509,Student_13509,IT,1,2,0
BIT13510,Student_13510,IT,1,2,0
BIT13511,Student_13511,IT,1,2,0
BIT13512,Student_13512,IT,1,2,0
BIT13513,Student_13513,IT,1,2,0
BIT13514,Student_13514,IT,1,2,0
BIT13515,Student_13515,IT,1,2,0
BIT13516,Student_13516,IT,1,2,0
BIT13517,Student_13517,IT,2,3,0
BIT13518,Student_13518,IT,2,3,0
BIT13519,Student_13519,IT,2,3,0
BIT13520,Student_13520,IT,2,3,0
BIT13521,Student_13521,IT,2,3,0
BIT13522,Student_13522,IT,2,3,0
BIT13523,Student_13523,IT,2,3,0
BIT13524,Student_13524,IT,2,3,0
BIT13525,Student_13525,IT,2,3,0
BIT13526,Student_13526,IT,2,3,0
BIT13527,Student_13527,IT,2,3,0
BIT13528,Student_13528,IT,2,3,0
BIT13529,Student_13529,IT,2,3,0
BIT13530,Student_13530,IT,2,3,0
BIT13531,Student_13531,IT,2,3,0
BIT13532,Student_13532,IT,2,3,0
BIT13533,Student_13533,IT,2,3,0
BIT13534,Student_13534,IT,2,3,0
BIT13535,Student_13535,IT,2,3,0
BIT13536,Student_13536,IT,2,3,0
BIT13537,Student_13537,IT,2,3,0
BIT13538,Student_13538,IT,2,3,0
BIT13539,Student_13539,IT,2,3,0
BIT13540,Student_13540,IT,2,3,0
BIT13541,Student_13541,IT,2,3,0
BIT13542,Student_13542,IT,2,3,0
BIT13543,Student_13543,IT,2,3,0
BIT13544,Student_13544,IT,2,3,0
BIT13545,Student_13545,IT,2,3,0
BIT13546,Student_13546,IT,2,3,0
BIT13547,Student_13547,IT,2,3,0
BIT13548,Student_13548,IT,2,3,0
BIT13549,Student_13549,IT,2,3,0
BIT13550,Student_13550,IT,2,3,0
BIT13551,Student_13551,IT,2,3,0
BIT13552,Student_13552,IT,2,3,0
BIT13553,Student_13553,IT,2,3,0
BIT13554,Student_13554,IT,2,3,0
BIT13555,Student_13555,IT,2,3,0
BIT13556,Student_13556,IT,2,3,0
BIT13557,Student_13557,IT,2,3,0
BIT13558,Student_13558,IT,2,3,0
BIT13559,Student_13559,IT,2,3,0
BIT13560,Student_13560,IT,2,3,0
BIT13561,Student_13561,IT,2,3,0
BIT13562,Student_13562,IT,2,3,0
BIT13563,Student_13563,IT,2,3,0
BIT13564,Student_13564,IT,2,3,0
BIT13565,Student_13565,IT,2,3,0
BIT13566,Student_13566,IT,2,3,0
BIT13567,Student_13567,IT,2,3,0
BIT13568,Student_13568,IT,2,3,0
BIT13569,Student_13569,IT,2,3,0
BIT13570,Student_13570,IT,2,3,0
BIT13571,Student_13571,IT,2,3,0
BIT13572,Student_13572,IT,2,3,0
BIT13573,Student_13573,IT,2,3,0
BIT13574,Student_13574,IT,2,3,0
BIT13575,Student_13575,IT,2,3,0
BIT13576,Student_13576,IT,2,3,0
BIT13577,Student_13577,IT,2,3,0
BIT13578,Student_13578,IT,2,3,0
BIT13579,Student_13579,IT,2,3,0
BIT13580,Student_13580,IT,2,3,0
BIT13581,Student_13581,IT,2,3,0
BIT13582,Student_13582,IT,2,4,0
BIT13583,Student_13583,IT,2,4,0
BIT13584,Student_13584,IT,2,4,0
BIT13585,Student_13585,IT,2,4,0
BIT13586,Student_13586,IT,2,4,0
BIT13587,Student_13587,IT,2,4,0
BIT13588,Student_13588,IT,2,4,0
BIT13589,Student_13589,IT,2,4,0
BIT13590,Student_13590,IT,2,4,0
BIT13591,Student_13591,IT,2,4,0
BIT13592,Student_13592,IT,2,4,0
BIT13593,Student_13593,IT,2,4,0
BIT13594,Student_13594,IT,2,4,0
BIT13595,Student_13595,IT,2,4,0
BIT13596,Student_13596,IT,2,4,0
BIT13597,Student_13597,IT,2,4,0
BIT13598,Student_13598,IT,2,4,0
BIT13599,Student_13599,IT,2,4,0
BIT13600,Student_13600,IT,2,4,0
BIT13601,Student_13601,IT,2,4,0
BIT13602,Student_13602,IT,2,4,0
BIT13603,Student_13603,IT,2,4,0
BIT13604,Student_13604,IT,2,4,0
BIT13605,Student_13605,IT,2,4,0
BIT13606,Student_13606,IT,2,4,0
BIT13607,Student_13607,IT,2,4,0
BIT13608,Student_13608,IT,2,4,0
BIT13609,Student_13609,IT,2,4,0
BIT13610,Student_13610,IT,2,4,0
BIT13611,Student_13611,IT,2,4,0
BIT13612,Student_13612,IT,2,4,0
BIT13613,Student_13613,IT,2,4,0
BIT13614,Student_13614,IT,2,4,0
BIT13615,Student_13615,IT,2,4,0
BIT13616,Student_13616,IT,2,4,0
BIT13617,Student_13617,IT,2,4,0
BIT13618,Student_13618,IT,2,4,0
BIT13619,Student_13619,IT,2,4,0
BIT13620,Student_13620,IT,2,4,0
BIT13621,Student_13621,IT,2,4,0
BIT13622,Student_13622,IT,2,4,0
BIT13623,Student_13623,IT,2,4,0
BIT13624,Student_13624,IT,2,4,0
BIT13625,Student_13625,IT,2,4,0
BIT13626,Student_13626,IT,2,4,0
BIT13627,Student_13627,IT,2,4,0
BIT13628,Student_13628,IT,2,4,0
BIT13629,Student_13629,IT,2,4,0
BIT13630,Student_13630,IT,2,4,0
BIT13631,Student_13631,IT,2,4,0
BIT13632,Student_13632,IT,2,4,0
BIT13633,Student_13633,IT,2,4,0
BIT13634,Student_13634,IT,2,4,0
BIT13635,Student_13635,IT,2,4,0
BIT13636,Student_13636,IT,2,4,0
BIT13637,Student_13637,IT,2,4,0
BIT13638,Student_13638,IT,2,4,0
BIT13639,Student_13639,IT,2,4,0
BIT13640,Student_13640,IT,2,4,0
BIT13641,Student_13641,IT,2,4,0
BIT13642,Student_13642,IT,2,4,0
BIT13643,Student_13643,IT,2,4,0
BIT13644,Student_13644,IT,2,4,0
BIT13645,Student_13645,IT,2,4,0
BIT13646,Student_13646,IT,2,4,0
BIT13647,Student_13647,IT,3,5,1
BIT13648,Student_13648,IT,3,5,0
BIT13649,Student_13649,IT,3,5,0
BIT13650,Student_13650,IT,3,5,0
BIT13651,Student_13651,IT,3,5,0
BIT13652,Student_13652,IT,3,5,0
BIT13653,Student_13653,IT,3,5,0
BIT13654,Student_13654,IT,3,5,0
BIT13655,Student_13655,IT,3,5,0
BIT13656,Student_13656,IT,3,5,0
BIT13657,Student_13657,IT,3,5,0
BIT13658,Student_13658,IT,3,5,0
BIT13659,Student_13659,IT,3,5,0
BIT13660,Student_13660,IT,3,5,0
BIT13661,Student_13661,IT,3,5,0
BIT13662,Student_13662,IT,3,5,0
BIT13663,Student_13663,IT,3,5,0
BIT13664,Student_13664,IT,3,5,0
BIT13665,Student_13665,IT,3,5,0
BIT13666,Student_13666,IT,3,5,0
BIT13667,Student_13667,IT,3,5,0
BIT13668,Student_13668,IT,3,5,0
BIT13669,Student_13669,IT,3,5,0
BIT13670,Student_13670,IT,3,5,0
BIT13671,Student_13671,IT,3,5,0
BIT13672,Student_13672,IT,3,5,0
BIT13673,Student_13673,IT,3,5,0
BIT13674,Student_13674,IT,3,5,0
BIT13675,Student_13675,IT,3,5,0
BIT13676,Student_13676,IT,3,5,0
BIT13677,Student_13677,IT,3,5,0
BIT13678,Student_13678,IT,3,5,0
BIT13679,Student_13679,IT,3,5,0
BIT13680,Student_13680,IT,3,5,0
BIT13681,Student_13681,IT,3,5,0
BIT13682,Student_13682,IT,3,5,0
BIT13683,Student_13683,IT,3,5,0
BIT13684,Student_13684,IT,3,5,0
BIT13685,Student_13685,IT,3,5,0
BIT13686,Student_13686,IT,3,5,0
BIT13687,Student_13687,IT,3,5,0
BIT13688,Student_13688,IT,3,5,0
BIT13689,Student_13689,IT,3,5,0
BIT13690,Student_13690,IT,3,5,0
BIT13691,Student_13691,IT,3,5,0
BIT13692,Student_13692,IT,3,5,0
BIT13693,Student_13693,IT,3,5,0
BIT13694,Student_13694,IT,3,5,0
BIT13695,Student_13695,IT,3,5,0
BIT13696,Student_13696,IT,3,5,0
BIT13697,Student_13697,IT,3,5,0
BIT13698,Student_13698,IT,3,6,0
BIT13699,Student_13699,IT,3,6,0
BIT13700,Student_13700,IT,3,6,0
BIT13701,Student_13701,IT,3,6,0
BIT13702,Student_13702,IT,3,6,0
BIT13703,Student_13703,IT,3,6,0
BIT13704,Student_13704,IT,3,6,0
BIT13705,Student_13705,IT,3,6,0
BIT13706,Student_13706,IT,3,6,0
BIT13707,Student_13707,IT,3,6,0
BIT13708,Student_13708,IT,3,6,0
BIT13709,Student_13709,IT,3,6,0
BIT13710,Student_13710,IT,3,6,0
BIT13711,Student_13711,IT,3,6,0
BIT13712,Student_13712,IT,3,6,0
BIT13713,Student_13713,IT,3,6,0
BIT13714,Student_13714,IT,3,6,0
BIT13715,Student_13715,IT,3,6,0
BIT13716,Student_13716,IT,3,6,0
BIT13717,Student_13717,IT,3,6,0
BIT13718,Student_13718,IT,3,6,0
BIT13719,Student_13719,IT,3,6,0
BIT13720,Student_13720,IT,3,6,0
BIT13721,Student_13721,IT,3,6,0
BIT13722,Student_13722,IT,3,6,0
BIT13723,Student_13723,IT,3,6,0
BIT13724,Student_13724,IT,3,6,0
BIT13725,Student_13725,IT,3,6,0
BIT13726,Student_13726,IT,3,6,0
BIT13727,Student_13727,IT,3,6,0
BIT13728,Student_13728,IT,3,6,0
BIT13729,Student_13729,IT,3,6,0
BIT13730,Student_13730,IT,3,6,0
BIT13731,Student_13731,IT,3,6,0
BIT13732,Student_13732,IT,3,6,0
BIT13733,Student_13733,IT,3,6,0
BIT13734,Student_13734,IT,3,6,0
BIT13735,Student_13735,IT,3,6,0
BIT13736,Student_13736,IT,3,6,0
BIT13737,Student_13737,IT,3,6,0
BIT13738,Student_13738,IT,3,6,0
BIT13739,Student_13739,IT,3,6,0
BIT13740,Student_13740,IT,3,6,0
BIT13741,Student_13741,IT,3,6,0
BIT13742,Student_13742,IT,3,6,0
BIT13743,Student_13743,IT,3,6,0
BIT13744,Student_13744,IT,3,6,0
BIT13745,Student_13745,IT,3,6,0
BIT13746,Student_13746,IT,3,6,0
BIT13747,Student_13747,IT,3,6,0
BIT13748,Student_13748,IT,3,6,0
BIT13749,Student_13749,IT,3,6,0
BIT13750,Student_13750,IT,3,6,0
BIT13751,Student_13751,IT,3,6,0
BIT13752,Student_13752,IT,3,6,0
BIT13753,Student_13753,IT,3,6,0
BIT13754,Student_13754,IT,3,6,0
BIT13755,Student_13755,IT,3,6,0
BIT13756,Student_13756,IT,3,6,0
BIT13757,Student_13757,IT,3,6,0
BIT13758,Student_13758,IT,3,6,0
BIT13759,Student_13759,IT,3,6,0
BIT13760,Student_13760,IT,3,6,0
BIT13761,Student_13761,IT,3,6,0
BIT13762,Student_13762,IT,3,6,0
BIT13763,Student_13763,IT,3,6,0
BIT13764,Student_13764,IT,3,6,0
BIT13765,Student_13765,IT,3,6,0
BIT13766,Student_13766,IT,3,6,0
BIT13767,Student_13767,IT,4,7,0
BIT13768,Student_13768,IT,4,7,0
BIT13769,Student_13769,IT,4,7,0
BIT13770,Student_13770,IT,4,7,0
BIT13771,Student_13771,IT,4,7,0
BIT13772,Student_13772,IT,4,7,0
BIT13773,Student_13773,IT,4,7,0
BIT13774,Student_13774,IT,4,7,0
BIT13775,Student_13775,IT,4,7,0
BIT13776,Student_13776,IT,4,7,0
BIT13777,Student_13777,IT,4,7,0
BIT13778,Student_13778,IT,4,7,0
BIT13779,Student_13779,IT,4,7,0
BIT13780,Student_13780,IT,4,7,0
BIT13781,Student_13781,IT,4,7,0
BIT13782,Student_13782,IT,4,7,0
BIT13783,Student_13783,IT,4,7,0
BIT13784,Student_13784,IT,4,7,0
BIT13785,Student_13785,IT,4,7,0
BIT13786,Student_13786,IT,4,7,0
BIT13787,Student_13787,IT,4,7,0
BIT13788,Student_13788,IT,4,7,0
BIT13789,Student_13789,IT,4,7,0
BIT13790,Student_13790,IT,4,7,0
BIT13791,Student_13791,IT,4,7,0
BIT13792,Student_13792,IT,4,7,0
BIT13793,Student_13793,IT,4,7,1
BIT13794,Student_13794,IT,4,7,0
BIT13795,Student_13795,IT,4,7,0
BIT13796,Student_13796,IT,4,7,0
BIT13797,Student_13797,IT,4,7,0
BIT13798,Student_13798,IT,4,7,0
BIT13799,Student_13799,IT,4,7,0
BIT13800,Student_13800,IT,4,7,0
BIT13801,Student_13801,IT,4,7,0
BIT13802,Student_13802,IT,4,7,0
BIT13803,Student_13803,IT,4,7,0
BIT13804,Student_13804,IT,4,7,0
BIT13805,Student_13805,IT,4,7,0
BIT13806,Student_13806,IT,4,7,0
BIT13807,Student_13807,IT,4,7,0
BIT13808,Student_13808,IT,4,7,0
BIT13809,Student_13809,IT,4,7,0
BIT13810,Student_13810,IT,4,7,0
BIT13811,Student_13811,IT,4,7,0
BIT13812,Student_13812,IT,4,7,0
BIT13813,Student_13813,IT,4,7,0
BIT13814,Student_13814,IT,4,7,0
BIT13815,Student_13815,IT,4,7,0
BIT13816,Student_13816,IT,4,7,0
BIT13817,Student_13817,IT,4,7,0
BIT13818,Student_13818,IT,4,7,0
BIT13819,Student_13819,IT,4,7,0
BIT13820,Student_13820,IT,4,7,0
BIT13821,Student_13821,IT,4,7,0
BIT13822,Student_13822,IT,4,7,0
BIT13823,Student_13823,IT,4,7,0
BIT13824,Student_13824,IT,4,7,0
BIT13825,Student_13825,IT,4,7,0
BIT13826,Student_13826,IT,4,7,0
BIT13827,Student_13827,IT,4,7,1
BIT13828,Student_13828,IT,4,8,0
BIT13829,Student_13829,IT,4,8,0
BIT13830,Student_13830,IT,4,8,0
BIT13831,Student_13831,IT,4,8,0
BIT13832,Student_13832,IT,4,8,0
BIT13833,Student_13833,IT,4,8,0
BIT13834,Student_13834,IT,4,8,0
BIT13835,Student_13835,IT,4,8,1
BIT13836,Student_13836,IT,4,8,0
BIT13837,Student_13837,IT,4,8,0
BIT13838,Student_13838,IT,4,8,0
BIT13839,Student_13839,IT,4,8,0
BIT13840,Student_13840,IT,4,8,0
BIT13841,Student_13841,IT,4,8,0
BIT13842,Student_13842,IT,4,8,0
BIT13843,Student_13843,IT,4,8,0
BIT13844,Student_13844,IT,4,8,0
BIT13845,Student_13845,IT,4,8,0
BIT13846,Student_13846,IT,4,8,0
BIT13847,Student_13847,IT,4,8,0
BIT13848,Student_13848,IT,4,8,0
BIT13849,Student_13849,IT,4,8,0
BIT13850,Student_13850,IT,4,8,0
BIT13851,Student_13851,IT,4,8,0
BIT13852,Student_13852,IT,4,8,0
BIT13853,Student_13853,IT,4,8,0
BIT13854,Student_13854,IT,4,8,0
BIT13855,Student_13855,IT,4,8,0
BIT13856,Student_13856,IT,4,8,0
BIT13857,Student_13857,IT,4,8,0
BIT13858,Student_13858,IT,4,8,0
BIT13859,Student_13859,IT,4,8,0
BIT13860,Student_13860,IT,4,8,0
BIT13861,Student_13861,IT,4,8,0
BIT13862,Student_13862,IT,4,8,0
BIT13863,Student_13863,IT,4,8,0
BIT13864,Student_13864,IT,4,8,0
BIT13865,Student_13865,IT,4,8,0
BIT13866,Student_13866,IT,4,8,0
BIT13867,Student_13867,IT,4,8,1
BIT13868,Student_13868,IT,4,8,0
BIT13869,Student_13869,IT,4,8,0
BIT13870,Student_13870,IT,4,8,0
BIT13871,Student_13871,IT,4,8,0
BIT13872,Student_13872,IT,4,8,0
BIT13873,Student_13873,IT,4,8,0
BIT13874,Student_13874,IT,4,8,0
BIT13875,Student_13875,IT,4,8,0
BIT13876,Student_13876,TEXTILE,1,1,0
BIT13877,Student_13877,TEXTILE,1,1,0
BIT13878,Student_13878,TEXTILE,1,1,0
BIT13879,Student_13879,TEXTILE,1,1,0
BIT13880,Student_13880,TEXTILE,1,1,0
BIT13881,Student_13881,TEXTILE,1,1,1
BIT13882,Student_13882,TEXTILE,1,1,0
BIT13883,Student_13883,TEXTILE,1,1,0
BIT13884,Student_13884,TEXTILE,1,1,0
BIT13885,Student_13885,TEXTILE,1,1,0
BIT13886,Student_13886,TEXTILE,1,1,0
BIT13887,Student_13887,TEXTILE,1,1,0
BIT13888,Student_13888,TEXTILE,1,1,0
BIT13889,Student_13889,TEXTILE,1,1,0
BIT13890,Student_13890,TEXTILE,1,1,0
BIT13891,Student_13891,TEXTILE,1,1,0
BIT13892,Student_13892,TEXTILE,1,1,0
BIT13893,Student_13893,TEXTILE,1,1,0
BIT13894,Student_13894,TEXTILE,1,1,0
BIT13895,Student_13895,TEXTILE,1,1,0
BIT13896,Student_13896,TEXTILE,1,1,0
BIT13897,Student_13897,TEXTILE,1,1,0
BIT13898,Student_13898,TEXTILE,1,1,0
BIT13899,Student_13899,TEXTILE,1,1,0
BIT13900,Student_13900,TEXTILE,1,1,0
BIT13901,Student_13901,TEXTILE,1,1,0
BIT13902,Student_13902,TEXTILE,1,1,0
BIT13903,Student_13903,TEXTILE,1,1,0
BIT13904,Student_13904,TEXTILE,1,1,0
BIT13905,Student_13905,TEXTILE,1,1,0
BIT13906,Student_13906,TEXTILE,1,1,0
BIT13907,Student_13907,TEXTILE,1,1,0
BIT13908,Student_13908,TEXTILE,1,1,0
BIT13909,Student_13909,TEXTILE,1,1,0
BIT13910,Student_13910,TEXTILE,1,1,0
BIT13911,Student_13911,TEXTILE,1,1,0
BIT13912,Student_13912,TEXTILE,1,1,0
BIT13913,Student_13913,TEXTILE,1,1,0
BIT13914,Student_13914,TEXTILE,1,1,0
BIT13915,Student_13915,TEXTILE,1,1,0
BIT13916,Student_13916,TEXTILE,1,1,0
BIT13917,Student_13917,TEXTILE,1,1,0
BIT13918,Student_13918,TEXTILE,1,1,0
BIT13919,Student_13919,TEXTILE,1,1,0
BIT13920,Student_13920,TEXTILE,1,1,0
BIT13921,Student_13921,TEXTILE,1,1,0
BIT13922,Student_13922,TEXTILE,1,1,0
BIT13923,Student_13923,TEXTILE,1,1,0
BIT13924,Student_13924,TEXTILE,1,1,0
BIT13925,Student_13925,TEXTILE,1,1,0
BIT13926,Student_13926,TEXTILE,1,2,0
BIT13927,Student_13927,TEXTILE,1,2,0
BIT13928,Student_13928,TEXTILE,1,2,0
BIT13929,Student_13929,TEXTILE,1,2,0
BIT13930,Student_13930,TEXTILE,1,2,0
BIT13931,Student_13931,TEXTILE,1,2,0
BIT13932,Student_13932,TEXTILE,1,2,0
BIT13933,Student_13933,TEXTILE,1,2,0
BIT13934,Student_13934,TEXTILE,1,2,0
BIT13935,Student_13935,TEXTILE,1,2,0
BIT13936,Student_13936,TEXTILE,1,2,0
BIT13937,Student_13937,TEXTILE,1,2,0
BIT13938,Student_13938,TEXTILE,1,2,0
BIT13939,Student_13939,TEXTILE,1,2,0
BIT13940,Student_13940,TEXTILE,1,2,0
BIT13941,Student_13941,TEXTILE,1,2,0
BIT13942,Student_13942,TEXTILE,1,2,0
BIT13943,Student_13943,TEXTILE,1,2,0
BIT13944,Student_13944,TEXTILE,1,2,0
BIT13945,Student_13945,TEXTILE,1,2,0
BIT13946,Student_13946,TEXTILE,1,2,0
BIT13947,Student_13947,TEXTILE,1,2,0
BIT13948,Student_13948,TEXTILE,1,2,0
BIT13949,Student_13949,TEXTILE,1,2,0
BIT13950,Student_13950,TEXTILE,1,2,0
BIT13951,Student_13951,TEXTILE,1,2,0
BIT13952,Student_13952,TEXTILE,1,2,0
BIT13953,Student_13953,TEXTILE,1,2,0
BIT13954,Student_13954,TEXTILE,1,2,0
BIT13955,Student_13955,TEXTILE,1,2,0
BIT13956,Student_13956,TEXTILE,1,2,0
BIT13957,Student_13957,TEXTILE,1,2,0
BIT13958,Student_13958,TEXTILE,1,2,0
BIT13959,Student_13959,TEXTILE,1,2,0
BIT13960,Student_13960,TEXTILE,1,2,0
BIT13961,Student_13961,TEXTILE,1,2,0
BIT13962,Student_13962,TEXTILE,1,2,0
BIT13963,Student_13963,TEXTILE,1,2,0
BIT13964,Student_13964,TEXTILE,1,2,0
BIT13965,Student_13965,TEXTILE,1,2,0
BIT13966,Student_13966,TEXTILE,1,2,0
BIT13967,Student_13967,TEXTILE,1,2,0
BIT13968,Student_13968,TEXTILE,1,2,0
BIT13969,Student_13969,TEXTILE,1,2,0
BIT13970,Student_13970,TEXTILE,1,2,0
BIT13971,Student_13971,TEXTILE,1,2,0
BIT13972,Student_13972,TEXTILE,1,2,0
BIT13973,Student_13973,TEXTILE,1,2,0
BIT13974,Student_13974,TEXTILE,1,2,0
BIT13975,Student_13975,TEXTILE,1,2,0
BIT13976,Student_13976,TEXTILE,1,2,0
BIT13977,Student_13977,TEXTILE,1,2,0
BIT13978,Student_13978,TEXTILE,1,2,0
BIT13979,Student_13979,TEXTILE,1,2,0
BIT13980,Student_13980,TEXTILE,1,2,0
BIT13981,Student_13981,TEXTILE,1,2,0
BIT13982,Student_13982,TEXTILE,1,2,0
BIT13983,Student_13983,TEXTILE,1,2,0
BIT13984,Student_13984,TEXTILE,1,2,0
BIT13985,Student_13985,TEXTILE,1,2,0
BIT13986,Student_13986,TEXTILE,1,2,0
BIT13987,Student_13987,TEXTILE,1,2,0
BIT13988,Student_13988,TEXTILE,1,2,0
BIT13989,Student_13989,TEXTILE,1,2,0
BIT13990,Student_13990,TEXTILE,1,2,0
BIT13991,Student_13991,TEXTILE,1,2,0
BIT13992,Student_13992,TEXTILE,1,2,0
BIT13993,Student_13993,TEXTILE,1,2,0
BIT13994,Student_13994,TEXTILE,2,3,0
BIT13995,Student_13995,TEXTILE,2,3,0
BIT13996,Student_13996,TEXTILE,2,3,0
BIT13997,Student_13997,TEXTILE,2,3,0
BIT13998,Student_13998,TEXTILE,2,3,0
BIT13999,Student_13999,TEXTILE,2,3,0
BIT14000,Student_14000,TEXTILE,2,3,0
BIT14001,Student_14001,TEXTILE,2,3,0
BIT14002,Student_14002,TEXTILE,2,3,0
BIT14003,Student_14003,TEXTILE,2,3,0
BIT14004,Student_14004,TEXTILE,2,3,0
BIT14005,Student_14005,TEXTILE,2,3,0
BIT14006,Student_14006,TEXTILE,2,3,0
BIT14007,Student_14007,TEXTILE,2,3,0
BIT14008,Student_14008,TEXTILE,2,3,0
BIT14009,Student_14009,TEXTILE,2,3,0
BIT14010,Student_14010,TEXTILE,2,3,0
BIT14011,Student_14011,TEXTILE,2,3,0
BIT14012,Student_14012,TEXTILE,2,3,0
BIT14013,Student_14013,TEXTILE,2,3,0
BIT14014,Student_14014,TEXTILE,2,3,0
BIT14015,Student_14015,TEXTILE,2,3,0
BIT14016,Student_14016,TEXTILE,2,3,0
BIT14017,Student_14017,TEXTILE,2,3,0
BIT14018,Student_14018,TEXTILE,2,3,0
BIT14019,Student_14019,TEXTILE,2,3,0
BIT14020,Student_14020,TEXTILE,2,3,0
BIT14021,Student_14021,TEXTILE,2,3,0
BIT14022,Student_14022,TEXTILE,2,3,0
BIT14023,Student_14023,TEXTILE,2,3,0
BIT14024,Student_14024,TEXTILE,2,3,0
BIT14025,Student_14025,TEXTILE,2,3,0
BIT14026,Student_14026,TEXTILE,2,3,0
BIT14027,Student_14027,TEXTILE,2,3,0
BIT14028,Student_14028,TEXTILE,2,3,0
BIT14029,Student_14029,TEXTILE,2,3,0
BIT14030,Student_14030,TEXTILE,2,3,0
BIT14031,Student_14031,TEXTILE,2,3,0
BIT14032,Student_14032,TEXTILE,2,3,0
BIT14033,Student_14033,TEXTILE,2,3,0
BIT14034,Student_14034,TEXTILE,2,3,0
BIT14035,Student_14035,TEXTILE,2,3,0
BIT14036,Student_14036,TEXTILE,2,3,0
BIT14037,Student_14037,TEXTILE,2,3,0
BIT14038,Student_14038,TEXTILE,2,3,0
BIT14039,Student_14039,TEXTILE,2,3,0
BIT14040,Student_14040,TEXTILE,2,3,1
BIT14041,Student_14041,TEXTILE,2,3,0
BIT14042,Student_14042,TEXTILE,2,3,0
BIT14043,Student_14043,TEXTILE,2,3,0
BIT14044,Student_14044,TEXTILE,2,3,0
BIT14045,Student_14045,TEXTILE,2,3,0
BIT14046,Student_14046,TEXTILE,2,3,0
BIT14047,Student_14047,TEXTILE,2,3,0
BIT14048,Student_14048,TEXTILE,2,3,0
BIT14049,Student_14049,TEXTILE,2,3,0
BIT14050,Student_14050,TEXTILE,2,3,0
BIT14051,Student_14051,TEXTILE,2,3,0
BIT14052,Student_14052,TEXTILE,2,3,0
BIT14053,Student_14053,TEXTILE,2,4,0
BIT14054,Student_14054,TEXTILE,2,4,0
BIT14055,Student_14055,TEXTILE,2,4,0
BIT14056,Student_14056,TEXTILE,2,4,0
BIT14057,Student_14057,TEXTILE,2,4,0
BIT14058,Student_14058,TEXTILE,2,4,0
BIT14059,Student_14059,TEXTILE,2,4,0
BIT14060,Student_14060,TEXTILE,2,4,0
BIT14061,Student_14061,TEXTILE,2,4,0
BIT14062,Student_14062,TEXTILE,2,4,0
BIT14063,Student_14063,TEXTILE,2,4,0
BIT14064,Student_14064,TEXTILE,2,4,0
BIT14065,Student_14065,TEXTILE,2,4,0
BIT14066,Student_14066,TEXTILE,2,4,0
BIT14067,Student_14067,TEXTILE,2,4,0
BIT14068,Student_14068,TEXTILE,2,4,0
BIT14069,Student_14069,TEXTILE,2,4,0
BIT14070,Student_14070,TEXTILE,2,4,0
BIT14071,Student_14071,TEXTILE,2,4,0
BIT14072,Student_14072,TEXTILE,2,4,0
BIT14073,Student_14073,TEXTILE,2,4,0
BIT14074,Student_14074,TEXTILE,2,4,0
BIT14075,Student_14075,TEXTILE,2,4,0
BIT14076,Student_14076,TEXTILE,2,4,0
BIT14077,Student_14077,TEXTILE,2,4,0
BIT14078,Student_14078,TEXTILE,2,4,0
BIT14079,Student_14079,TEXTILE,2,4,0
BIT14080,Student_14080,TEXTILE,2,4,0
BIT14081,Student_14081,TEXTILE,2,4,0
BIT14082,Student_14082,TEXTILE,2,4,0
BIT14083,Student_14083,TEXTILE,2,4,0
BIT14084,Student_14084,TEXTILE,2,4,0
BIT14085,Student_14085,TEXTILE,2,4,0
BIT14086,Student_14086,TEXTILE,2,4,0
BIT14087,Student_14087,TEXTILE,2,4,0
BIT14088,Student_14088,TEXTILE,2,4,0
BIT14089,Student_14089,TEXTILE,2,4,1
BIT14090,Student_14090,TEXTILE,2,4,0
BIT14091,Student_14091,TEXTILE,2,4,0
BIT14092,Student_14092,TEXTILE,2,4,0
BIT14093,Student_14093,TEXTILE,2,4,0
BIT14094,Student_14094,TEXTILE,2,4,0
BIT14095,Student_14095,TEXTILE,2,4,0
BIT14096,Student_14096,TEXTILE,2,4,0
BIT14097,Student_14097,TEXTILE,2,4,0
BIT14098,Student_14098,TEXTILE,2,4,0
BIT14099,Student_14099,TEXTILE,2,4,0
BIT14100,Student_14100,TEXTILE,2,4,0
BIT14101,Student_14101,TEXTILE,2,4,0
BIT14102,Student_14102,TEXTILE,2,4,0
BIT14103,Student_14103,TEXTILE,2,4,0
BIT14104,Student_14104,TEXTILE,2,4,0
BIT14105,Student_14105,TEXTILE,2,4,0
BIT14106,Student_14106,TEXTILE,2,4,0
BIT14107,Student_14107,TEXTILE,2,4,0
BIT14108,Student_14108,TEXTILE,2,4,0
BIT14109,Student_14109,TEXTILE,2,4,0
BIT14110,Student_14110,TEXTILE,2,4,0
BIT14111,Student_14111,TEXTILE,2,4,0
BIT14112,Student_14112,TEXTILE,2,4,0
BIT14113,Student_14113,TEXTILE,2,4,0
BIT14114,Student_14114,TEXTILE,2,4,0
BIT14115,Student_14115,TEXTILE,2,4,0
BIT14116,Student_14116,TEXTILE,3,5,0
BIT14117,Student_14117,TEXTILE,3,5,0
BIT14118,Student_14118,TEXTILE,3,5,0
BIT14119,Student_14119,TEXTILE,3,5,0
BIT14120,Student_14120,TEXTILE,3,5,0
BIT14121,Student_14121,TEXTILE,3,5,0
BIT14122,Student_14122,TEXTILE,3,5,0
BIT14123,Student_14123,TEXTILE,3,5,0
BIT14124,Student_14124,TEXTILE,3,5,0
BIT14125,Student_14125,TEXTILE,3,5,0
BIT14126,Student_14126,TEXTILE,3,5,0
BIT14127,Student_14127,TEXTILE,3,5,0
BIT14128,Student_14128,TEXTILE,3,5,0
BIT14129,Student_14129,TEXTILE,3,5,0
BIT14130,Student_14130,TEXTILE,3,5,0
BIT14131,Student_14131,TEXTILE,3,5,0
BIT14132,Student_14132,TEXTILE,3,5,0
BIT14133,Student_14133,TEXTILE,3,5,0
BIT14134,Student_14134,TEXTILE,3,5,0
BIT14135,Student_14135,TEXTILE,3,5,0
BIT14136,Student_14136,TEXTILE,3,5,0
BIT14137,Student_14137,TEXTILE,3,5,0
BIT14138,Student_14138,TEXTILE,3,5,0
BIT14139,Student_14139,TEXTILE,3,5,0
BIT14140,Student_14140,TEXTILE,3,5,0
BIT14141,Student_14141,TEXTILE,3,5,0
BIT14142,Student_14142,TEXTILE,3,5,0
BIT14143,Student_14143,TEXTILE,3,5,0
BIT14144,Student_14144,TEXTILE,3,5,0
BIT14145,Student_14145,TEXTILE,3,5,0
BIT14146,Student_14146,TEXTILE,3,5,0
BIT14147,Student_14147,TEXTILE,3,5,0
BIT14148,Student_14148,TEXTILE,3,5,0
BIT14149,Student_14149,TEXTILE,3,5,0
BIT14150,Student_14150,TEXTILE,3,5,0
BIT14151,Student_14151,TEXTILE,3,5,0
BIT14152,Student_14152,TEXTILE,3,5,0
BIT14153,Student_14153,TEXTILE,3,5,0
BIT14154,Student_14154,TEXTILE,3,5,0
BIT14155,Student_14155,TEXTILE,3,5,0
BIT14156,Student_14156,TEXTILE,3,5,0
BIT14157,Student_14157,TEXTILE,3,5,0
BIT14158,Student_14158,TEXTILE,3,5,0
BIT14159,Student_14159,TEXTILE,3,5,0
BIT14160,Student_14160,TEXTILE,3,5,0
BIT14161,Student_14161,TEXTILE,3,5,0
BIT14162,Student_14162,TEXTILE,3,5,0
BIT14163,Student_14163,TEXTILE,3,5,0
BIT14164,Student_14164,TEXTILE,3,5,0
BIT14165,Student_14165,TEXTILE,3,5,0
BIT14166,Student_14166,TEXTILE,3,5,0
BIT14167,Student_14167,TEXTILE,3,5,0
BIT14168,Student_14168,TEXTILE,3,5,0
BIT14169,Student_14169,TEXTILE,3,5,0
BIT14170,Student_14170,TEXTILE,3,5,0
BIT14171,Student_14171,TEXTILE,3,5,0
BIT14172,Student_14172,TEXTILE,3,5,0
BIT14173,Student_14173,TEXTILE,3,5,0
BIT14174,Student_14174,TEXTILE,3,5,0
BIT14175,Student_14175,TEXTILE,3,5,0
BIT14176,Student_14176,TEXTILE,3,5,0
BIT14177,Student_14177,TEXTILE,3,5,0
BIT14178,Student_14178,TEXTILE,3,5,0
BIT14179,Student_14179,TEXTILE,3,5,0
BIT14180,Student_14180,TEXTILE,3,5,0
BIT14181,Student_14181,TEXTILE,3,5,0
BIT14182,Student_14182,TEXTILE,3,5,0
BIT14183,Student_14183,TEXTILE,3,5,0
BIT14184,Student_14184,TEXTILE,3,5,0
BIT14185,Student_14185,TEXTILE,3,6,0
BIT14186,Student_14186,TEXTILE,3,6,0
BIT14187,Student_14187,TEXTILE,3,6,0
BIT14188,Student_14188,TEXTILE,3,6,0
BIT14189,Student_14189,TEXTILE,3,6,0
BIT14190,Student_14190,TEXTILE,3,6,0
BIT14191,Student_14191,TEXTILE,3,6,0
BIT14192,Student_14192,TEXTILE,3,6,0
BIT14193,Student_14193,TEXTILE,3,6,0
BIT14194,Student_14194,TEXTILE,3,6,0
BIT14195,Student_14195,TEXTILE,3,6,0
BIT14196,Student_14196,TEXTILE,3,6,0
BIT14197,Student_14197,TEXTILE,3,6,0
BIT14198,Student_14198,TEXTILE,3,6,0
BIT14199,Student_14199,TEXTILE,3,6,0
BIT14200,Student_14200,TEXTILE,3,6,0
BIT14201,Student_14201,TEXTILE,3,6,0
BIT14202,Student_14202,TEXTILE,3,6,0
BIT14203,Student_14203,TEXTILE,3,6,0
BIT14204,Student_14204,TEXTILE,3,6,0
BIT14205,Student_14205,TEXTILE,3,6,0
BIT14206,Student_14206,TEXTILE,3,6,0
BIT14207,Student_14207,TEXTILE,3,6,0
BIT14208,Student_14208,TEXTILE,3,6,0
BIT14209,Student_14209,TEXTILE,3,6,0
BIT14210,Student_14210,TEXTILE,3,6,0
BIT14211,Student_14211,TEXTILE,3,6,0
BIT14212,Student_14212,TEXTILE,3,6,0
BIT14213,Student_14213,TEXTILE,3,6,0
BIT14214,Student_14214,TEXTILE,3,6,0
BIT14215,Student_14215,TEXTILE,3,6,0
BIT14216,Student_14216,TEXTILE,3,6,0
BIT14217,Student_14217,TEXTILE,3,6,0
BIT14218,Student_14218,TEXTILE,3,6,0
BIT14219,Student_14219,TEXTILE,3,6,0
BIT14220,Student_14220,TEXTILE,3,6,0
BIT14221,Student_14221,TEXTILE,3,6,0
BIT14222,Student_14222,TEXTILE,3,6,0
BIT14223,Student_14223,TEXTILE,3,6,0
BIT14224,Student_14224,TEXTILE,3,6,0
BIT14225,Student_14225,TEXTILE,3,6,0
BIT14226,Student_14226,TEXTILE,3,6,0
BIT14227,Student_14227,TEXTILE,3,6,0
BIT14228,Student_14228,TEXTILE,3,6,0
BIT14229,Student_14229,TEXTILE,3,6,0
BIT14230,Student_14230,TEXTILE,3,6,0
BIT14231,Student_14231,TEXTILE,3,6,0
BIT14232,Student_14232,TEXTILE,3,6,0
BIT14233,Student_14233,TEXTILE,3,6,0
BIT14234,Student_14234,TEXTILE,3,6,0
BIT14235,Student_14235,TEXTILE,3,6,0
BIT14236,Student_14236,TEXTILE,3,6,0
BIT14237,Student_14237,TEXTILE,3,6,0
BIT14238,Student_14238,TEXTILE,3,6,0
BIT14239,Student_14239,TEXTILE,3,6,0
BIT14240,Student_14240,TEXTILE,3,6,0
BIT14241,Student_14241,TEXTILE,3,6,0
BIT14242,Student_14242,TEXTILE,3,6,0
BIT14243,Student_14243,TEXTILE,3,6,0
BIT14244,Student_14244,TEXTILE,3,6,1
BIT14245,Student_14245,TEXTILE,3,6,0
BIT14246,Student_14246,TEXTILE,3,6,0
BIT14247,Student_14247,TEXTILE,3,6,0
BIT14248,Student_14248,TEXTILE,3,6,0
BIT14249,Student_14249,TEXTILE,3,6,0
BIT14250,Student_14250,TEXTILE,3,6,0
BIT14251,Student_14251,TEXTILE,4,7,0
BIT14252,Student_14252,TEXTILE,4,7,0
BIT14253,Student_14253,TEXTILE,4,7,0
BIT14254,Student_14254,TEXTILE,4,7,0
BIT14255,Student_14255,TEXTILE,4,7,0
BIT14256,Student_14256,TEXTILE,4,7,0
BIT14257,Student_14257,TEXTILE,4,7,0
BIT14258,Student_14258,TEXTILE,4,7,0
BIT14259,Student_14259,TEXTILE,4,7,1
BIT14260,Student_14260,TEXTILE,4,7,0
BIT14261,Student_14261,TEXTILE,4,7,0
BIT14262,Student_14262,TEXTILE,4,7,0
BIT14263,Student_14263,TEXTILE,4,7,0
BIT14264,Student_14264,TEXTILE,4,7,0
BIT14265,Student_14265,TEXTILE,4,7,0
BIT14266,Student_14266,TEXTILE,4,7,0
BIT14267,Student_14267,TEXTILE,4,7,0
BIT14268,Student_14268,TEXTILE,4,7,0
BIT14269,Student_14269,TEXTILE,4,7,0
BIT14270,Student_14270,TEXTILE,4,7,0
BIT14271,Student_14271,TEXTILE,4,7,0
BIT14272,Student_14272,TEXTILE,4,7,0
BIT14273,Student_14273,TEXTILE,4,7,0
BIT14274,Student_14274,TEXTILE,4,7,0
BIT14275,Student_14275,TEXTILE,4,7,0
BIT14276,Student_14276,TEXTILE,4,7,0
BIT14277,Student_14277,TEXTILE,4,7,0
BIT14278,Student_14278,TEXTILE,4,7,0
BIT14279,Student_14279,TEXTILE,4,7,0
BIT14280,Student_14280,TEXTILE,4,7,0
BIT14281,Student_14281,TEXTILE,4,7,0
BIT14282,Student_14282,TEXTILE,4,7,0
BIT14283,Student_14283,TEXTILE,4,7,0
BIT14284,Student_14284,TEXTILE,4,7,0
BIT14285,Student_14285,TEXTILE,4,7,0
BIT14286,Student_14286,TEXTILE,4,7,0
BIT14287,Student_14287,TEXTILE,4,7,0
BIT14288,Student_14288,TEXTILE,4,7,0
BIT14289,Student_14289,TEXTILE,4,7,0
BIT14290,Student_14290,TEXTILE,4,7,0
BIT14291,Student_14291,TEXTILE,4,7,0
BIT14292,Student_14292,TEXTILE,4,7,0
BIT14293,Student_14293,TEXTILE,4,7,0
BIT14294,Student_14294,TEXTILE,4,7,0
BIT14295,Student_14295,TEXTILE,4,7,0
BIT14296,Student_14296,TEXTILE,4,7,0
BIT14297,Student_14297,TEXTILE,4,7,0
BIT14298,Student_14298,TEXTILE,4,7,0
BIT14299,Student_14299,TEXTILE,4,7,0
BIT14300,Student_14300,TEXTILE,4,7,0
BIT14301,Student_14301,TEXTILE,4,7,0
BIT14302,Student_14302,TEXTILE,4,7,0
BIT14303,Student_14303,TEXTILE,4,7,0
BIT14304,Student_14304,TEXTILE,4,7,0
BIT14305,Student_14305,TEXTILE,4,7,0
BIT14306,Student_14306,TEXTILE,4,7,0
BIT14307,Student_14307,TEXTILE,4,7,0
BIT14308,Student_14308,TEXTILE,4,7,0
BIT14309,Student_14309,TEXTILE,4,7,0
BIT14310,Student_14310,TEXTILE,4,7,0
BIT14311,Student_14311,TEXTILE,4,7,0
BIT14312,Student_14312,TEXTILE,4,7,0
BIT14313,Student_14313,TEXTILE,4,7,0
BIT14314,Student_14314,TEXTILE,4,8,0
BIT14315,Student_14315,TEXTILE,4,8,0
BIT14316,Student_14316,TEXTILE,4,8,0
BIT14317,Student_14317,TEXTILE,4,8,0
BIT14318,Student_14318,TEXTILE,4,8,0
BIT14319,Student_14319,TEXTILE,4,8,0
BIT14320,Student_14320,TEXTILE,4,8,0
BIT14321,Student_14321,TEXTILE,4,8,0
BIT14322,Student_14322,TEXTILE,4,8,0
BIT14323,Student_14323,TEXTILE,4,8,0
BIT14324,Student_14324,TEXTILE,4,8,0
BIT14325,Student_14325,TEXTILE,4,8,0
BIT14326,Student_14326,TEXTILE,4,8,0
BIT14327,Student_14327,TEXTILE,4,8,0
BIT14328,Student_14328,TEXTILE,4,8,0
BIT14329,Student_14329,TEXTILE,4,8,0
BIT14330,Student_14330,TEXTILE,4,8,0
BIT14331,Student_14331,TEXTILE,4,8,0
BIT14332,Student_14332,TEXTILE,4,8,0
BIT14333,Student_14333,TEXTILE,4,8,0
BIT14334,Student_14334,TEXTILE,4,8,0
BIT14335,Student_14335,TEXTILE,4,8,0
BIT14336,Student_14336,TEXTILE,4,8,0
BIT14337,Student_14337,TEXTILE,4,8,0
BIT14338,Student_14338,TEXTILE,4,8,0
BIT14339,Student_14339,TEXTILE,4,8,0
BIT14340,Student_14340,TEXTILE,4,8,0
BIT14341,Student_14341,TEXTILE,4,8,0
BIT14342,Student_14342,TEXTILE,4,8,0
BIT14343,Student_14343,TEXTILE,4,8,0
BIT14344,Student_14344,TEXTILE,4,8,0
BIT14345,Student_14345,TEXTILE,4,8,0
BIT14346,Student_14346,TEXTILE,4,8,1
BIT14347,Student_14347,TEXTILE,4,8,0
BIT14348,Student_14348,TEXTILE,4,8,0
BIT14349,Student_14349,TEXTILE,4,8,0
BIT14350,Student_14350,TEXTILE,4,8,0
BIT14351,Student_14351,TEXTILE,4,8,0
BIT14352,Student_14352,TEXTILE,4,8,0
BIT14353,Student_14353,TEXTILE,4,8,0
BIT14354,Student_14354,TEXTILE,4,8,0
BIT14355,Student_14355,TEXTILE,4,8,0
BIT14356,Student_14356,TEXTILE,4,8,0
BIT14357,Student_14357,TEXTILE,4,8,0
BIT14358,Student_14358,TEXTILE,4,8,0
BIT14359,Student_14359,TEXTILE,4,8,0
BIT14360,Student_14360,TEXTILE,4,8,0
BIT14361,Student_14361,TEXTILE,4,8,0
BIT14362,Student_14362,TEXTILE,4,8,0
BIT14363,Student_14363,TEXTILE,4,8,0
BIT14364,Student_14364,TEXTILE,4,8,0
BIT14365,Student_14365,TEXTILE,4,8,0
BIT14366,Student_14366,TEXTILE,4,8,0
BIT14367,Student_14367,TEXTILE,4,8,0
BIT14368,Student_14368,TEXTILE,4,8,0
BIT14369,Student_14369,TEXTILE,4,8,0
BIT14370,Student_14370,TEXTILE,4,8,1
BIT14371,Student_14371,TEXTILE,4,8,0
BIT14372,Student_14372,TEXTILE,4,8,0
BIT14373,Student_14373,TEXTILE,4,8,0
BIT14374,Student_14374,TEXTILE,4,8,0
BIT14375,Student_14375,TEXTILE,4,8,0
BIT14376,Student_14376,TEXTILE,4,8,0
BIT14377,Student_14377,TEXTILE,4,8,0
BIT14378,Student_14378,TEXTILE,4,8,0
BIT14379,Student_14379,TEXTILE,4,8,0
BIT14380,Student_14380,TEXTILE,4,8,0
BIT14381,Student_14381,TEXTILE,4,8,0
BIT14382,Student_14382,TEXTILE,4,8,0
BIT14383,Student_14383,TEXTILE,4,8,0
BIT14384,Student_14384,TEXTILE,4,8,0
BIT14385,Student_14385,TEXTILE,4,8,0
BIT14386,Student_14386,TEXTILE,4,8,0
BIT14387,Student_14387,TEXTILE,4,8,0
